Nama Pantai,Provinsi,Rating Angka,Link Google Maps,Latitude,Longitude,Predikat,Jumlah Ulasan,Ulasan 1,Ulasan 2,Ulasan 3,Ulasan 4,Ulasan 5,Kategori Pantai,Kategori 1,Kategori 2,Kategori 3,Kategori 4,Kategori 5
Pantai Sawadi Kuma,Papua Tengah,5.0,https://www.google.com/maps/place/Pantai+Sawadi+Kuma/data=!4m7!3m6!1s0x681fab006b7c5db7:0x95d079167872565f!8m2!3d-3.1985533!4d135.5945126!16s%2Fg%2F11yyc4cmhf!19sChIJt118awCrH2gRX1ZyeBZ50JU?authuser=0&hl=en&rclk=1,-3.1985533,135.5945126,bagus,0.0,mustakdir mustakdir 18 photos,,,,,,,,,,
Pantai Wisata Marthen Waray,Papua Tengah,5.0,https://www.google.com/maps/place/Pantai+Wisata+Marthen+Waray/data=!4m7!3m6!1s0x681fa9aca12b828b:0x1ddf44753c97718c!8m2!3d-3.2473512!4d135.5644125!16s%2Fg%2F11ngnpy9ck!19sChIJi4IroaypH2gRjHGXPHVE3x0?authuser=0&hl=en&rclk=1,-3.2473512,135.5644125,bagus,3.0,SIBELA MOUNTAIN SILVA 2 reviews,Kimitius Nepurs 7 photos,,,,,,,,,
Pantai okomo,Papua Tengah,5.0,https://www.google.com/maps/place/Pantai+okomo/data=!4m7!3m6!1s0x68222900343b24c1:0xc12f52dbd356733d!8m2!3d-4.0322229!4d136.2617695!16s%2Fg%2F11y9s2hcg9!19sChIJwSQ7NAApImgRPXNW09tSL8E?authuser=0&hl=en&rclk=1,-4.0322229,136.2617695,bagus,2.0,Pekei Black 1 review · 3 photos,Simon Pekei 11 photos,,,,,,,,,
Pantai Aurora Sangari,Papua Tengah,5.0,https://www.google.com/maps/place/Pantai+Aurora+Sangari/data=!4m7!3m6!1s0x681fa9ffe2aafdbd:0xdc05d344a5a56312!8m2!3d-3.2477061!4d135.5637621!16s%2Fg%2F11kq4jb8rm!19sChIJvf2q4v-pH2gREmOlpUTTBdw?authuser=0&hl=en&rclk=1,-3.2477061,135.5637621,bagus,3.0,Anonymous 007 1 review · 11 photos,Morin Elga 1 review · 7 photos,Sarahshela Sangari 3 photos,,,,,,,,
Pantai Riki,Papua Tengah,5.0,https://www.google.com/maps/place/Pantai+Riki/data=!4m7!3m6!1s0x681fa9a4c62416e5:0xaebca8cbfafae86c!8m2!3d-3.2403545!4d135.5697337!16s%2Fg%2F11v3pgcrpl!19sChIJ5RYkxqSpH2gRbOj6-suovK4?authuser=0&hl=en&rclk=1,-3.2403545,135.5697337,bagus,9.0,white sand 3,cool beach 2,clear water 2,sand 4,Selfi Menanti 2 reviews · 14 photos,,,,,,
Pantai Malaworsai,Papua Barat Daya,5.0,https://www.google.com/maps/place/Pantai+Malaworsai/data=!4m7!3m6!1s0x2d590b00774adc4b:0xa2d543646b99a3a7!8m2!3d-0.6437203!4d131.9175394!16s%2Fg%2F11m6v2pf3c!19sChIJS9xKdwALWS0Rp6OZa2RD1aI?authuser=0&hl=en&rclk=1,-0.6437203,131.9175394,bagus,2.0,Mohammad Syaban 2 reviews · 27 photos,,,,,,,,,,
Pantai SOA ( Hiu Paus,Papua Tengah,5.0,https://www.google.com/maps/place/Pantai+SOA+%28+Hiu+Paus/data=!4m7!3m6!1s0x681fdf007ca711c1:0xdead90dd4366f39d!8m2!3d-3.3399267!4d135.017021!16s%2Fg%2F11y5vhlvym!19sChIJwRGnfADfH2gRnfNmQ92Qrd4?authuser=0&hl=en&rclk=1,-3.3399267,135.017021,bagus,2.0,,,,,,,,,,,
Pantai Timuka,Papua Tengah,5.0,https://www.google.com/maps/place/Pantai+Timuka/data=!4m7!3m6!1s0x68247314ba5753db:0x2d23f3ead2eebb!8m2!3d-4.78465!4d136.5380231!16s%2Fg%2F11spdd78px!19sChIJ21NXuhRzJGgRu-7S6vMjLQA?authuser=0&hl=en&rclk=1,-4.78465,136.5380231,bagus,0.0,,,,,,,,,,,
Pantai Dallson,Papua Tengah,5.0,https://www.google.com/maps/place/Pantai+Dallson/data=!4m7!3m6!1s0x681fa90021ac67dd:0xed9e420b2ac5245a!8m2!3d-3.2085654!4d135.5905614!16s%2Fg%2F11vxcrxfjl!19sChIJ3WesIQCpH2gRWiTFKgtCnu0?authuser=0&hl=en&rclk=1,-3.2085654,135.5905614,bagus,0.0,onaratus mote 2 photos,,,,,,,,,,
PANTAI SEMBOR,Papua Tengah,5.0,https://www.google.com/maps/place/PANTAI+SEMBOR/data=!4m7!3m6!1s0x681fa3006ce01655:0x450f3dca0f1c7530!8m2!3d-3.3686582!4d135.4810384!16s%2Fg%2F11w8qg1nrp!19sChIJVRbgbACjH2gRMHUcD8o9D0U?authuser=0&hl=en&rclk=1,-3.3686582,135.4810384,bagus,2.0,,,,,,,,,,,
Pantai Kampung Mibi Makbon,Papua Barat Daya,5.0,https://www.google.com/maps/place/Pantai+Kampung+Mibi+Makbon/data=!4m7!3m6!1s0x2d594300591d3173:0xe4f32b059c7f0a7c!8m2!3d-0.7660711!4d131.558008!16s%2Fg%2F11s36wbxlk!19sChIJczEdWQBDWS0RfAp_nAUr8-Q?authuser=0&hl=en&rclk=1,-0.7660711,131.558008,bagus,6.0,,,,,,,,,,,
PANTAI OMBAK DELLA,Papua Barat Daya,5.0,https://www.google.com/maps/place/PANTAI+OMBAK+DELLA/data=!4m7!3m6!1s0x2d59730060044b7f:0x8594fa4416bdf8fa!8m2!3d-0.7154164!4d131.8153663!16s%2Fg%2F11vr2rk016!19sChIJf0sEYABzWS0R-vi9FkT6lIU?authuser=0&hl=en&rclk=1,-0.7154164,131.8153663,bagus,46.0,,,,,,,,,,,
Pantai Alfa,Papua Tengah,5.0,https://www.google.com/maps/place/Pantai+Alfa/data=!4m7!3m6!1s0x681efd000e5ff569:0x9f335cabecc3918b!8m2!3d-3.148085!4d135.7031937!16s%2Fg%2F11y6rxdj3j!19sChIJafVfDgD9HmgRi5HD7KtcM58?authuser=0&hl=en&rclk=1,-3.148085,135.7031937,bagus,2.0,Max Puma 2 reviews · 16 photos,,,,,,,,,,
Pantai pasir putih,Sulawesi Tenggara,5.0,https://www.google.com/maps/place/Pantai+pasir+putih/data=!4m7!3m6!1s0x2da3890045963051:0xde791ba9ff8347c8!8m2!3d-5.3856457!4d122.5429309!16s%2Fg%2F11myjwrw0f!19sChIJUTCWRQCJoy0RyEeD_6kbed4?authuser=0&hl=en&rclk=1,-5.3856457,122.5429309,bagus,0.0,Mana Ramah 1 review,,,,,,,,,,
Pantai Emban,Papua Barat Daya,5.0,https://www.google.com/maps/place/Pantai+Emban/data=!4m7!3m6!1s0x2d58b5006c0c5319:0xe1265f962ca8e29d!8m2!3d-0.2121417!4d131.3055767!16s%2Fg%2F11y5zs188v!19sChIJGVMMbAC1WC0RneKoLJZfJuE?authuser=0&hl=en&rclk=1,-0.2121417,131.3055767,bagus,2.0,susan sulianto 8 reviews,Yudris Enjel 1 review,,,,,,,,,
Pantai Cinta,Papua Barat Daya,5.0,https://www.google.com/maps/place/Pantai+Cinta/data=!4m7!3m6!1s0x2d5eadd4b3ff76d7:0x5622903d3455df62!8m2!3d-0.819431!4d131.229103!16s%2Fg%2F11k0qwd9pg!19sChIJ13b_s9StXi0RYt9VND2QIlY?authuser=0&hl=en&rclk=1,-0.819431,131.229103,bagus,3.0,Rina Nai 4 reviews · 9 photos,,,,,,,,,,
PESISIR PANTAI MALAUMKARTA,Papua Barat Daya,5.0,https://www.google.com/maps/place/PESISIR+PANTAI+MALAUMKARTA/data=!4m7!3m6!1s0x2d59697cb6b47419:0x8abb8738ee2c459e!8m2!3d-0.7540548!4d131.6018799!16s%2Fg%2F11y1mtvz49!19sChIJGXS0tnxpWS0RnkUs7jiHu4o?authuser=0&hl=en&rclk=1,-0.7540548,131.6018799,bagus,152.0,,,,,,,,,,,
Pantai ujung sapokren,Papua Barat Daya,5.0,https://www.google.com/maps/place/Pantai+ujung+sapokren/data=!4m7!3m6!1s0x2d5f03002b90aa1b:0x9eb601557829058!8m2!3d-0.4382392!4d130.7265903!16s%2Fg%2F11wvw9n858!19sChIJG6qQKwADXy0RWJCCVxVg6wk?authuser=0&hl=en&rclk=1,-0.4382392,130.7265903,bagus,6.0,Nicole De Windt 5 reviews,Nadus Padwa 1 review · 5 photos,Vladimir Shmidt 2 reviews · 4 photos,,,,,,,,
Pantai Warmandi,Papua Barat Daya,5.0,https://www.google.com/maps/place/Pantai+Warmandi/data=!4m7!3m6!1s0x2d5784385dc355ad:0xf3c4fd6768195be2!8m2!3d-0.3673776!4d132.6476038!16s%2Fg%2F11c2pwjd94!19sChIJrVXDXTiEVy0R4lsZaGf9xPM?authuser=0&hl=en&rclk=1,-0.3673776,132.6476038,bagus,3.0,,,,,,,,,,,
Pantai Do Insarwai,Papua Barat Daya,5.0,https://www.google.com/maps/place/Pantai+Do+Insarwai/data=!4m7!3m6!1s0x2d5eadedb98f35eb:0xb0d76af0baf607b1!8m2!3d-0.8183631!4d131.2384654!16s%2Fg%2F11l5xhljq9!19sChIJ6zWPue2tXi0RsQf2uvBq17A?authuser=0&hl=en&rclk=1,-0.8183631,131.2384654,bagus,2.0,Robert Arnold Sitorus 1 review · 1 photo,Kasman Nak Tungke 4 reviews · 3 photos,,,,,,,,,
Pantai Pota,Nusa Tenggara Timur,5.0,https://www.google.com/maps/place/Pantai+Pota/data=!4m7!3m6!1s0x2db3b1000823763b:0x46c3afc904a3fa0a!8m2!3d-8.343827!4d120.756236!16s%2Fg%2F11mlgws_pz!19sChIJO3YjCACxsy0RCvqjBMmvw0Y?authuser=0&hl=en&rclk=1,-8.343827,120.756236,bagus,0.0,,,,,,,,,,,
Pantai Indah Pertamina,Sumatera Selatan,5.0,https://www.google.com/maps/place/Pantai+Indah+Pertamina/data=!4m7!3m6!1s0x2e3b77000b82388b:0x829a1c94fe636a3c!8m2!3d-2.9912174!4d104.8225351!16s%2Fg%2F11nc0l0q0_!19sChIJiziCCwB3Oy4RPGpj_pQcmoI?authuser=0&hl=en&rclk=1,-2.9912174,104.8225351,bagus,1.0,,,,,,,,,,,
Pantai gigi macan,Sumatera Selatan,5.0,https://www.google.com/maps/place/Pantai+gigi+macan/data=!4m7!3m6!1s0x2e3ca7d1a64e85b5:0xf257e62346db1e3d!8m2!3d-2.5294435!4d105.0583023!16s%2Fg%2F11vb1ft3k0!19sChIJtYVOptGnPC4RPR7bRiPmV_I?authuser=0&hl=en&rclk=1,-2.5294435,105.0583023,bagus,5.0,,,,,,,,,,,
Wisata sungai jadi pantai,Sumatera Selatan,5.0,https://www.google.com/maps/place/Wisata+sungai+jadi+pantai/data=!4m7!3m6!1s0x2e39133f3c71d01d:0xeaa9a2b79c5ba1f4!8m2!3d-3.9492759!4d104.5538744!16s%2Fg%2F11y1nmwktk!19sChIJHdBxPD8TOS4R9KFbnLeiqeo?authuser=0&hl=en&rclk=1,-3.9492759,104.5538744,bagus,1096.0,suspension bridge,waves,sea view,photo spots,sunset,,,,,,
Pantai bemoleh,Sumatera Selatan,5.0,https://www.google.com/maps/place/Pantai+bemoleh/data=!4m7!3m6!1s0x2e3a33003bbba719:0x298cf497bace3c0a!8m2!3d-3.4213707!4d104.2436833!16s%2Fg%2F11w327c0yd!19sChIJGae7OwAzOi4RCjzOupf0jCk?authuser=0&hl=en&rclk=1,-3.4213707,104.2436833,bagus,1.0,,,,,,,,,,,
pantai cendrawasih 2,Sulawesi Barat,5.0,https://www.google.com/maps/place/pantai+cendrawasih+2/data=!4m7!3m6!1s0x2d948f00559c50b7:0xdb2c6af024d1a646!8m2!3d-3.4280011!4d119.3177629!16s%2Fg%2F11nb2xk6jp!19sChIJt1CcVQCPlC0RRqbRJPBqLNs?authuser=0&hl=en&rclk=1,-3.4280011,119.3177629,bagus,3.0,pantai cendrawasih,Bridov B  review ·  photos,Muhammad syawal al furqan Al  photos,,,,,,,,
PANTAI DESA PANDAN PALI,Sumatera Selatan,5.0,https://www.google.com/maps/place/PANTAI+DESA+PANDAN+PALI/data=!4m7!3m6!1s0x2e3a4b006204102b:0x92a8d0bf411beeb3!8m2!3d-3.3046778!4d104.2151861!16s%2Fg%2F11ntdz_ltj!19sChIJKxAEYgBLOi4Rs-4bQb_QqJI?authuser=0&hl=en&rclk=1,-3.3046778,104.2151861,bagus,3.0,,,,,,,,,,,
pantai jodoh,Sumatera Selatan,5.0,https://www.google.com/maps/place/pantai+jodoh/data=!4m7!3m6!1s0x2e3a4d54bb8b6907:0x259ea96923f7973c!8m2!3d-3.1685811!4d104.2680947!16s%2Fg%2F11q8k04tj7!19sChIJB2mLu1RNOi4RPJf3I2mpniU?authuser=0&hl=en&rclk=1,-3.1685811,104.2680947,bagus,547.0,trees,seats,train,ATV,pine trees,,,,,,
Pantai Kire,Sulawesi Barat,5.0,https://www.google.com/maps/place/Pantai+Kire/data=!4m7!3m6!1s0x2d8d6353b3a59f27:0x1e0be835449ef997!8m2!3d-2.1299996!4d119.1914332!16s%2Fg%2F11sb8phvhj!19sChIJJ5-ls1NjjS0Rl_meRDXoCx4?authuser=0&hl=en&rclk=1,-2.1299996,119.1914332,bagus,5.0,Asrul Latief  reviews ·  photos,Shla Sela  review,Usman Yusuf  review ·  photo,Andi A Syuhada  review ·  photos,,,,,,,
Pantai Tawaro,Sulawesi Barat,5.0,https://www.google.com/maps/place/Pantai+Tawaro/data=!4m7!3m6!1s0x2d92931e589ec0bd:0xb26579c8b7e9a50d!8m2!3d-2.3845145!4d119.1410567!16s%2Fg%2F11sszb2s__!19sChIJvcCeWB6Tki0RDaXpt8h5ZbI?authuser=0&hl=en&rclk=1,-2.3845145,119.1410567,bagus,3.0,,,,,,,,,,,
Pantai labuan,Sulawesi Barat,5.0,https://www.google.com/maps/place/Pantai+labuan/data=!4m7!3m6!1s0x2d932da90c5ae071:0x7eee3a053c4d6d15!8m2!3d-2.7963202!4d118.7624659!16s%2Fg%2F11vhwyqzs_!19sChIJceBaDKktky0RFW1NPAU67n4?authuser=0&hl=en&rclk=1,-2.7963202,118.7624659,bagus,4.0,Fahri Yul  reviews ·  photos,Abd Rajab  review ·  photos,Roy   photos,Youngki Tappi  photos,,,,,,,
"Pantai Tebing Karang, Labuang",Sulawesi Barat,5.0,"https://www.google.com/maps/place/Pantai+Tebing+Karang,+Labuang/data=!4m7!3m6!1s0x2d9495fdceb12cf5:0x72da24b300cfb109!8m2!3d-3.5151963!4d119.1054289!16s%2Fg%2F11s1pz1dbq!19sChIJ9Syxzv2VlC0RCbHPALMk2nI?authuser=0&hl=en&rclk=1",-3.5151963,119.1054289,bagus,49.0,,,,,,,,,,,
Pantai Serida,Sumatera Selatan,5.0,https://www.google.com/maps/place/Pantai+Serida/data=!4m7!3m6!1s0x2e3bed782f183f67:0x5199aca0b4d67482!8m2!3d-3.3669362!4d104.7756699!16s%2Fg%2F11qp9cp362!19sChIJZz8YL3jtOy4RgnTWtKCsmVE?authuser=0&hl=en&rclk=1,-3.3669362,104.7756699,bagus,3.0,,,,,,,,,,,
Pantai tawaro ujung,Sulawesi Barat,5.0,https://www.google.com/maps/place/Pantai+tawaro+ujung/data=!4m7!3m6!1s0x2d929561dccc9069:0xbbc92f1b6673e4a7!8m2!3d-2.3610102!4d119.1357744!16s%2Fg%2F11kqsrlpbv!19sChIJaZDM3GGVki0Rp-RzZhsvybs?authuser=0&hl=en&rclk=1,-2.3610102,119.1357744,bagus,3.0,made tommo  photos,,,,,,,,,,
Pantai Lematang Kuripan,Sumatera Selatan,5.0,https://www.google.com/maps/place/Pantai+Lematang+Kuripan/data=!4m7!3m6!1s0x2e3a3b8b3b79b3b3:0xa2508d99128eab29!8m2!3d-3.4073561!4d104.0645331!16s%2Fg%2F11v4lw_vfq!19sChIJs7N5O4s7Oi4RKauOEpmNUKI?authuser=0&hl=en&rclk=1,-3.4073561,104.0645331,bagus,2.0,,,,,,,,,,,
PANTAI JERMAN Objek Wisata Musiman,Sumatera Selatan,5.0,https://www.google.com/maps/place/PANTAI+JERMAN+Objek+Wisata+Musiman/data=!4m7!3m6!1s0x2e39730003f22671:0xef05500c6907b25b!8m2!3d-3.8843306!4d104.3814056!16s%2Fg%2F11nr3d38ty!19sChIJcSbyAwBzOS4RW7IHaQxQBe8?authuser=0&hl=en&rclk=1,-3.8843306,104.3814056,bagus,1577.0,kuta beach,beach cleanliness,sunset,quiet beach,airplane view,,,,,,
Irma Emas Beach,Papua Barat Daya,5.0,https://www.google.com/maps/place/Irma+Emas+Beach/data=!4m7!3m6!1s0x2d5ead037dc3cd4b:0xd25737d18a9ecced!8m2!3d-0.8171532!4d131.233564!16s%2Fg%2F11kjjwst81!19sChIJS83DfQOtXi0R7cyeitE3V9I?authuser=0&hl=en&rclk=1,-0.8171532,131.233564,bagus,2.0,IgnasZZ 1 review,yusuf roland 1 review · 2 photos,,,,,,,,,
Pantai ayik bayau,Sumatera Selatan,5.0,https://www.google.com/maps/place/Pantai+ayik+bayau/data=!4m7!3m6!1s0x2e373d82cd319cbd:0xe23c5c1aa49eb952!8m2!3d-3.9008212!4d103.0633805!16s%2Fg%2F11txn_p0bs!19sChIJvZwxzYI9Ny4RUrmepBpcPOI?authuser=0&hl=en&rclk=1,-3.9008212,103.0633805,bagus,2.0,,,,,,,,,,,
Pantai panjang sukarami,Sumatera Selatan,5.0,https://www.google.com/maps/place/Pantai+panjang+sukarami/data=!4m7!3m6!1s0x2e3a4d007aa92f0b:0x710b5427ddf980d0!8m2!3d-3.2031197!4d104.2630511!16s%2Fg%2F11w1jdg2n9!19sChIJCy-pegBNOi4R0ID53SdUC3E?authuser=0&hl=en&rclk=1,-3.2031197,104.2630511,bagus,1.0,,,,,,,,,,,
Pantai Desa Dangku,Sumatera Selatan,5.0,https://www.google.com/maps/place/Pantai+Desa+Dangku/data=!4m7!3m6!1s0x2e3a39962158b169:0x32002b396ebbf91b!8m2!3d-3.3804977!4d104.0929233!16s%2Fg%2F11tx7_x6ym!19sChIJabFYIZY5Oi4RG_m7bjkrADI?authuser=0&hl=en&rclk=1,-3.3804977,104.0929233,bagus,1.0,,,,,,,,,,,
Pantai Rantung,Nusa Tenggara Barat,5.0,https://www.google.com/maps/place/Pantai+Rantung/data=!4m7!3m6!1s0x2dccf39ac505cb5f:0xf79da06f84068fe6!8m2!3d-8.9791091!4d116.7368575!16s%2Fg%2F11t4b4nsb_!19sChIJX8sFxZrzzC0R5o8GhG-gnfc?authuser=0&hl=en&rclk=1,-8.9791091,116.7368575,bagus,8.0,beach 3,Frederic Schneider 2 photos,,,,,,,,,
Pantai Milango Gentuma Raya,Gorontalo,5.0,https://www.google.com/maps/place/Pantai+Milango+Gentuma+Raya/data=!4m7!3m6!1s0x32795395766b13e5:0x3f9a156f9a4468ba!8m2!3d0.9323956!4d123.0264255!16s%2Fg%2F11qsp0q_m6!19sChIJ5RNrdpVTeTIRumhEmm8Vmj8?authuser=0&hl=en&rclk=1,0.9323956,123.0264255,bagus,4.0,nusaibah yahya  reviews ·  photos,Karanji Gentuma  reviews ·  photos,,,,,,,,,
Pantai Pulo Buru Air Buaya Maluku Indonesia,Pulau Buru,5.0,https://www.google.com/maps/place/Pantai+Pulo+Buru+Air+Buaya+Maluku+Indonesia/data=!4m7!3m6!1s0x2d73db051aa8dccf:0x2a44b3013c024bc8!8m2!3d-3.0797561!4d126.4236551!16s%2Fg%2F11h6s0hmyx!19sChIJz9yoGgXbcy0RyEsCPAGzRCo?authuser=0&hl=en&rclk=1,-3.0797561,126.4236551,bagus,2.0,SOETHAR 486 Local Guide · 11 reviews · 173 photos,,,,,,,,,,
Pantai Pisa,Pulau Buru,5.0,https://www.google.com/maps/place/Pantai+Pisa/data=!4m7!3m6!1s0x2d726b79d868a2b1:0xd754da450621379d!8m2!3d-3.2813738!4d127.0366317!16s%2Fg%2F11vbfcll9s!19sChIJsaJo2Hlrci0RnTchBkXaVNc?authuser=0&hl=en&rclk=1,-3.2813738,127.0366317,bagus,3.0,Irul rumbia 4 reviews · 8 photos,,,,,,,,,,
Pantai Siring Pagar Haur,Kalimantan Selatan,5.0,https://www.google.com/maps/place/Pantai+Siring+Pagar+Haur/data=!4m7!3m6!1s0x2de59f644ac21579:0x592bec0586339337!8m2!3d-2.8573309!4d115.2865651!16s%2Fg%2F11sy_379bz!19sChIJeRXCSmSf5S0RN5MzhgXsK1k?authuser=0&hl=en&rclk=1,-2.8573309,115.2865651,bagus,4.0,,,,,,,,,,,
Pantai Ako,Pulau Buru,5.0,https://www.google.com/maps/place/Pantai+Ako/data=!4m7!3m6!1s0x2d72142400000001:0x2376bac92c3d5210!8m2!3d-3.1902253!4d127.0131926!16s%2Fg%2F11f1lbv8_g!19sChIJAQAAACQUci0REFI9LMm6diM?authuser=0&hl=en&rclk=1,-3.1902253,127.0131926,bagus,2.0,Jun Waetele 1 review,,,,,,,,,,
Pantai Waeperang,Pulau Buru,5.0,https://www.google.com/maps/place/Pantai+Waeperang/data=!4m7!3m6!1s0x2d723d000b4b5e41:0xcfb685910f7275f7!8m2!3d-3.1434484!4d126.9379459!16s%2Fg%2F11w7b_xbb9!19sChIJQV5LCwA9ci0R93VyD5GFts8?authuser=0&hl=en&rclk=1,-3.1434484,126.9379459,bagus,5.0,Lia Afianty TLA Channel 6 reviews · 3 photos,Marsela Latubessy 2 reviews,banp maluku 1 photo,Ridwan Tukuboya 1 photo,,,,,,,
Wisata pantai polo pantai,Sulawesi Barat,5.0,https://www.google.com/maps/place/Wisata+pantai+polo+pantai/data=!4m7!3m6!1s0x2d929b00720acd79:0xdc78c753141732f5!8m2!3d-2.2296875!4d119.1519375!16s%2Fg%2F11yn_zfrc9!19sChIJec0KcgCbki0R9TIXFFPHeNw?authuser=0&hl=en&rclk=1,-2.2296875,119.1519375,bagus,3.0,Gusti Putu raka  photos,,,,,,,,,,
Pantai Sungai Rengas,Kalimantan Tengah,5.0,https://www.google.com/maps/place/Pantai+Sungai+Rengas/data=!4m7!3m6!1s0x2e0921af2d7a79cf:0xc46f3d04005cbfff!8m2!3d-2.9355731!4d111.4712109!16s%2Fg%2F11rcbnm4b6!19sChIJz3l6La8hCS4R_79cAAQ9b8Q?authuser=0&hl=en&rclk=1,-2.9355731,111.4712109,bagus,10.0,camping,vacation spot,we R channel  review ·  photos,Ariyanto  photo,"Syarief  Local Guide ·  reviews · , photos",,,,,,
Pantai Bungsu,Kalimantan Tengah,5.0,https://www.google.com/maps/place/Pantai+Bungsu/data=!4m7!3m6!1s0x2e091f005121b8e7:0xcea73e3a9ea61351!8m2!3d-2.9443956!4d111.4891727!16s%2Fg%2F11nk7yj_p8!19sChIJ57ghUQAfCS4RUROmnjo-p84?authuser=0&hl=en&rclk=1,-2.9443956,111.4891727,bagus,1.0,,,,,,,,,,,
Pantai Salundik,Kalimantan Tengah,5.0,https://www.google.com/maps/place/Pantai+Salundik/data=!4m7!3m6!1s0x2de2152a1205187f:0xf603696860aab481!8m2!3d-3.1990307!4d112.964747!16s%2Fg%2F11vjfs0mnk!19sChIJfxgFEioV4i0RgbSqYGhpA_Y?authuser=0&hl=en&rclk=1,-3.1990307,112.964747,bagus,4.0,Yan Ti  review,,,,,,,,,,
Pantai Pawang Beguruh,Kalimantan Tengah,5.0,https://www.google.com/maps/place/Pantai+Pawang+Beguruh/data=!4m7!3m6!1s0x2e091f001b2590f5:0xca97bc9d7819abce!8m2!3d-2.9422363!4d111.4856238!16s%2Fg%2F11mygygkhj!19sChIJ9ZAlGwAfCS4RzqsZeJ28l8o?authuser=0&hl=en&rclk=1,-2.9422363,111.4856238,bagus,6.0,,,,,,,,,,,
Pantai jikubesar,Pulau Buru,5.0,https://www.google.com/maps/place/Pantai+jikubesar/data=!4m7!3m6!1s0x2d726d0056c0e2e5:0xda751ccc7061dc69!8m2!3d-3.2555295!4d127.1114007!16s%2Fg%2F11vzdkfz6j!19sChIJ5eLAVgBtci0RadxhcMwcddo?authuser=0&hl=en&rclk=1,-3.2555295,127.1114007,bagus,3.0,Adrian Bakker 3 reviews · 2 photos,,,,,,,,,,
Pantai Fatmite Beach,Pulau Buru,5.0,https://www.google.com/maps/place/Pantai+Fatmite+Beach/data=!4m7!3m6!1s0x2d72e67155555555:0x5d0a75552749338d!8m2!3d-3.7286775!4d126.7550147!16s%2Fg%2F11hbv2h49w!19sChIJVVVVVXHmci0RjTNJJ1V1Cl0?authuser=0&hl=en&rclk=1,-3.7286775,126.7550147,bagus,3.0,,,,,,,,,,,
Pantai Alumbango,Gorontalo,5.0,https://www.google.com/maps/place/Pantai+Alumbango/data=!4m7!3m6!1s0x3278d7604b33b9e5:0x4978a2c81bc33016!8m2!3d0.4906361!4d122.9512784!16s%2Fg%2F11pkc_xtgq!19sChIJ5bkzS2DXeDIRFjDDG8iieEk?authuser=0&hl=en&rclk=1,0.4906361,122.9512784,bagus,4.0,Ramdan Sayakulu  photos,Syahrul Yusuf  review ·  photos,,,,,,,,,
Pantai bongo,Gorontalo,5.0,https://www.google.com/maps/place/Pantai+bongo/data=!4m7!3m6!1s0x3279578dfa113c77:0x4d316aa12d64c4a9!8m2!3d0.9604638!4d122.9421579!16s%2Fg%2F11rckpmf9y!19sChIJdzwR-o1XeTIRqcRkLaFqMU0?authuser=0&hl=en&rclk=1,0.9604638,122.9421579,bagus,4.0,Nunu Djau  reviews ·  photos,Moh. Prasetyo Ismail  photos,Fatiah Koem  review,Arul Ismail  photos,,,,,,,
Pantai Waepure,Pulau Buru,5.0,https://www.google.com/maps/place/Pantai+Waepure/data=!4m7!3m6!1s0x2d73d100065eda93:0x301131a5c011dd2d!8m2!3d-3.0831606!4d126.4744374!16s%2Fg%2F11y6nwnmsx!19sChIJk9peBgDRcy0RLd0RwKUxETA?authuser=0&hl=en&rclk=1,-3.0831606,126.4744374,bagus,2.0,,,,,,,,,,,
Pantai Puri,Pulau Buru,5.0,https://www.google.com/maps/place/Pantai+Puri/data=!4m7!3m6!1s0x2d72a9001da573db:0x35e9782a8df74791!8m2!3d-3.9040789!4d127.217886!16s%2Fg%2F11yygb1km4!19sChIJ23OlHQCpci0RkUf3jSp46TU?authuser=0&hl=en&rclk=1,-3.9040789,127.217886,bagus,0.0,,,,,,,,,,,
Pantai Jikumerasa,Pulau Buru,5.0,https://www.google.com/maps/place/Pantai+Jikumerasa/data=!4m7!3m6!1s0x2d72170005a2575f:0x1995972fdffac16d!8m2!3d-3.1683819!4d127.0264779!16s%2Fg%2F11yb89l0x8!19sChIJX1eiBQAXci0RbcH63y-XlRk?authuser=0&hl=en&rclk=1,-3.1683819,127.0264779,bagus,2.0,Kiloan Haha 2 reviews,,,,,,,,,,
Pantai Koluwoka,Gorontalo,5.0,https://www.google.com/maps/place/Pantai+Koluwoka/data=!4m7!3m6!1s0x32796510267483c9:0xd9215d29d18823bb!8m2!3d0.944356!4d122.6095737!16s%2Fg%2F11q53c299m!19sChIJyYN0JhBleTIRuyOI0SldIdk?authuser=0&hl=en&rclk=1,0.944356,122.6095737,bagus,2.0,Andi Murjadi  review ·  photos,,,,,,,,,,
Pantai lopong,Pulau Buru,5.0,https://www.google.com/maps/place/Pantai+lopong/data=!4m7!3m6!1s0x2d726b007cbae6b7:0x4d24b47ce38d8efe!8m2!3d-3.275101!4d127.0339163!16s%2Fg%2F11l_8vpr51!19sChIJt-a6fABrci0R_o6N43y0JE0?authuser=0&hl=en&rclk=1,-3.275101,127.0339163,bagus,0.0,Rehandi Andi 4 photos,,,,,,,,,,
PANTAI NAMLATU AMBALAU,Pulau Buru,5.0,https://www.google.com/maps/place/PANTAI+NAMLATU+AMBALAU/data=!4m7!3m6!1s0x2d72a30061a6847f:0x4614ce1f5fa10f58!8m2!3d-3.816487!4d127.1925941!16s%2Fg%2F11vxjctcg3!19sChIJf4SmYQCjci0RWA-hXx_OFEY?authuser=0&hl=en&rclk=1,-3.816487,127.1925941,bagus,2.0,,,,,,,,,,,
Pantai kampung Indonesia Ocarina,Kepulauan Riau,5.0,https://www.google.com/maps/place/Pantai+kampung+Indonesia+Ocarina/data=!4m7!3m6!1s0x31d989f9be452529:0xda1e5aadea255912!8m2!3d1.1519305!4d104.0547994!16s%2Fg%2F11p0359cwj!19sChIJKSVFvvmJ2TERElkl6q1aHto?authuser=0&hl=en&rclk=1,1.1519305,104.0547994,bagus,166.0,murky water,place for family,comfortable place,tour,,,,,,,
batudaa pantai,Gorontalo,5.0,https://www.google.com/maps/place/batudaa+pantai/data=!4m7!3m6!1s0x3278d50065b26641:0x5bbc83a3117d13b8!8m2!3d0.494477!4d123.028814!16s%2Fg%2F11xgwh4tq9!19sChIJQWayZQDVeDIRuBN9EaODvFs?authuser=0&hl=en&rclk=1,0.494477,123.028814,bagus,7.0,,,,,,,,,,,
PANTAI OMBAK PUTIH,Gorontalo,5.0,https://www.google.com/maps/place/PANTAI+OMBAK+PUTIH/data=!4m7!3m6!1s0x3278d50307de6095:0x43e7f4957bc28553!8m2!3d0.494922!4d123.001608!16s%2Fg%2F11kjpl0_x0!19sChIJlWDeBwPVeDIRU4XCe5X050M?authuser=0&hl=en&rclk=1,0.494922,123.001608,bagus,62.0,,,,,,,,,,,
Tanjung batu,Kalimantan Utara,5.0,https://www.google.com/maps/place/Tanjung+batu/data=!4m7!3m6!1s0x32138f4ae32c5c01:0x9519894616f579ce!8m2!3d3.2408161!4d117.6471443!16s%2Fg%2F11krjs8qk1!19sChIJAVws40qPEzIRznn1FkaJGZU?authuser=0&hl=en&rclk=1,3.2408161,117.6471443,bagus,3.0,sea view,Alma Alus  reviews ·  photos,Aditya Els  review,,,,,,,,
Pantai BOBISINGO,Maluku Utara,5.0,https://www.google.com/maps/place/Pantai+BOBISINGO/data=!4m7!3m6!1s0x329079006fb0c271:0x7af6db32abbd1d!8m2!3d1.954512!4d127.8934245!16s%2Fg%2F11ykn4hgvx!19sChIJccKwbwB5kDIRHb2rMtv2egA?authuser=0&hl=en&rclk=1,1.954512,127.8934245,bagus,8.0,,,,,,,,,,,
Pantai pasir putih Sowoli,Maluku Utara,5.0,https://www.google.com/maps/place/Pantai+pasir+putih+Sowoli/data=!4m7!3m6!1s0x329e830050948615:0xaf01db508d735391!8m2!3d0.5374733!4d128.6862171!16s%2Fg%2F11x00s1zxm!19sChIJFYaUUACDnjIRkVNzjVDbAa8?authuser=0&hl=en&rclk=1,0.5374733,128.6862171,bagus,17.0,,,,,,,,,,,
Pantai One,Pulau Seram,5.0,https://www.google.com/maps/place/Pantai+One/data=!4m7!3m6!1s0x2d6c29f837126dc1:0xec6f12ee59843619!8m2!3d-2.9787092!4d128.1030921!16s%2Fg%2F11m9sf4nzx!19sChIJwW0SN_gpbC0RGTaEWe4Sb-w?authuser=0&hl=en&rclk=1,-2.9787092,128.1030921,bagus,5.0,Sidin Sio 3 reviews · 10 photos,Lan Saputra Tambipessy 1 review · 1 photo,Ilmana Sukma 2 photos,,,,,,,,
"Pantai,Masareta,Beach",Pulau Seram,5.0,"https://www.google.com/maps/place/Pantai,Masareta,Beach/data=!4m7!3m6!1s0x2d3f4b00709da511:0x747f99aa8fcbb16e!8m2!3d-4.0292962!4d131.2409632!16s%2Fg%2F11y_qqgccr!19sChIJEaWdcABLPy0RbrHLj6qZf3Q?authuser=0&hl=en&rclk=1",-4.0292962,131.2409632,bagus,0.0,Syarifudin Hls 1 review · 12 photos,,,,,,,,,,
Pantai Lopo,Gorontalo,5.0,https://www.google.com/maps/place/Pantai+Lopo/data=!4m7!3m6!1s0x3278d58bccc9dc83:0x1b565b1278ae1270!8m2!3d0.4964945!4d123.0180513!16s%2Fg%2F11rcs5xxr5!19sChIJg9zJzIvVeDIRcBKueBJbVhs?authuser=0&hl=en&rclk=1,0.4964945,123.0180513,bagus,3.0,Sunaryo Gafur  reviews ·  photos,Alter  Local Guide ·  reviews ·  photos,blackwhite official  photos,,,,,,,,
Pantai Gosoma maluku,Maluku Utara,5.0,https://www.google.com/maps/place/Pantai+Gosoma+maluku/data=!4m7!3m6!1s0x3290cb0077cb11c9:0x3ec6ae77813a2908!8m2!3d2.177737!4d128.5948218!16s%2Fg%2F11ywkb_lp8!19sChIJyRHLdwDLkDIRCCk6gXeuxj4?authuser=0&hl=en&rclk=1,2.177737,128.5948218,bagus,3.0,Roiy Tmr 16 photos,,,,,,,,,,
Pantai Domande,Papua Selatan,5.0,https://www.google.com/maps/place/Pantai+Domande/data=!4m7!3m6!1s0x69caabc562a0367f:0x4e94af5347b4a35d!8m2!3d-8.1743067!4d139.9752989!16s%2Fg%2F11qp29wq_l!19sChIJfzagYsWrymkRXaO0R1OvlE4?authuser=0&hl=en&rclk=1,-8.1743067,139.9752989,bagus,3.0,Azsep K 4 reviews · 1 photo,Juna Juna 5 photos,,,,,,,,,
Otto & Geisler Beach,Papua Barat,5.0,https://www.google.com/maps/place/Otto+%26+Geisler+Beach/data=!4m7!3m6!1s0x2d5eadd356ecbc01:0xfb85055f74e5b8a8!8m2!3d-0.8176547!4d131.237012!16s%2Fg%2F11kjf1m4rz!19sChIJAbzsVtOtXi0RqLjldF8Fhfs?authuser=0&hl=en&rclk=1,-0.8176547,131.237012,bagus,11.0,Sorong 23 2 reviews · 22 photos,Irene Kresentia Parapaga 1 review,Albert Rumbewas 1 review · 28 photos,kevin baringbing 2 reviews · 7 photos,Klarita Mirinda Sugiarto 1 review · 4 photos,,,,,,
Pantai TABGHA,Papua Barat,5.0,https://www.google.com/maps/place/Pantai+TABGHA/data=!4m7!3m6!1s0x2d5ead001588696b:0xa70c95f08e27910d!8m2!3d-0.8261534!4d131.2277664!16s%2Fg%2F11z4gxzbsp!19sChIJa2mIFQCtXi0RDZEnjvCVDKc?authuser=0&hl=en&rclk=1,-0.8261534,131.2277664,bagus,3.0,Andre Thery 1 review,Thirza Grace 1 review,,,,,,,,,
Kalimantan Utara,Kalimantan Utara,5.0,https://www.google.com/maps/place/Kalimantan+Utara/data=!4m7!3m6!1s0x321477002b9e5543:0x27af30f074687e60!8m2!3d3.3331968!4d117.655834!16s%2Fg%2F11x0px24_1!19sChIJQ1WeKwB3FDIRYH5odPAwryc?authuser=0&hl=en&rclk=1,3.3331968,117.655834,bagus,34.0,Misno Saputra  photo,,,,,,,,,,
Pantai Keremak Aceh Tamiang,Aceh,5.0,https://www.google.com/maps/place/Pantai+Keremak+Aceh+Tamiang/data=!4m7!3m6!1s0x3037a2b6b7c02573:0xea7ba858886cd455!8m2!3d4.5102352!4d98.1508387!16s%2Fg%2F11hcfn2bf5!19sChIJcyXAt7aiNzARVdRsiFioe-o?authuser=0&hl=en&rclk=1,4.5102352,98.1508387,bagus,3.0,,,,,,,,,,,
Pantai Bagus Mangkupadi,Kalimantan Utara,5.0,https://www.google.com/maps/place/Pantai+Bagus+Mangkupadi/data=!4m7!3m6!1s0x321259867df9a1b5:0xd8940b20beaf0e4c!8m2!3d2.5825625!4d117.8429375!16s%2Fg%2F11k3hf4km_!19sChIJtaH5fYZZEjIRTA6vviALlNg?authuser=0&hl=en&rclk=1,2.5825625,117.8429375,bagus,11.0,camping,family vacation,,,,,,,,,
"Pantai Desa Dodowo, Maluku Utara, Indonesia",Maluku Utara,5.0,"https://www.google.com/maps/place/Pantai+Desa+Dodowo,+Maluku+Utara,+Indonesia/data=!4m7!3m6!1s0x32907f8271b2bc63:0x6a38cfacdb9b0151!8m2!3d1.9804375!4d127.9319375!16s%2Fg%2F11kjt53370!19sChIJY7yycYJ_kDIRUQGb26zPOGo?authuser=0&hl=en&rclk=1",1.9804375,127.9319375,bagus,0.0,Safri Abd Latif 1 review · 4 photos,,,,,,,,,,
Pantai Jambula,Maluku Utara,5.0,https://www.google.com/maps/place/Pantai+Jambula/data=!4m7!3m6!1s0x329cb54ae3137a41:0x7c9529eb0486e7a6!8m2!3d0.7573972!4d127.3141545!16s%2Fg%2F11s4z_dlzm!19sChIJQXoT40q1nDIRpueGBOsplXw?authuser=0&hl=en&rclk=1,0.7573972,127.3141545,bagus,2.0,,,,,,,,,,,
Pantai Botuwanggubu,Gorontalo,5.0,https://www.google.com/maps/place/Pantai+Botuwanggubu/data=!4m7!3m6!1s0x327943d2025a4ca7:0x744256e432ae4c72!8m2!3d0.8782969!4d122.7707852!16s%2Fg%2F11vc1zr0qb!19sChIJp0xaAtJDeTIRckyuMuRWQnQ?authuser=0&hl=en&rclk=1,0.8782969,122.7707852,bagus,5.0,,,,,,,,,,,
Queen beach waeperang village.,Pulau Buru,5.0,https://www.google.com/maps/place/Queen+beach+waeperang+village./data=!4m7!3m6!1s0x2d723dc524e64391:0x6a13616c918effac!8m2!3d-3.1437011!4d126.9365659!16s%2Fg%2F11jr9r39fg!19sChIJkUPmJMU9ci0RrP-OkWxhE2o?authuser=0&hl=en&rclk=1,-3.1437011,126.9365659,bagus,5.0,Hendro Maulana 4 reviews · 6 photos,Sabarang tada 1 review · 1 photo,,,,,,,,,
Pantai Labuang Waetawa,Pulau Buru,5.0,https://www.google.com/maps/place/Pantai+Labuang+Waetawa/data=!4m7!3m6!1s0x2d729b000faca96d:0xb86a29a3df002515!8m2!3d-3.6649409!4d127.1512445!16s%2Fg%2F11wn58rhf5!19sChIJbamsDwCbci0RFSUA36Mparg?authuser=0&hl=en&rclk=1,-3.6649409,127.1512445,bagus,2.0,,,,,,,,,,,
PANTAI WAETEBA,Pulau Buru,5.0,https://www.google.com/maps/place/PANTAI+WAETEBA/data=!4m7!3m6!1s0x2d7291007ea1cf45:0xbdfede2ade20fb1b!8m2!3d-3.6850151!4d127.0655221!16s%2Fg%2F11vyz7rhbg!19sChIJRc-hfgCRci0RG_sg3ire_r0?authuser=0&hl=en&rclk=1,-3.6850151,127.0655221,bagus,0.0,,,,,,,,,,,
Pantai Mismata,Pulau Buru,5.0,https://www.google.com/maps/place/Pantai+Mismata/data=!4m7!3m6!1s0x2d72a3004766d8f9:0x69601fbb8fde348d!8m2!3d-3.8309337!4d127.1596221!16s%2Fg%2F11lckmsn1_!19sChIJ-dhmRwCjci0RjTTej7sfYGk?authuser=0&hl=en&rclk=1,-3.8309337,127.1596221,bagus,4.0,,,,,,,,,,,
Pantai mener wapalu,Pulau Buru,5.0,https://www.google.com/maps/place/Pantai+mener+wapalu/data=!4m7!3m6!1s0x2d72233e6cd03b65:0xd8088a23c262bd1f!8m2!3d-3.1128125!4d126.8838827!16s%2Fg%2F11pkbk5frj!19sChIJZTvQbD4jci0RH71iwiOKCNg?authuser=0&hl=en&rclk=1,-3.1128125,126.8838827,bagus,2.0,,,,,,,,,,,
Pantai Waplau,Pulau Buru,5.0,https://www.google.com/maps/place/Pantai+Waplau/data=!4m7!3m6!1s0x2d722375314d94cd:0x1fd7ee6f50cd064f!8m2!3d-3.1173265!4d126.884633!16s%2Fg%2F11t7p4zq97!19sChIJzZRNMXUjci0RTwbNUG_u1x8?authuser=0&hl=en&rclk=1,-3.1173265,126.884633,bagus,122.0,,,,,,,,,,,
Pulau Saronde Gorontalo,Gorontalo,5.0,https://www.google.com/maps/place/Pulau+Saronde+Gorontalo/data=!4m7!3m6!1s0x32795bf34dff4467:0xa8beb2a832ae8176!8m2!3d0.9263376!4d122.863895!16s%2Fg%2F11l241cc1d!19sChIJZ0T_TfNbeTIRdoGuMqiyvqg?authuser=0&hl=en&rclk=1,0.9263376,122.863895,bagus,92.0,,,,,,,,,,,
Pantai Leana,Pulau Buru,5.0,https://www.google.com/maps/place/Pantai+Leana/data=!4m7!3m6!1s0x2d72a500353f196d:0x8a66d2d2628792f2!8m2!3d-3.8999375!4d127.2110625!16s%2Fg%2F11wvyx2gtj!19sChIJbRk_NQClci0R8pKHYtLSZoo?authuser=0&hl=en&rclk=1,-3.8999375,127.2110625,bagus,0.0,Ajito Moni 8 photos,,,,,,,,,,
Pantai Tomahu,Pulau Buru,5.0,https://www.google.com/maps/place/Pantai+Tomahu/data=!4m7!3m6!1s0x2d73f1006a3a87b3:0xe55fe93deab61193!8m2!3d-3.2055112!4d126.0048349!16s%2Fg%2F11ldqfvk54!19sChIJs4c6agDxcy0RkxG26j3pX-U?authuser=0&hl=en&rclk=1,-3.2055112,126.0048349,bagus,3.0,Tuna Maluku 2 reviews,VLOG Lamudha 20 photos,,,,,,,,,
Wisata pantai Mangrove,Pulau Buru,5.0,https://www.google.com/maps/place/Wisata+pantai+Mangrove/data=!4m7!3m6!1s0x2d72eb0ad18d7109:0x733bef2628804de2!8m2!3d-3.7714983!4d126.9528144!16s%2Fg%2F11mh9fcpw7!19sChIJCXGN0Qrrci0R4k2AKCbvO3M?authuser=0&hl=en&rclk=1,-3.7714983,126.9528144,bagus,2.0,,,,,,,,,,,
Pantai Wambar,Papua Barat,4.9,https://www.google.com/maps/place/Pantai+Wambar/data=!4m7!3m6!1s0x2d46238e88b5c391:0xb628f54cd9dd3a73!8m2!3d-3.0316756!4d132.4706776!16s%2Fg%2F11pvcb_kwd!19sChIJkcO1iI4jRi0Rczrd2Uz1KLY?authuser=0&hl=en&rclk=1,-3.0316756,132.4706776,bagus,14.0,coconut 2,family 2,cleanliness 2,journey 3,scenery 2,,,,,,
Pantai Kampung Sawatuk,Papua Barat,4.9,https://www.google.com/maps/place/Pantai+Kampung+Sawatuk/data=!4m7!3m6!1s0x2d5969d9570e25b9:0xdfc42c3a3387b4d8!8m2!3d-0.7526009!4d131.6059783!16s%2Fg%2F11gblfm0nz!19sChIJuSUOV9lpWS0R2LSHMzosxN8?authuser=0&hl=en&rclk=1,-0.7526009,131.6059783,bagus,13.0,scenery 2,public 2,Bunga Cici 5 reviews · 4 photos,Trifena Adriana 4 reviews · 17 photos,Muhammad Saleh 1 review · 9 photos,,,,,,
Pantai Karbubu,Pulau Wetar,4.9,https://www.google.com/maps/place/Pantai+Karbubu/data=!4m7!3m6!1s0x2d017c2741c95bab:0x2140ee34781e9ef0!8m2!3d-7.9785911!4d125.8565555!16s%2Fg%2F11fysmhr58!19sChIJq1vJQSd8AS0R8J4eeDTuQCE?authuser=0&hl=en&rclk=1,-7.9785911,125.8565555,bagus,8.0,Stevan Malau 1 review,Eko Mentisari 4 reviews · 1 photo,Nuel Eni 1 review,,,,,,,,
Batu Merah Beach,Kalimantan Utara,4.9,https://www.google.com/maps/place/Batu+Merah+Beach/data=!4m7!3m6!1s0x3213892a8d4c4429:0xc6c7a7aa17596742!8m2!3d3.2553371!4d117.6559906!16s%2Fg%2F11jkwll0m_!19sChIJKURMjSqJEzIRQmdZF6qnx8Y?authuser=0&hl=en&rclk=1,3.2553371,117.6559906,bagus,17.0,view,Salsa Batara  reviews ·  photos,,,,,,,,,
Pantai linau,Bengkulu,4.9,https://www.google.com/maps/place/Pantai+linau/data=!4m7!3m6!1s0x2e37fbe5a262d563:0x25f843e8b6e41ce8!8m2!3d-4.8373447!4d103.4142881!16s%2Fg%2F11l1y0sprw!19sChIJY9ViouX7Ny4R6BzktuhD-CU?authuser=0&hl=en&rclk=1,-4.8373447,103.4142881,bagus,690.0,dock,scenery,blue water,beauty of the sea,photo spots,,,,,,
Pantai Kalinaun,Sulawesi Utara,4.9,https://www.google.com/maps/place/Pantai+Kalinaun/data=!4m7!3m6!1s0x3287b328d5e4b8f1:0xf0531c96b6bdebff!8m2!3d1.6313375!4d125.1506094!16s%2Fg%2F11p13msjvp!19sChIJ8bjk1SizhzIR_-u9tpYcU_A?authuser=0&hl=en&rclk=1,1.6313375,125.1506094,bagus,25.0,beach,Mouna Mamahit  reviews ·  photos,Arroyyani  Local Guide ·  reviews ·  photos,Reza Paat  review,Giesa Salontahe  photo,,,,,,
Pantai marapalam,Sumatera Barat,4.9,https://www.google.com/maps/place/Pantai+marapalam/data=!4m7!3m6!1s0x2fd4a794c2c57c1d:0x1a7c2beb56f0f72!8m2!3d-1.1685005!4d100.3820797!16s%2Fg%2F11nnqsbt_n!19sChIJHXzFwpSn1C8Rcg9vtb7CpwE?authuser=0&hl=en&rclk=1,-1.1685005,100.3820797,bagus,30.0,white sand,clean beach,family tourism,cost,scenery,,,,,,
Pantai Muaro Anai,Sumatera Barat,4.9,https://www.google.com/maps/place/Pantai+Muaro+Anai/data=!4m7!3m6!1s0x2fd4c3683fc65123:0x6a890e0327d2dc9a!8m2!3d-0.8155082!4d100.2908695!16s%2Fg%2F11j7bb3_mr!19sChIJI1HGP2jD1C8RmtzSJwMOiWo?authuser=0&hl=en&rclk=1,-0.8155082,100.2908695,bagus,27.0,fishing spot,fishing,,,,,,,,,
Pantai Tanjung Batu,Papua Barat,4.9,https://www.google.com/maps/place/Pantai+Tanjung+Batu/data=!4m7!3m6!1s0x2d5ead7e96e7b7cb:0x2a68bc8e49561d3b!8m2!3d-0.8162534!4d131.2536098!16s%2Fg%2F11rstjxvtf!19sChIJy7fnln6tXi0ROx1WSY68aCo?authuser=0&hl=en&rclk=1,-0.8162534,131.2536098,bagus,10.0,the beach 2,usep saepuloh 6 reviews · 7 photos,Rusdy Saputra 10 reviews · 32 photos,heryantho batara 1 review · 9 photos,,,,,,,
Pantai low budget,Kalimantan Utara,4.9,https://www.google.com/maps/place/Pantai+low+budget/data=!4m7!3m6!1s0x3213cd0034a696ef:0x9249e64a400ebff5!8m2!3d2.8162151!4d117.3640714!16s%2Fg%2F11ypny9912!19sChIJ75amNADNEzIR9b8OQErmSZI?authuser=0&hl=en&rclk=1,2.8162151,117.3640714,bagus,8.0,cattle,bath,aeferrzzz budul  review,akun daftar minecraft  review,lawaklu kocakdah  review,,,,,,
"Pantai COCONUT BEACH, lolak,Bolaang Mongondow Induk, Sulawesi Utara",Sulawesi Utara,4.9,"https://www.google.com/maps/place/Pantai+COCONUT+BEACH,+lolak,Bolaang+Mongondow+Induk,+Sulawesi+Utara/data=!4m7!3m6!1s0x327e715f67a03d27:0xfba43f45956594f2!8m2!3d0.8895152!4d124.0100549!16s%2Fg%2F11k57zz0mv!19sChIJJz2gZ19xfjIR8pRllUU_pPs?authuser=0&hl=en&rclk=1",0.8895152,124.0100549,bagus,24.0,the distance,Has restroom,Nadya Alhabsyie  reviews,ekodm  reviews ·  photos,zifilia worotikan  review,,,,,,
Pantai Botubarani,Gorontalo,4.9,https://www.google.com/maps/place/Pantai+Botubarani/data=!4m7!3m6!1s0x327f2b7a2bc0c8d3:0x7414e70cf87e488d!8m2!3d0.4819132!4d123.0863159!16s%2Fg%2F11p5n896n2!19sChIJ08jAK3orfzIRjUh--AznFHQ?authuser=0&hl=en&rclk=1,0.4819132,123.0863159,bagus,14.0,Nayla Khairunnisa Bagu  review,Randiansyah Salatun  reviews ·  photos,Yuan Sudrajat  reviews ·  photos,Muhammad Bagus Hari Santoso  reviews ·  photo,,,,,,,
Pantai Werur,Papua,4.9,https://www.google.com/maps/place/Pantai+Werur/data=!4m7!3m6!1s0x2d584ba90dcc38c7:0x1532d5edeb6a0d99!8m2!3d-0.4155024!4d132.1903445!16s%2Fg%2F11cr_vs_x0!19sChIJxzjMDalLWC0RmQ1q6-3VMhU?authuser=0&hl=en&rclk=1,-0.4155024,132.1903445,bagus,17.0,Vendi Towara 1 review · 7 photos,sovia via 1 photo,,,,,,,,,
pantai pasir putih Desa Lebung,Sumatera Selatan,4.9,https://www.google.com/maps/place/pantai+pasir+putih+Desa+Lebung/data=!4m7!3m6!1s0x2e3ba987cc3bdc95:0x5b5b9b7b8d069aba!8m2!3d-3.0143766!4d104.3959633!16s%2Fg%2F11swz678n2!19sChIJldw7zIepOy4RupoGjXubW1s?authuser=0&hl=en&rclk=1,-3.0143766,104.3959633,bagus,9.0,,,,,,,,,,,
Pantai One-One,Sulawesi Tenggara,4.9,https://www.google.com/maps/place/Pantai+One-One/data=!4m7!3m6!1s0x2d98ff7514db384b:0x1c9c65fc285fa843!8m2!3d-3.7265613!4d122.3920717!16s%2Fg%2F11rv2l45j1!19sChIJSzjbFHX_mC0RQ6hfKPxlnBw?authuser=0&hl=en&rclk=1,-3.7265613,122.3920717,bagus,10.0,Muh Fajar Alamsyah 2 reviews · 12 photos,Alfin Pebrianto 7 reviews · 7 photos,Shafiqah Naila 4 reviews · 18 photos,Alfin Taipa 2 reviews · 16 photos,ri zal 1 review · 27 photos,,,,,,
Melasti Beach Ungasan,Bali,4.8,https://www.google.com/maps/place/Melasti+Beach+Ungasan/data=!4m7!3m6!1s0x2dd25b937f74a77f:0xd7fc41e66544fbab!8m2!3d-8.8477419!4d115.1606704!16s%2Fg%2F11kxmz2m5x!19sChIJf6d0f5Nb0i0Rq_tEZeZB_Nc?authuser=0&hl=en&rclk=1,-8.8477419,115.1606704,bagus,25293.0,,,,,,,,,,,
Pantai Langa Ae,Nusa Tenggara Timur,4.8,https://www.google.com/maps/place/Pantai+Langa+Ae/data=!4m7!3m6!1s0x2c51ed8c5ba6a8b1:0x13208ef69d257676!8m2!3d-10.4415445!4d121.9852349!16s%2Fg%2F11jz6357wm!19sChIJsaimW4ztUSwRdnYlnfaOIBM?authuser=0&hl=en&rclk=1,-10.4415445,121.9852349,bagus,20.0,white sand 2,sand 3,beach 2,saif al daffa 9 reviews · 20 photos,Sam Sebastian 2 reviews · 10 photos,,,,,,
Pantai Tanjung Tawatawaro,Sulawesi Tenggara,4.8,https://www.google.com/maps/place/Pantai+Tanjung+Tawatawaro/data=!4m7!3m6!1s0x2da211e749dbb513:0x925848b4a10c18b4!8m2!3d-4.4175893!4d122.8751677!16s%2Fg%2F11s2kcr70r!19sChIJE7XbSecRoi0RtBgMobRIWJI?authuser=0&hl=en&rclk=1,-4.4175893,122.8751677,bagus,6.0,relaxing 2,beach 2,Muh Ridwan 2 reviews,Aldi Al 1 review,Ina karina Bingar 1 photo,,,,,,
Pantai Dofior,Papua Barat Daya,4.8,https://www.google.com/maps/place/Pantai+Dofior/data=!4m7!3m6!1s0x2d5eab0df89f4a77:0xe9dab4d62cd15b49!8m2!3d-0.8713487!4d131.2506305!16s%2Fg%2F11h0vth_vq!19sChIJd0qf-A2rXi0RSVvRLNa02uk?authuser=0&hl=en&rclk=1,-0.8713487,131.2506305,bagus,5.0,diving 2,Andreas kamesrar 3 reviews · 12 photos,,,,,,,,,
Pantai Asbaken,Papua Barat Daya,4.8,https://www.google.com/maps/place/Pantai+Asbaken/data=!4m7!3m6!1s0x2d596fd440ad8385:0x3836c5dfb4a42129!8m2!3d-0.7414885!4d131.6822064!16s%2Fg%2F11txgwqtc1!19sChIJhYOtQNRvWS0RKSGktN_FNjg?authuser=0&hl=en&rclk=1,-0.7414885,131.6822064,bagus,4.0,Islam and Christianity 2,history 2,natural beauty 2,tolerance 2,Novembri Etta 9 reviews · 2 photos,,,,,,
Pantai Wisata Boratei,Papua Tengah,4.8,https://www.google.com/maps/place/Pantai+Wisata+Boratei/data=!4m7!3m6!1s0x681fa7a327b87cab:0x311c7c7a89c4ba85!8m2!3d-3.2512576!4d135.5653631!16s%2Fg%2F11f5nmxf24!19sChIJq3y4J6OnH2gRhbrEiXp8HDE?authuser=0&hl=en&rclk=1,-3.2512576,135.5653631,bagus,6.0,evifandi merscye 2 reviews · 8 photos,,,,,,,,,,
"Pantai Literasi, Pasir Putih.",Pulau Seram,4.8,"https://www.google.com/maps/place/Pantai+Literasi,+Pasir+Putih./data=!4m7!3m6!1s0x2d6c29c532397707:0x714b339a756405b!8m2!3d-2.9767508!4d128.071946!16s%2Fg%2F11qbj363x6!19sChIJB3c5MsUpbC0RW0BWpzmzFAc?authuser=0&hl=en&rclk=1",-2.9767508,128.071946,bagus,4.0,Hitimala Amin Rais 5 photos,,,,,,,,,,
Pantai Gunung Meru,Sumatera Barat,4.8,https://www.google.com/maps/place/Pantai+Gunung+Meru/data=!4m7!3m6!1s0x2fd4bb861d55d7df:0x74b54485e954b40!8m2!3d-1.0058277!4d100.3860125!16s%2Fg%2F11q9rdvv5z!19sChIJ39dVHYa71C8RQEuVXkhUSwc?authuser=0&hl=en&rclk=1,-1.0058277,100.3860125,bagus,6.0,view,,,,,,,,,,
Pantai Pasir Teluk Mubri,Papua Barat,4.8,https://www.google.com/maps/place/Pantai+Pasir+Teluk+Mubri/data=!4m7!3m6!1s0x2d541be569e23b7f:0x54b2bd61fe6980c5!8m2!3d-0.7250116!4d133.8959716!16s%2Fg%2F11tsjtq4vj!19sChIJfzviaeUbVC0RxYBp_mG9slQ?authuser=0&hl=en&rclk=1,-0.7250116,133.8959716,bagus,5.0,beach 2,recreation 2,Maria Eda 17 photos,,,,,,,,
Pantai Okaba,Papua Selatan,4.8,https://www.google.com/maps/place/Pantai+Okaba/data=!4m7!3m6!1s0x68354bd1cce995e3:0xe3505493994e6cc7!8m2!3d-8.0973387!4d139.7135632!16s%2Fg%2F11flc56f_b!19sChIJ45XpzNFLNWgRx2xOmZNUUOM?authuser=0&hl=en&rclk=1,-8.0973387,139.7135632,bagus,5.0,feri ahmad rianto 1 review · 6 photos,,,,,,,,,,
Modisi Beach,Sulawesi Utara,4.8,https://www.google.com/maps/place/Modisi+Beach/data=!4m7!3m6!1s0x327fd564401289b3:0x9e66abf23eca0509!8m2!3d0.448497!4d124.431687!16s%2Fg%2F11gvrns05r!19sChIJs4kSQGTVfzIRCQXKPvKrZp4?authuser=0&hl=en&rclk=1,0.448497,124.431687,bagus,12.0,Joseph Olke Lumangkun  reviews ·  photos,huntap modisi  reviews ·  photo,lisna pamondolang  review,Marfil Londais  reviews ·  photos,Eriksen Kembuan  review,,,,,,
Pantai Sea biru,Kalimantan Utara,4.8,https://www.google.com/maps/place/Pantai+Sea+biru/data=!4m7!3m6!1s0x32125111280de683:0xd2fc34de013d5680!8m2!3d2.603904!4d117.819814!16s%2Fg%2F11v167fhgd!19sChIJg-YNKBFREjIRgFY9Ad40_NI?authuser=0&hl=en&rclk=1,2.603904,117.819814,bagus,8.0,Sukma Wati  review,Indah Rosita  review ·  photos,umar penjas  reviews ·  photos,dianranipratiwi Dee  photos,Ramdan Gz  reviews ·  photos,,,,,,
pantai tuada,Maluku Utara,4.8,https://www.google.com/maps/place/pantai+tuada/data=!4m7!3m6!1s0x329b5b015b35ed2b:0x8f600f75b3a597e7!8m2!3d1.0449562!4d127.5010525!16s%2Fg%2F11t7k5sms_!19sChIJK-01WwFbmzIR55els3UPYI8?authuser=0&hl=en&rclk=1,1.0449562,127.5010525,bagus,4.0,Clara Bian 5 reviews · 17 photos,Fitri Kadir 2 reviews · 2 photos,,,,,,,,,
Pantai Wisata Hatetabako,Maluku Utara,4.8,https://www.google.com/maps/place/Pantai+Wisata+Hatetabako/data=!4m7!3m6!1s0x329ba59e74301689:0x11d0865ed7ddbdaf!8m2!3d1.2651656!4d128.0882894!16s%2Fg%2F11gjt8vztp!19sChIJiRYwdJ6lmzIRr73d116G0BE?authuser=0&hl=en&rclk=1,1.2651656,128.0882894,bagus,12.0,W I T Berburu Story 3 reviews · 8 photos,budiono_mbahwo 2 reviews · 4 photos,Yayi Sya'diah 1 review · 1 photo,Salman alfarizi Kadir 3 reviews · 1 photo,,,,,,,
Pantai Paal,Sulawesi Utara,4.8,https://www.google.com/maps/place/Pantai+Paal/data=!4m7!3m6!1s0x3287b3e2e7364bb1:0x81da6721e2e241a1!8m2!3d1.6515069!4d125.1618811!16s%2Fg%2F11ny4fg68c!19sChIJsUs25-KzhzIRoUHi4iFn2oE?authuser=0&hl=en&rclk=1,1.6515069,125.1618811,bagus,273.0,waves,white sand,banana boat,beach cleanliness,gazebo,,,,,,
Pantai Wisata Seget,Sulawesi Tengah,4.8,https://www.google.com/maps/place/Pantai+Wisata+Seget/data=!4m7!3m6!1s0x327423e17406017f:0x5ff1d473f5813f33!8m2!3d0.7310072!4d120.063295!16s%2Fg%2F11g891f8sv!19sChIJfwEGdOEjdDIRMz-B9XPU8V8?authuser=0&hl=en&rclk=1,0.7310072,120.063295,bagus,19.0,clear sea,KORIS GAMING  review ·  photos,Ariata Dinda  review,MOH. JOHANKA DENGAH  review ·  photos,,,,,,,
Pantai Tolire,Maluku Utara,4.8,https://www.google.com/maps/place/Pantai+Tolire/data=!4m7!3m6!1s0x329cb3899d437adb:0xd71ffd54f926c79f!8m2!3d0.8419175!4d127.3051007!16s%2Fg%2F11rqv1q285!19sChIJ23pDnYmznDIRn8cm-VT9H9c?authuser=0&hl=en&rclk=1,0.8419175,127.3051007,bagus,36.0,sunset 6,lake 3,scenery 4,cost 2,late afternoon 2,,,,,,
Pantai Parentek,Sulawesi Utara,4.8,https://www.google.com/maps/place/Pantai+Parentek/data=!4m7!3m6!1s0x32873b1902a24b11:0x1c0176523f7f8d03!8m2!3d1.1525438!4d125.0195406!16s%2Fg%2F11ghgqw4_n!19sChIJEUuiAhk7hzIRA41_P1J2ARw?authuser=0&hl=en&rclk=1,1.1525438,125.0195406,bagus,44.0,white sand,John Seran  review ·  photos,Valdo Pinatik  review,Gysella septyani  review,,,,,,,
Pantai Pasir Putih MANGKET,Sulawesi Utara,4.8,https://www.google.com/maps/place/Pantai+Pasir+Putih+MANGKET/data=!4m7!3m6!1s0x3287198ea6f60449:0x56f15a4726ca1dfb!8m2!3d1.2923463!4d125.0663219!16s%2Fg%2F11n31rb0gm!19sChIJSQT2po4ZhzIR-x3KJkda8VY?authuser=0&hl=en&rclk=1,1.2923463,125.0663219,bagus,8.0,Rieneke Lahansang  reviews ·  photos,taufik abdjul  review,,,,,,,,,
"Wisata Pantai, Tanjung Tuguae",Maluku Utara,4.8,"https://www.google.com/maps/place/Wisata+Pantai,+Tanjung+Tuguae/data=!4m7!3m6!1s0x329cc7715d57b33d:0x897c46b6cbc69782!8m2!3d0.681437!4d127.5509061!16s%2Fg%2F11t2yy5ctg!19sChIJPbNXXXHHnDIRgpfGy7ZGfIk?authuser=0&hl=en&rclk=1",0.681437,127.5509061,bagus,5.0,Fahmi Assagaf 10 photos,,,,,,,,,,
Pantai Makalisung,Sulawesi Utara,4.8,https://www.google.com/maps/place/Pantai+Makalisung/data=!4m7!3m6!1s0x328718363b76a81b:0x5d0fd1d9079d3a52!8m2!3d1.2714723!4d125.0599993!16s%2Fg%2F11fy2lljz5!19sChIJG6h2OzYYhzIRUjqdB9nRD10?authuser=0&hl=en&rclk=1,1.2714723,125.0599993,bagus,36.0,photo spots,cleanliness,Christo Anselmus Ngantung  reviews ·  photos,Hero Keni  review ·  photos,,,,,,,
Ako Beach,Pulau Buru,4.8,https://www.google.com/maps/place/Ako+Beach/data=!4m7!3m6!1s0x2d7216c6e59d879b:0xdb3ad8c4804f91e9!8m2!3d-3.1667897!4d127.0257755!16s%2Fg%2F11gdrq5069!19sChIJm4ed5cYWci0R6ZFPgMTYOts?authuser=0&hl=en&rclk=1,-3.1667897,127.0257755,bagus,4.0,,,,,,,,,,,
Pantai Bengel,Gorontalo,4.8,https://www.google.com/maps/place/Pantai+Bengel/data=!4m7!3m6!1s0x327957f2e3b3e0fd:0xc595808a0148c426!8m2!3d0.9642505!4d122.9507338!16s%2Fg%2F11pd_7byzr!19sChIJ_eCz4_JXeTIRJsRIAYqAlcU?authuser=0&hl=en&rclk=1,0.9642505,122.9507338,bagus,13.0,Darma Kamba  review,Jerry Oley  reviews ·  photos,rahmat bata  photos,Moh. Prasetyo Ismail  photos,Nunu Djau  reviews ·  photos,,,,,,
Liman Beach,Nusa Tenggara Timur,4.8,https://www.google.com/maps/place/Liman+Beach/data=!4m7!3m6!1s0x2c56a4d476d7b87b:0x2467d9fd393b773c!8m2!3d-10.2931156!4d123.3076102!16s%2Fg%2F11cmqzdgnf!19sChIJe7jXdtSkViwRPHc7Of3ZZyQ?authuser=0&hl=en&rclk=1,-10.2931156,123.3076102,bagus,355.0,white sand 28,beach cleanliness 15,fine sand 4,liman hill 2,beach beauty 6,,,,,,
Pasir Perawan Beach,DKI Jakarta,4.8,https://www.google.com/maps/place/Pasir+Perawan+Beach/data=!4m7!3m6!1s0x2e6a0b2210dd0327:0xa32b3b744399176c!8m2!3d-5.854806!4d106.6225341!16s%2Fg%2F11h_bn_xg9!19sChIJJwPdECILai4RbBeZQ3Q7K6M?authuser=0&hl=en&rclk=1,-5.854806,106.6225341,bagus,1188.0,waves,mangrove,snorkeling,beach cleanliness,white sand,,,,,,
Pantai Ameyepa,Papua,4.8,https://www.google.com/maps/place/Pantai+Ameyepa/data=!4m7!3m6!1s0x686ce06a874cd613:0x2d298a4c48e56410!8m2!3d-2.4040389!4d140.3685071!16s%2Fg%2F11gjm8c41l!19sChIJE9ZMh2rgbGgREGTlSEyKKS0?authuser=0&hl=en&rclk=1,-2.4040389,140.3685071,bagus,21.0,fresh water 2,clear beach 2,snorkelling 2,quiet beach 2,hike 2,,,,,,
Pantai Mutiara,Papua Tengah,4.8,https://www.google.com/maps/place/Pantai+Mutiara/data=!4m7!3m6!1s0x681f01006ee19923:0xffdbfed41b980869!8m2!3d-3.1632094!4d135.6593886!16s%2Fg%2F11y4rfcwrd!19sChIJI5nhbgABH2gRaQiYG9T-2_8?authuser=0&hl=en&rclk=1,-3.1632094,135.6593886,bagus,22.0,gazebo 2,sunset 2,beach 3,sun 2,Invan Trisukamto 1 review · 6 photos,,,,,,
Teluk Triton Kaimana,Papua Pegunungan,4.8,https://www.google.com/maps/place/Teluk+Triton+Kaimana/data=!4m7!3m6!1s0x2d35eecda6b6cd1f:0x368cdd751211be7d!8m2!3d-3.8235359!4d133.9928543!16s%2Fg%2F11j8_w8_gg!19sChIJH822ps3uNS0Rfb4REnXdjDY?authuser=0&hl=en&rclk=1,-3.8235359,133.9928543,bagus,116.0,beach 10,forest 2,scenery 2,clean beach 2,natural beauty 3,,,,,,
Pantai Wisata Gili Dua Sekongkang Bawah,Nusa Tenggara Barat,4.8,https://www.google.com/maps/place/Pantai+Wisata+Gili+Dua+Sekongkang+Bawah/data=!4m7!3m6!1s0x2dccf3ce5974d425:0x8319183ea360a483!8m2!3d-8.9747699!4d116.7357042!16s%2Fg%2F11sghypkj1!19sChIJJdR0Wc7zzC0Rg6Rgoz4YGYM?authuser=0&hl=en&rclk=1,-8.9747699,116.7357042,bagus,77.0,beach 22,beach cleanliness 6,prayer room 2,white sand 2,tent rental 2,,,,,,
Pantai pagatan wisata terbaik kalteng,Kalimantan Tengah,4.8,https://www.google.com/maps/place/Pantai+pagatan+wisata+terbaik+kalteng/data=!4m7!3m6!1s0x2de233ae77ccefcf:0x30e40e02376be2eb!8m2!3d-3.2727776!4d113.3358243!16s%2Fg%2F11nlc1z4_5!19sChIJz-_Md64z4i0R6-JrNwIO5DA?authuser=0&hl=en&rclk=1,-3.2727776,113.3358243,bagus,9.0,Gusti Wijaya  reviews ·  photos,Muhammad Maad  review,Ugie Mentaya  reviews ·  photos,Ahmad Termiji  photos,,,,,,,
Pantai Gosong Desa Babai,Kalimantan Tengah,4.8,https://www.google.com/maps/place/Pantai+Gosong+Desa+Babai/data=!4m7!3m6!1s0x2dfb1f2ae71c4e65:0x4d71b964a511a049!8m2!3d-1.9252551!4d114.8537423!16s%2Fg%2F11trmfm97h!19sChIJZU4c5yof-y0RSaARpWS5cU0?authuser=0&hl=en&rclk=1,-1.9252551,114.8537423,bagus,8.0,,,,,,,,,,,
Wisata Pantai Oetuke,Nusa Tenggara Timur,4.8,https://www.google.com/maps/place/Wisata+Pantai+Oetuke/data=!4m7!3m6!1s0x2cf8abf687f57ddb:0xb588cc24f1480f3a!8m2!3d-10.0057767!4d124.5543043!16s%2Fg%2F11sp7xlnzf!19sChIJ2331h_ar-CwROg9I8STMiLU?authuser=0&hl=en&rclk=1,-10.0057767,124.5543043,bagus,41.0,pool 4,relaxing 2,view 2,family-friendly 2,location 2,,,,,,
Pantai Meko,Nusa Tenggara Timur,4.8,https://www.google.com/maps/place/Pantai+Meko/data=!4m7!3m6!1s0x2dab9dccd5f67d17:0xc3a18eb79289c61f!8m2!3d-8.2601667!4d123.3345751!16s%2Fg%2F11fxz7fwbq!19sChIJF3321cydqy0RH8aJkreOocM?authuser=0&hl=en&rclk=1,-8.2601667,123.3345751,bagus,64.0,white sand 8,island 10,calm atmosphere 2,sea tourism 2,scenery 3,,,,,,
Pantai hiu paus,Gorontalo,4.8,https://www.google.com/maps/place/Pantai+hiu+paus/data=!4m7!3m6!1s0x327f2b4ad711af5f:0x7ad01b670332b9f8!8m2!3d0.4766904!4d123.0952272!16s%2Fg%2F11nmg_v5qd!19sChIJX68R10orfzIR-LkyA2cb0Ho?authuser=0&hl=en&rclk=1,0.4766904,123.0952272,bagus,60.0,whale shark viewing spot,boat rental,quiet,scenery,fish,,,,,,
"Ketaping Beach,Bengkulu Selatan",Bengkulu,4.8,"https://www.google.com/maps/place/Ketaping+Beach,Bengkulu+Selatan/data=!4m7!3m6!1s0x2e37b19f1ba9abed:0x26f4f43036e18472!8m2!3d-4.4910787!4d102.9050678!16s%2Fg%2F11fs_jc7v_!19sChIJ7aupG5-xNy4RcoThNjD09CY?authuser=0&hl=en&rclk=1",-4.4910787,102.9050678,bagus,8.0,clear beach,,,,,,,,,,
Pantai Tropical,Nusa Tenggara Barat,4.8,https://www.google.com/maps/place/Pantai+Tropical/data=!4m7!3m6!1s0x2dccf33ba0fd0fbd:0xc6eeba17fb313cca!8m2!3d-8.9964282!4d116.7382074!16s%2Fg%2F11trv_q1ys!19sChIJvQ_9oDvzzC0Ryjwx-xe67sY?authuser=0&hl=en&rclk=1,-8.9964282,116.7382074,bagus,48.0,beach 4,quiet beach 2,clean beach 2,no tourists 2,hotel atmosphere 2,,,,,,
Pantai Laskar Pelangi,Bangka Belitung,4.8,https://www.google.com/maps/place/Pantai+Laskar+Pelangi/data=!4m7!3m6!1s0x2e1743dcdecee061:0xade3d4c4ffe015bc!8m2!3d-2.5504323!4d107.7147056!16s%2Fg%2F11h_c7kls_!19sChIJYeDO3txDFy4RvBXg_8TU460?authuser=0&hl=en&rclk=1,-2.5504323,107.7147056,bagus,2092.0,tanjung tinggi beach,granite,white sand,clean beach,large rocks,,,,,,
Pantai Jalan Baru,Papua Barat,4.7,https://www.google.com/maps/place/Pantai+Jalan+Baru/data=!4m7!3m6!1s0x2d4613e8c476a18d:0x2474067c71260fc2!8m2!3d-2.9335001!4d132.3045722!16s%2Fg%2F11k3jd9c47!19sChIJjaF2xOgTRi0Rwg8mcXwGdCQ?authuser=0&hl=en&rclk=1,-2.9335001,132.3045722,bagus,37.0,scenery 3,sunset 2,mangiwa 22 1 review · 4 photos,George Anofa 1 review · 4 photos,Arif Sulitiyono 3 reviews,,,,,,
Pantai Krakal,DI Yogyakarta,4.7,https://www.google.com/maps/place/Pantai+Krakal/data=!4m7!3m6!1s0x2e7bba938e770d49:0x1a0648b6176c58d5!8m2!3d-8.1451024!4d110.5988006!16s%2Fg%2F11c5zv50tt!19sChIJSQ13jpO6ey4R1VhsF7ZIBho?authuser=0&hl=en&rclk=1,-8.1451024,110.5988006,bagus,3032.0,waves,pantai slili,white sand,beach cleanliness,gazebo,,,,,,
Wedi Beach Ireng,Jawa Timur,4.7,https://www.google.com/maps/place/Wedi+Beach+Ireng/data=!4m7!3m6!1s0x2e78c652978c5fdb:0xd55a4e99d7a9f6ad!8m2!3d-8.3237437!4d112.1891166!16s%2Fg%2F11bwn44zgz!19sChIJ21-Ml1LGeC4Rrfap15lOWtU?authuser=0&hl=en&rclk=1,-8.3237437,112.1891166,bagus,39.0,island,quiet,beach,PASAR PASIR  Local Guide ·  reviews ·  photos,"PAJERO TRIP  Local Guide · , reviews · , photos",,,,,,
Pantai Kayu Arum,DI Yogyakarta,4.7,https://www.google.com/maps/place/Pantai+Kayu+Arum/data=!4m7!3m6!1s0x2e7bbabdf03c5607:0x50169f0ec086d6a0!8m2!3d-8.1295496!4d110.5342345!16s%2Fg%2F11csq2768k!19sChIJB1Y88L26ey4RoNaGwA6fFlA?authuser=0&hl=en&rclk=1,-8.1295496,110.5342345,bagus,619.0,private beach,Baron Beach,downhill,access to the beach,beach cleanliness,,,,,,
Cemara Beach,Lampung,4.7,https://www.google.com/maps/place/Cemara+Beach/data=!4m7!3m6!1s0x2e4111446f9707db:0xc210a461fef4c87!8m2!3d-5.6857183!4d105.529603!16s%2Fg%2F11rmfsl5ns!19sChIJ2weXb0QRQS4Rh0zvH0YKIQw?authuser=0&hl=en&rclk=1,-5.6857183,105.529603,bagus,153.0,beach front,warung area,shade,beach access,clean beach,,,,,,
Wisata Pantai Teluk Paku,Lampung,4.7,https://www.google.com/maps/place/Wisata+Pantai+Teluk+Paku/data=!4m7!3m6!1s0x2e46cd76ffab05ad:0xb65cfe6c84a1c5cf!8m2!3d-5.7122747!4d104.988712!16s%2Fg%2F11gg6z0fb6!19sChIJrQWr_3bNRi4Rz8WhhGz-XLY?authuser=0&hl=en&rclk=1,-5.7122747,104.988712,bagus,84.0,coral view,pristine beach,rock,exotic view,extortion,,,,,,
Samares Beach,Papua,4.7,https://www.google.com/maps/place/Samares+Beach/data=!4m7!3m6!1s0x6803f5d13f922f95:0x59dceafcd5381f8f!8m2!3d-1.045835!4d136.176921!16s%2Fg%2F11hbh6l_dz!19sChIJlS-SP9H1A2gRjx841fzq3Fk?authuser=0&hl=en&rclk=1,-1.045835,136.176921,bagus,53.0,waves 4,strong current pacific beach 2,white sand 2,surfer 2,tour 5,,,,,,
Pantai Menganti Kebumen,Jawa Tengah,4.7,https://www.google.com/maps/place/Pantai+Menganti+Kebumen/data=!4m7!3m6!1s0x2e6531a391120f65:0x5a377b098ce34660!8m2!3d-7.7725534!4d109.4126815!16s%2Fg%2F11gjj2whqz!19sChIJZQ8SkaMxZS4RYEbjjAl7N1o?authuser=0&hl=en&rclk=1,-7.7725534,109.4126815,bagus,5116.0,cliffs,waves,white sand,photo spots,scenery,,,,,,
Pantai Patawana,Papua Barat,4.7,https://www.google.com/maps/place/Pantai+Patawana/data=!4m7!3m6!1s0x2d46227f27d83289:0xfc36f242e7320d44!8m2!3d-3.0074872!4d132.4374527!16s%2Fg%2F11bzr6x09_!19sChIJiTLYJ38iRi0RRA0y50LyNvw?authuser=0&hl=en&rclk=1,-3.0074872,132.4374527,bagus,93.0,waves 3,safe swimming 2,beautiful beaches 2,cleanliness 4,scenery 3,,,,,,
Pantai Sirih Nabire Papua,Papua,4.7,https://www.google.com/maps/place/Pantai+Sirih+Nabire+Papua/data=!4m7!3m6!1s0x681fa7504e7ef3e5:0x37c7b23fc94cf23d!8m2!3d-3.2606941!4d135.5556934!16s%2Fg%2F11r_wjp41z!19sChIJ5fN-TlCnH2gRPfJMyT-yxzc?authuser=0&hl=en&rclk=1,-3.2606941,135.5556934,bagus,3.0,Imelda suruan 7 reviews · 5 photos,Azril Rahandika 1 review · 1 photo,,,,,,,,,
Pantai Setigi Heni,Lampung,4.7,https://www.google.com/maps/place/Pantai+Setigi+Heni/data=!4m7!3m6!1s0x2e41126dac2f8dfb:0x96b08fccd86fff38!8m2!3d-5.7898231!4d105.5813092!16s%2Fg%2F11f3r1y643!19sChIJ-40vrG0SQS4ROP9v2MyPsJY?authuser=0&hl=en&rclk=1,-5.7898231,105.5813092,bagus,1963.0,clean beach,gazebo,prayer room,private beach,white sand,,,,,,
Karang Taraje Beach,Banten,4.7,https://www.google.com/maps/place/Karang+Taraje+Beach/data=!4m7!3m6!1s0x2e4290141ba1cf59:0xb1edaf09255ac35c!8m2!3d-6.9907843!4d106.3262475!16s%2Fg%2F11b7v_616l!19sChIJWc-hGxSQQi4RXMNaJQmv7bE?authuser=0&hl=en&rclk=1,-6.9907843,106.3262475,bagus,1262.0,reef,wave,waterfall,sawarna beach,scenery,,,,,,
Pantai Sadranan,DI Yogyakarta,4.7,https://www.google.com/maps/place/Pantai+Sadranan/data=!4m7!3m6!1s0x2e7bbb8aa99c29f3:0xd8672d6fb7d0ceea!8m2!3d-8.145668!4d110.6043914!16s%2Fg%2F11pb_1n47n!19sChIJ8ymcqYq7ey4R6s7Qt28tZ9g?authuser=0&hl=en&rclk=1,-8.145668,110.6043914,bagus,5793.0,,,,,,,,,,,
Pantai Wisata Kampung Rasiei,Papua Barat,4.7,https://www.google.com/maps/place/Pantai+Wisata+Kampung+Rasiei/data=!4m7!3m6!1s0x2d4b718d3e83779b:0x9c305498af4c0928!8m2!3d-2.8140583!4d134.5210967!16s%2Fg%2F11rkff3njt!19sChIJm3eDPo1xSy0RKAlMr5hUMJw?authuser=0&hl=en&rclk=1,-2.8140583,134.5210967,bagus,6.0,Chaky Randongkir Chaky randongkir 2 reviews,h tubur 1 review · 5 photos,,,,,,,,,
Pasir Putih Pantai Ancol,DKI Jakarta,4.7,https://www.google.com/maps/place/Pasir+Putih+Pantai+Ancol/data=!4m7!3m6!1s0x2e6a1f0f772d6ded:0x6396142d06ba95db!8m2!3d-6.1185834!4d106.8529593!16s%2Fg%2F11sf6f07kv!19sChIJ7W0tdw8fai4R25W6Bi0UlmM?authuser=0&hl=en&rclk=1,-6.1185834,106.8529593,bagus,1210.0,white sand,prayer room,beach cleanliness,clean toilet,playing in the sand,,,,,,
Watu Kodok Beach,DI Yogyakarta,4.7,https://www.google.com/maps/place/Watu+Kodok+Beach/data=!4m7!3m6!1s0x2e7bbbcfd6c5a261:0xe7b408d28d5cd6c7!8m2!3d-8.1370427!4d110.5748718!16s%2Fg%2F11h_5w031_!19sChIJYaLF1s-7ey4Rx9ZcjdIItOc?authuser=0&hl=en&rclk=1,-8.1370427,110.5748718,bagus,4835.0,clean beach,white sand,gazebo,drini beach,soft sand,,,,,,
Pulau Um,Papua Barat Daya,4.7,https://www.google.com/maps/place/Pulau+Um/data=!4m7!3m6!1s0x2d5943004d53d2b9:0x85235ea7d7c6841e!8m2!3d-0.73675!4d131.583621!16s%2Fg%2F11j92vdklg!19sChIJudJTTQBDWS0RHoTG16deI4U?authuser=0&hl=en&rclk=1,-0.73675,131.583621,bagus,11.0,clean beach 2,bats 2,clear water 2,beach 3,John Felix art 9 photos,,,,,,
Pantai Lawar,Nusa Tenggara Barat,4.7,https://www.google.com/maps/place/Pantai+Lawar/data=!4m7!3m6!1s0x2dccf3bf97795831:0x61cfc1d046296013!8m2!3d-8.9639463!4d116.7273381!16s%2Fg%2F11c5b1lq6b!19sChIJMVh5l7_zzC0RE2ApRtDBz2E?authuser=0&hl=en&rclk=1,-8.9639463,116.7273381,bagus,116.0,surfing 2,white sand 5,view 5,cozy atmosphere 2,diving 2,,,,,,
Pantai Teluk Karang,Bangka Belitung,4.7,https://www.google.com/maps/place/Pantai+Teluk+Karang/data=!4m7!3m6!1s0x2e22f5b461b179e7:0xebb9daaee3c1f1b4!8m2!3d-1.8026653!4d106.1264769!16s%2Fg%2F11t10vpnn2!19sChIJ53mxYbT1Ii4RtPHB467aues?authuser=0&hl=en&rclk=1,-1.8026653,106.1264769,bagus,118.0,rocks,prayer room,beauty of the beach,photo spots,rock formations,,,,,,
DESTINASI WISATA PANTAI KUPANG,Kalimantan Barat,4.7,https://www.google.com/maps/place/DESTINASI+WISATA+PANTAI+KUPANG/data=!4m7!3m6!1s0x2e1cdd1e9e4a2f19:0x5c3003f973e80c00!8m2!3d-0.6882185!4d109.2422865!16s%2Fg%2F11ngl0hfb7!19sChIJGS9Knh7dHC4RAAzoc_kDMFw?authuser=0&hl=en&rclk=1,-0.6882185,109.2422865,bagus,19.0,Wan Syahril  review ·  photos,arif W  reviews ·  photos,Anggun  reviews,fa timah  reviews ·  photos,Lihin Taslim  review ·  photos,,,,,,
Tanjung Kelayang Beach,Bangka Belitung,4.7,https://www.google.com/maps/place/Tanjung+Kelayang+Beach/data=!4m7!3m6!1s0x2e22f4fcc2606cb5:0x2a8bc48c7d43b294!8m2!3d-2.5594181!4d107.6703692!16s%2Fg%2F11c0rrwhhq!19sChIJtWxgwvz0Ii4RlLJDfYzEiyo?authuser=0&hl=en&rclk=1,-2.5594181,107.6703692,bagus,4401.0,granite,sand island,kelayang island,lengkuas island,island hopping,,,,,,
Pantai Sulaa,Sulawesi Tenggara,4.7,https://www.google.com/maps/place/Pantai+Sulaa/data=!4m7!3m6!1s0x2da47060c7dc3ee5:0x1962f1e0d89ba85a!8m2!3d-5.519371!4d122.5583814!16s%2Fg%2F11c51t5xwt!19sChIJ5T7cx2BwpC0RWqib2ODxYhk?authuser=0&hl=en&rclk=1,-5.519371,122.5583814,bagus,19.0,cleanliness 2,Nursidik wahyudin 1 review · 6 photos,,,,,,,,,
Pantai Pasir Putih,Nusa Tenggara Barat,4.7,https://www.google.com/maps/place/Pantai+Pasir+Putih/data=!4m7!3m6!1s0x2dcc15b3aa44a13b:0x1fcb310163be5a7a!8m2!3d-8.5196033!4d116.8204627!16s%2Fg%2F11sjltgxq6!19sChIJO6FEqrMVzC0Relq-YwExyx8?authuser=0&hl=en&rclk=1,-8.5196033,116.8204627,bagus,27.0,sunset 3,nice beaches 3,cleanliness 2,swimming 2,clean water 3,,,,,,
Pantai Wohkudu,DI Yogyakarta,4.7,https://www.google.com/maps/place/Pantai+Wohkudu/data=!4m7!3m6!1s0x2e7bafbfd35c9d01:0x7bea2670b20935a7!8m2!3d-8.0988822!4d110.4405627!16s%2Fg%2F11rd3gp10k!19sChIJAZ1c07-vey4RpzUJsnAm6ns?authuser=0&hl=en&rclk=1,-8.0988822,110.4405627,bagus,869.0,cliffs,access to the beach,private beach,reefs,waves,,,,,,
Pantai Amai,Papua Pegunungan,4.7,https://www.google.com/maps/place/Pantai+Amai/data=!4m7!3m6!1s0x686ce1bbec2181d5:0x38cec4ad2e78f605!8m2!3d-2.4348424!4d140.3735734!16s%2Fg%2F11fszdlxnr!19sChIJ1YEh7LvhbGgRBfZ4Lq3Ezjg?authuser=0&hl=en&rclk=1,-2.4348424,140.3735734,bagus,20.0,beach 2,beautiful place 2,ekopur 516 Local Guide · 154 reviews · 762 photos,Lia 3 reviews · 5 photos,A REG,,,,,,
Mount Yamin,Papua Pegunungan,4.7,https://www.google.com/maps/place/Mount+Yamin/data=!4m7!3m6!1s0x6840a0291e4a7a13:0x90850a2b2c2701e7!8m2!3d-4.6619444!4d140.0522222!16s%2Fm%2F0k3gw_j!19sChIJE3pKHimgQGgR5wEnLCsKhZA?authuser=0&hl=en&rclk=1,-4.6619444,140.0522222,bagus,14.0,yudistira adhi SR 5 reviews · 2 photos,Muhammad Ardha 6 reviews,AHMAD OMAN 10 reviews · 1 photo,Novita Rinda sari 2 reviews · 5 photos,Caio Schnaider da Silva 14 reviews,,,,,,
Sinokisi Beach,Papua,4.7,https://www.google.com/maps/place/Sinokisi+Beach/data=!4m7!3m6!1s0x686cdecd38357f71:0xecf7d9dfd4f9ebcd!8m2!3d-2.4046378!4d140.2446279!16s%2Fg%2F11dx96f27c!19sChIJcX81OM3ebGgRzev51N_Z9-w?authuser=0&hl=en&rclk=1,-2.4046378,140.2446279,bagus,31.0,white sand 4,friendly locals 2,clean beach 2,clear water 2,beautiful place 2,,,,,,
Pantai Sowa,Papua,4.7,https://www.google.com/maps/place/Pantai+Sowa/data=!4m7!3m6!1s0x681fdfe86ff25853:0x338fe0037c56d4f!8m2!3d-3.3396422!4d135.0157781!16s%2Fg%2F11c5qmx26_!19sChIJU1jyb-jfH2gRT23FNwD-OAM?authuser=0&hl=en&rclk=1,-3.3396422,135.0157781,bagus,113.0,whale shark 12,boat rental 2,white sand 2,playing with whales 2,habitat 2,,,,,,
Cemeti Beach,Kalimantan Tengah,4.7,https://www.google.com/maps/place/Cemeti+Beach/data=!4m7!3m6!1s0x2de249c263d383bd:0xef87a6c6db752d27!8m2!3d-3.1126851!4d113.193345!16s%2Fg%2F11pdtz4nzk!19sChIJvYPTY8JJ4i0RJy1128amh-8?authuser=0&hl=en&rclk=1,-3.1126851,113.193345,bagus,3.0,frama haikal  reviews ·  photos,Fandy Muhammad  reviews ·  photos,,,,,,,,,
Pantai Setarap,Kalimantan Selatan,4.7,https://www.google.com/maps/place/Pantai+Setarap/data=!4m7!3m6!1s0x2de6250a4ebd5073:0x82d4ab14b0d9eb75!8m2!3d-3.8000245!4d115.5181939!16s%2Fg%2F11btyrx4mx!19sChIJc1C9Tgol5i0RdevZsBSr1II?authuser=0&hl=en&rclk=1,-3.8000245,115.5181939,bagus,57.0,photos,beach,village,view,,,,,,,
Pantai silopo,Sulawesi Barat,4.7,https://www.google.com/maps/place/Pantai+silopo/data=!4m7!3m6!1s0x2d9461cf3b92afe9:0x518336ad8b357401!8m2!3d-3.4762964!4d119.4455377!16s%2Fg%2F11h_4z4pd6!19sChIJ6a-SO89hlC0RAXQ1i602g1E?authuser=0&hl=en&rclk=1,-3.4762964,119.4455377,bagus,9.0,Nurul hidayani Nurul  reviews,Illank  Local Guide ·  reviews ·  photos,,,,,,,,,
Pantai Bongen,Sumatera Selatan,4.7,https://www.google.com/maps/place/Pantai+Bongen/data=!4m7!3m6!1s0x2e3abd006a86f115:0x45405c530c6517d4!8m2!3d-2.6770502!4d103.7324294!16s%2Fg%2F11x0z6ff3n!19sChIJFfGGagC9Oi4R1BdlDFNcQEU?authuser=0&hl=en&rclk=1,-2.6770502,103.7324294,bagus,6.0,,,,,,,,,,,
Pantai Batu Kebayan,Sumatera Selatan,4.7,https://www.google.com/maps/place/Pantai+Batu+Kebayan/data=!4m7!3m6!1s0x2e3873acd2b520c9:0xf93e1a708f65a078!8m2!3d-4.82411!4d103.978911!16s%2Fg%2F11ssytd592!19sChIJySC10qxzOC4ReKBlj3AaPvk?authuser=0&hl=en&rclk=1,-4.82411,103.978911,bagus,26.0,scenery,swimming,public place,Masha Allah,,,,,,,
Pantai Love,Sumatera Selatan,4.7,https://www.google.com/maps/place/Pantai+Love/data=!4m7!3m6!1s0x2e3b8f7048a8cc05:0x13eb16e0526ffb2d!8m2!3d-3.187012!4d104.906733!16s%2Fg%2F11j6shdf93!19sChIJBcyoSHCPOy4RLftvUuAW6xM?authuser=0&hl=en&rclk=1,-3.187012,104.906733,bagus,914.0,view,beaches,sunset,bean bags,rice fields,,,,,,
Pantai Watu Bella,Nusa Tenggara Timur,4.7,https://www.google.com/maps/place/Pantai+Watu+Bella/data=!4m7!3m6!1s0x2c4afb561eee363f:0xc794440599f3be88!8m2!3d-9.7669273!4d119.3248024!16s%2Fg%2F11c5sr2wrv!19sChIJPzbuHlb7SiwRiL7zmQVElMc?authuser=0&hl=en&rclk=1,-9.7669273,119.3248024,bagus,427.0,coconuts 34,cliff 13,cave 22,white sand 10,beach cleanliness 13,,,,,,
Pantai Batu Pintu,Nusa Tenggara Timur,4.7,https://www.google.com/maps/place/Pantai+Batu+Pintu/data=!4m7!3m6!1s0x2c50da65e360f83d:0x5557a448a18cf2eb!8m2!3d-10.9151787!4d122.8821099!16s%2Fg%2F11fx82pmbb!19sChIJPfhg42XaUCwR6_KMoUikV1U?authuser=0&hl=en&rclk=1,-10.9151787,122.8821099,bagus,111.0,beach 9,pristine blue water 2,beach cleanliness 4,scenery 5,photo spot 3,,,,,,
"Tanjung Batu Putih, Rium, Amarasi Timur",Nusa Tenggara Timur,4.7,"https://www.google.com/maps/place/Tanjung+Batu+Putih,+Rium,+Amarasi+Timur/data=!4m7!3m6!1s0x2c566d48a21b6173:0x2de2bb253c5cdb12!8m2!3d-10.2174046!4d124.0824853!16s%2Fg%2F11f78bh1bm!19sChIJc2EbokhtViwREttcPCW74i0?authuser=0&hl=en&rclk=1",-10.2174046,124.0824853,bagus,111.0,road access 7,difficult road 3,beautiful scenery 3,natural place 3,camping 4,,,,,,
Pantai Pasir Putih Mingar,Nusa Tenggara Timur,4.7,https://www.google.com/maps/place/Pantai+Pasir+Putih+Mingar/data=!4m7!3m6!1s0x2dab68a489be2ebf:0xc1988f06aee8fbfd!8m2!3d-8.54385!4d123.2673177!16s%2Fg%2F11f3d66vhx!19sChIJvy6-iaRoqy0R_fvorgaPmME?authuser=0&hl=en&rclk=1,-8.54385,123.2673177,bagus,100.0,white sand 12,big waves 3,tourist beach 2,coastline 3,tour 2,,,,,,
Pantai tete,Sulawesi Selatan,4.7,https://www.google.com/maps/place/Pantai+tete/data=!4m7!3m6!1s0x2dbdd3b9766a9c21:0xd1ec8a883ee670a6!8m2!3d-4.948462!4d120.292478!16s%2Fg%2F11sqr1__3n!19sChIJIZxqdrnTvS0RpnDmPoiK7NE?authuser=0&hl=en&rclk=1,-4.948462,120.292478,bagus,27.0,recreation,Asjaka Samsung  reviews,Ai  Local Guide ·  reviews ·  photos,VCO Kelapa Kampoeng  reviews,ROSMAWATI  photos,,,,,,
Pantai Wane,Nusa Tenggara Barat,4.7,https://www.google.com/maps/place/Pantai+Wane/data=!4m7!3m6!1s0x2dca8399ed2d5c13:0x4b339f6f090bd64a!8m2!3d-8.808802!4d118.656201!16s%2Fg%2F11k4l7gzmm!19sChIJE1wt7ZmDyi0RStYLCW-fM0s?authuser=0&hl=en&rclk=1,-8.808802,118.656201,bagus,133.0,waves 11,beauty of the beach 4,beach cleanliness 8,white sand 3,open sea 2,,,,,,
Pantai Labuan Balat,Nusa Tenggara Barat,4.7,https://www.google.com/maps/place/Pantai+Labuan+Balat/data=!4m7!3m6!1s0x2dcc6705072c8679:0xaeba5484d7606200!8m2!3d-8.766354!4d116.796408!16s%2Fg%2F11y1z0qygj!19sChIJeYYsBwVnzC0RAGJg14RUuq4?authuser=0&hl=en&rclk=1,-8.766354,116.796408,bagus,20.0,beach 4,ditta sri wardiani 6 reviews · 6 photos,Maryati Maryati 6 reviews · 22 photos,,,,,,,,
Pantai Batu Bolong,Nusa Tenggara Barat,4.7,https://www.google.com/maps/place/Pantai+Batu+Bolong/data=!4m7!3m6!1s0x2dcdc3ff9154aebd:0x4b298c81d1c7e564!8m2!3d-8.50462!4d116.0534203!16s%2Fg%2F11kj_lcgh2!19sChIJva5Ukf_DzS0RZOXH0YGMKUs?authuser=0&hl=en&rclk=1,-8.50462,116.0534203,bagus,49.0,,,,,,,,,,,
Nemberala Beach,Nusa Tenggara Timur,4.7,https://www.google.com/maps/place/Nemberala+Beach/data=!4m7!3m6!1s0x2c50d958ff439ebb:0xfd64cfbb565d9f6c!8m2!3d-10.889968!4d122.8226098!16s%2Fg%2F11dxkz54pf!19sChIJu55D_1jZUCwRbJ9dVrvPZP0?authuser=0&hl=en&rclk=1,-10.889968,122.8226098,bagus,439.0,sunset 43,coconut trees 5,surf 39,white sand 9,surfing spot 3,,,,,,
Pantai Tarimbang,Nusa Tenggara Timur,4.7,https://www.google.com/maps/place/Pantai+Tarimbang/data=!4m7!3m6!1s0x2c4b9b197a75258b:0x7e882d8dc051e9b1!8m2!3d-9.9728579!4d119.9458569!16s%2Fg%2F11cn0mj8qj!19sChIJiyV1ehmbSywRselRwI0tiH4?authuser=0&hl=en&rclk=1,-9.9728579,119.9458569,bagus,186.0,nice waves 9,beauty of the beach 9,white sand 10,surf 10,beach cleanliness 3,,,,,,
Pantai bisik,Kalimantan Barat,4.7,https://www.google.com/maps/place/Pantai+bisik/data=!4m7!3m6!1s0x31e30bd025f27f31:0xfa47f075a0fffdc!8m2!3d0.7918577!4d108.8502329!16s%2Fg%2F11rp25t8m8!19sChIJMX_yJdAL4zER3P8PWgd_pA8?authuser=0&hl=en&rclk=1,0.7918577,108.8502329,bagus,16.0,beach glowing at night,beach,Shen Shen Agustino  reviews ·  photos,rani yulia  review,Nopa Ragil Saputra  review,,,,,,
Pantai Arung Parak,Kalimantan Barat,4.7,https://www.google.com/maps/place/Pantai+Arung+Parak/data=!4m7!3m6!1s0x31e4e7942acaa3b3:0xe42c49d460087309!8m2!3d1.6060872!4d109.1671987!16s%2Fg%2F11f2wlsqww!19sChIJs6PKKpTn5DERCXMIYNRJLOQ?authuser=0&hl=en&rclk=1,1.6060872,109.1671987,bagus,27.0,Yudajb   reviews ·  photos,Gita Puspita  reviews ·  photos,elsa ariska  review ·  photos,,,,,,,,
Pantai Mengening,Bali,4.7,https://www.google.com/maps/place/Pantai+Mengening/data=!4m7!3m6!1s0x2dd23821f5031d75:0xc34126863786026b!8m2!3d-8.6395322!4d115.1007188!16s%2Fg%2F11bv30m61d!19sChIJdR0D9SE40i0RawKGN4YmQcM?authuser=0&hl=en&rclk=1,-8.6395322,115.1007188,bagus,2094.0,waves 45,sunset 279,beach 300,black sand beach 21,warungs 17,,,,,,
Pantai Tongko,Sulawesi Tengah,4.7,https://www.google.com/maps/place/Pantai+Tongko/data=!4m7!3m6!1s0x2d8ee3b0e09906e7:0xffb4c8c121108cb9!8m2!3d-1.4083146!4d120.851668!16s%2Fg%2F11rr2lrpg0!19sChIJ5waZ4LDjji0RuYwQIcHItP8?authuser=0&hl=en&rclk=1,-1.4083146,120.851668,bagus,35.0,holiday,recreation,sulvedi as  reviews ·  photos,Sharny Pede  review ·  photos,Okha Nca  review ·  photo,,,,,,
Pantai Karosondaya,Sulawesi Tengah,4.7,https://www.google.com/maps/place/Pantai+Karosondaya/data=!4m7!3m6!1s0x2d8ecb83e381fc81:0x289bb67f2d583b89!8m2!3d-1.0442674!4d120.5331907!16s%2Fg%2F11s69k8469!19sChIJgfyB44PLji0RiTtYLX-2myg?authuser=0&hl=en&rclk=1,-1.0442674,120.5331907,bagus,14.0,Delt Asgar  reviews ·  photo,Irwan Tonggu  reviews ·  photos,Gugun Radiyas  reviews ·  photos,Mohammad Sidiq  reviews,Fernandes Lumingkewas  review,,,,,,
Pantai Double - Six,Bali,4.7,https://www.google.com/maps/place/Pantai+Double+-+Six/data=!4m7!3m6!1s0x2dd2479816ac658f:0xc8f11ad843a0f6a4!8m2!3d-8.6975406!4d115.1621384!16s%2Fg%2F11n_xx1p1_!19sChIJj2WsFphH0i0RpPagQ9ga8cg?authuser=0&hl=en&rclk=1,-8.6975406,115.1621384,bagus,2162.0,sunset 193,beach cleanliness 56,atmosphere 30,surfing 32,bean bag 12,,,,,,
Pantai Manula,Bengkulu,4.7,https://www.google.com/maps/place/Pantai+Manula/data=!4m7!3m6!1s0x2e47ffc2a4055b1b:0xcaf1d6808a8b3da8!8m2!3d-4.9217994!4d103.5948532!16s%2Fg%2F11trxczg91!19sChIJG1sFpML_Ry4RqD2LioDW8co?authuser=0&hl=en&rclk=1,-4.9217994,103.5948532,bagus,0.0,,,,,,,,,,,
Pura Geger Beach,Bali,4.7,https://www.google.com/maps/place/Pura+Geger+Beach/data=!4m7!3m6!1s0x2dd25ccfdf2bbe1f:0x27ad3d7e47072359!8m2!3d-8.819863!4d115.223829!16s%2Fg%2F11cm_pt96n!19sChIJH74r389c0i0RWSMHR349rSc?authuser=0&hl=en&rclk=1,-8.819863,115.223829,bagus,1775.0,cliffs 43,clean beach 64,white sand 33,quiet beach 34,beautiful scenery 32,,,,,,
Pantai Air Langkap,Bengkulu,4.7,https://www.google.com/maps/place/Pantai+Air+Langkap/data=!4m7!3m6!1s0x2e37ef17ecc2d2cb:0x86314c3412dfaf57!8m2!3d-4.7329907!4d103.2910558!16s%2Fg%2F11f3ww3x7_!19sChIJy9LC7BfvNy4RV6_fEjRMMYY?authuser=0&hl=en&rclk=1,-4.7329907,103.2910558,bagus,162.0,beach,large coral rocks,clean beach,private beach,natural sea,,,,,,
Pantai Pertamina Denpasar Bali,Bali,4.7,https://www.google.com/maps/place/Pantai+Pertamina+Denpasar+Bali/data=!4m7!3m6!1s0x2dd2442388cbbfc5:0x81b4f17ca38ef62d!8m2!3d-8.7418011!4d115.1596255!16s%2Fg%2F11g6lx2j40!19sChIJxb_LiCNE0i0RLfaOo3zxtIE?authuser=0&hl=en&rclk=1,-8.7418011,115.1596255,bagus,37.0,calm atmosphere 2,crowded visitors 2,sunset 8,not crowded 3,quiet place 3,,,,,,
Pantai zakat bengkulu,Bengkulu,4.7,https://www.google.com/maps/place/Pantai+zakat+bengkulu/data=!4m7!3m6!1s0x2e36b1b2dfc425d9:0xd58d8cb68fca4faf!8m2!3d-3.7819132!4d102.2594817!16s%2Fg%2F11sv_gwcgm!19sChIJ2SXE37KxNi4Rr0_Kj7aMjdU?authuser=0&hl=en&rclk=1,-3.7819132,102.2594817,bagus,849.0,bath,swimming at the beach,banana boat,safe for swimming,shower area,,,,,,
Pantai/pelabuhan Tanjung pandan,Bengkulu,4.7,https://www.google.com/maps/place/Pantai%2Fpelabuhan+Tanjung+pandan/data=!4m7!3m6!1s0x2e37ef4be7f3efcb:0x85b0340913435e01!8m2!3d-4.7108447!4d103.2848036!16s%2Fg%2F11rj0bx6lh!19sChIJy-_z50vvNy4RAV5DEwk0sIU?authuser=0&hl=en&rclk=1,-4.7108447,103.2848036,bagus,223.0,marble selection,quartz selection,quartzite slabs,slab selection,granite slabs,,,,,,
Pantai Biaung,Bali,4.7,https://www.google.com/maps/place/Pantai+Biaung/data=!4m7!3m6!1s0x2dd2419ecb58a1dd:0x6b4144cc9c1da36f!8m2!3d-8.6528433!4d115.2702633!16s%2Fg%2F11snqg6krr!19sChIJ3aFYy55B0i0Rb6MdnMxEQWs?authuser=0&hl=en&rclk=1,-8.6528433,115.2702633,bagus,300.0,coast 5,waves 8,black sand beach 9,beach cleanliness 6,riding 3,,,,,,
Pantai Baikolet,Pulau Buru,4.7,https://www.google.com/maps/place/Pantai+Baikolet/data=!4m7!3m6!1s0x2d721539284a2c03:0x7a45b84c98e8eaa!8m2!3d-3.1710295!4d127.0272276!16s%2Fg%2F11j0b3472c!19sChIJAyxKKDkVci0Rqo6OyYRbpAc?authuser=0&hl=en&rclk=1,-3.1710295,127.0272276,bagus,15.0,area 2,beach 4,clean beach 2,entrance fee 2,cleanliness 3,,,,,,
Wisata Pantai Teluk Gosong,Kalimantan Selatan,4.7,https://www.google.com/maps/place/Wisata+Pantai+Teluk+Gosong/data=!4m7!3m6!1s0x2def2d6a9ad6319b:0x362bed66cbff47c1!8m2!3d-3.3270819!4d116.2633324!16s%2Fg%2F11nxsvh9y6!19sChIJmzHWmmot7y0RwUf_y2btKzY?authuser=0&hl=en&rclk=1,-3.3270819,116.2633324,bagus,55.0,beach,photo spots,tourism office guidance,clean beach,beach atmosphere,,,,,,
Pantai Keluarga,Kalimantan Tengah,4.7,https://www.google.com/maps/place/Pantai+Keluarga/data=!4m7!3m6!1s0x2e09191aaeb3bd97:0x96d879447f38cfb5!8m2!3d-3.0004487!4d111.5410295!16s%2Fg%2F11qfw01g65!19sChIJl72zrhoZCS4Rtc84f0R52JY?authuser=0&hl=en&rclk=1,-3.0004487,111.5410295,bagus,3.0,Tasya Akun  review ·  photos,,,,,,,,,,
Pantai Kuta limau Mwnis,Riau,4.7,https://www.google.com/maps/place/Pantai+Kuta+limau+Mwnis/data=!4m7!3m6!1s0x31d51100123f27f3:0x35a8bba11deeb82b!8m2!3d0.3769849!4d101.0766447!16s%2Fg%2F11ykqkj3dn!19sChIJ8yc_EgAR1TERK7juHaG7qDU?authuser=0&hl=en&rclk=1,0.3769849,101.0766447,bagus,36.0,very clean place,clear water,village atmosphere,playing in the river,interesting location,,,,,,
Pantai Pasir Putih,Kalimantan Timur,4.7,https://www.google.com/maps/place/Pantai+Pasir+Putih/data=!4m7!3m6!1s0x2df5e94ff095a4a9:0x565e27ce47a00948!8m2!3d-0.2187574!4d117.4305429!16s%2Fg%2F11t0rn_4l8!19sChIJqaSV8E_p9S0RSAmgR84nXlY?authuser=0&hl=en&rclk=1,-0.2187574,117.4305429,bagus,50.0,gazebo,beach,white sand beach,clean beach,friendly lifeguards,,,,,,
Pantai HUWONGO,Gorontalo,4.7,https://www.google.com/maps/place/Pantai+HUWONGO/data=!4m7!3m6!1s0x3278e18de00cc5c5:0xf2b49fa3da20f203!8m2!3d0.483355!4d122.717985!16s%2Fg%2F11rsp7n79s!19sChIJxcUM4I3heDIRA_Ig2qOftPI?authuser=0&hl=en&rclk=1,0.483355,122.717985,bagus,3.0,THE PRIME BUHUTA  review,,,,,,,,,,
Pantai Sanleko,Pulau Buru,4.7,https://www.google.com/maps/place/Pantai+Sanleko/data=!4m7!3m6!1s0x2d726d53b7f7e9d7:0x8822c80215c67e2!8m2!3d-3.2975061!4d127.0401149!16s%2Fg%2F11kyt0gsgc!19sChIJ1-n3t1Ntci0R4mdcIYAsggg?authuser=0&hl=en&rclk=1,-3.2975061,127.0401149,bagus,9.0,Siti Rahma Rumomar 1 review,Aditia Rumbia 8 photos,Kiloan Haha 2 reviews,,,,,,,,
Taman Laut Olele,Gorontalo,4.7,https://www.google.com/maps/place/Taman+Laut+Olele/data=!4m7!3m6!1s0x327edbffffffffff:0x25123d4bff1ef367!8m2!3d0.4100429!4d123.1525524!16s%2Fg%2F11clys_yzm!19sChIJ_______bfjIRZ_Me_0s9EiU?authuser=0&hl=en&rclk=1,0.4100429,123.1525524,bagus,875.0,snorkeling,coral,underwater,marine life,marine park,,,,,,
WISATA PANTAI BAIKOLET,Pulau Buru,4.7,https://www.google.com/maps/place/WISATA+PANTAI+BAIKOLET/data=!4m7!3m6!1s0x2d7217667ca054ff:0xd42221e762675236!8m2!3d-3.1723498!4d127.0281949!16s%2Fg%2F11hf9y1z9f!19sChIJ_1SgfGYXci0RNlJnYuchItQ?authuser=0&hl=en&rclk=1,-3.1723498,127.0281949,bagus,40.0,boat 2,white sand 2,beach beauty 2,clear water 3,cleanliness 3,,,,,,
Pantai Kasambang,Sulawesi Barat,4.7,https://www.google.com/maps/place/Pantai+Kasambang/data=!4m7!3m6!1s0x2d933af51cdff417:0x954d57c1aecf5cfc!8m2!3d-2.8869096!4d118.8850794!16s%2Fg%2F11f2706yxj!19sChIJF_TfHPU6ky0R_FzPrsFXTZU?authuser=0&hl=en&rclk=1,-2.8869096,118.8850794,bagus,21.0,Muh Taufan  reviews ·  photos,Arjho Taslim  reviews ·  photos,Syawal Muh  review ·  photo,akkal Sarina  reviews ·  photos,afka rina dian fahira  review ·  photo,,,,,,
Pantai Asmara Tapandulu,Sulawesi Barat,4.7,https://www.google.com/maps/place/Pantai+Asmara+Tapandulu/data=!4m7!3m6!1s0x2d92d724558436c3:0x4d8481270fddf436!8m2!3d-2.6956688!4d118.7800317!16s%2Fg%2F11rggft4z8!19sChIJwzaEVSTXki0RNvTdDyeBhE0?authuser=0&hl=en&rclk=1,-2.6956688,118.7800317,bagus,7.0,beach,healing,IR Fishing  reviews ·  photos,Armand Sri  reviews ·  photos,P U R N A M A  Local Guide ·  reviews ·  photos,,,,,,
Pantai empat bersaudara,Kalimantan Tengah,4.7,https://www.google.com/maps/place/Pantai+empat+bersaudara/data=!4m7!3m6!1s0x2e091900556126c5:0x2c9ecf509a71f9f8!8m2!3d-2.961836!4d111.5034987!16s%2Fg%2F11ynp5r1db!19sChIJxSZhVQAZCS4R-PlxmlDPniw?authuser=0&hl=en&rclk=1,-2.961836,111.5034987,bagus,3.0,Hamada  reviews ·  photos,Fatur Faqih  reviews,Anita Rahmawati  review ·  photos,,,,,,,,
Pantai air manis,Sumatera Barat,4.7,https://www.google.com/maps/place/Pantai+air+manis/data=!4m7!3m6!1s0x2fd4bb97600710a5:0xf670a88e1c66e4b4!8m2!3d-0.986835!4d100.3597573!16s%2Fg%2F11trn80bkt!19sChIJpRAHYJe71C8RtORmHI6ocPY?authuser=0&hl=en&rclk=1,-0.986835,100.3597573,bagus,2463.0,Pantai Air Manis,ATV,malin kundang stone,gentle beach,banana island,,,,,,
"Pantai Semangkok ""Tanjung Batu""",Kalimantan Timur,4.7,https://www.google.com/maps/place/Pantai+Semangkok+%22Tanjung+Batu%22/data=!4m7!3m6!1s0x2df5f3cec54d041f:0xa72ce55ab77b408f!8m2!3d-0.0937344!4d117.4724675!16s%2Fg%2F11c2pmbb35!19sChIJHwRNxc7z9S0Rj0B7t1rlLKc?authuser=0&hl=en&rclk=1,-0.0937344,117.4724675,bagus,13.0,camping,Doni Bilung  reviews ·  photos,Bang Arief  reviews ·  photos,Syarifuddin Ali  reviews ·  photo,Beszz Bezss  photos,,,,,,
Pantai Ora,Pulau Seram,4.7,https://www.google.com/maps/place/Pantai+Ora/data=!4m7!3m6!1s0x2d6a3aaaaaaaaaab:0xf8e9bb942190466b!8m2!3d-2.9598946!4d129.1392275!16s%2Fg%2F11bwymkb38!19sChIJq6qqqqo6ai0Ra0aQIZS76fg?authuser=0&hl=en&rclk=1,-2.9598946,129.1392275,bagus,281.0,cliffs 9,coral reef 11,ora beach 3,atmosphere 4,underwater view 4,,,,,,
Pantai Tanjung Buaya,Sulawesi Utara,4.7,https://www.google.com/maps/place/Pantai+Tanjung+Buaya/data=!4m7!3m6!1s0x327ea48fb5db0cf3:0xf196b64c26d5d32a!8m2!3d0.909572!4d123.3349017!16s%2Fg%2F11dz_0t2z6!19sChIJ8wzbtY-kfjIRKtPVJky2lvE?authuser=0&hl=en&rclk=1,0.909572,123.3349017,bagus,17.0,Nabilla Ramadhani  review,Supli Van Gobel  reviews ·  photos,Dian Hadi  reviews,Sarjana_Buaya  reviews,Ofan Datukramat  review ·  photos,,,,,,
Batu Kuciang Beach,Sumatera Barat,4.7,https://www.google.com/maps/place/Batu+Kuciang+Beach/data=!4m7!3m6!1s0x2fd4a7f8ea92f937:0x5967d37002c3882a!8m2!3d-1.1644458!4d100.3807645!16s%2Fg%2F11r9bgb370!19sChIJN_mS6vin1C8RKojDAnDTZ1k?authuser=0&hl=en&rclk=1,-1.1644458,100.3807645,bagus,114.0,gazebo,gazebo rental,prayer room,clean beach,clean sand,,,,,,
Sunrise Beach,Sulawesi Utara,4.7,https://www.google.com/maps/place/Sunrise+Beach/data=!4m7!3m6!1s0x328719a705e2ef2f:0x670c58b1d882f18!8m2!3d1.2851143!4d125.062997!16s%2Fg%2F11smcqqm0b!19sChIJL-_iBacZhzIRGC-IHYvFcAY?authuser=0&hl=en&rclk=1,1.2851143,125.062997,bagus,63.0,gazebo,scenery,camping,toilets,facilities,,,,,,
Teluk Marunggai,Sumatera Barat,4.7,https://www.google.com/maps/place/Teluk+Marunggai/data=!4m7!3m6!1s0x2fd4a7331a881c9d:0x1585510d7d4b8dd5!8m2!3d-1.1786552!4d100.3851857!16s%2Fg%2F11j7hyn0y_!19sChIJnRyIGjOn1C8R1Y1LfQ1RhRU?authuser=0&hl=en&rclk=1,-1.1786552,100.3851857,bagus,255.0,clean beach,prayer room,white sand,gazebo,calm beach,,,,,,
Pantai Nusliko,Maluku Utara,4.7,https://www.google.com/maps/place/Pantai+Nusliko/data=!4m7!3m6!1s0x329d0dde1aa38273:0x30cd1ff46e85c0ed!8m2!3d0.2939286!4d127.8808104!16s%2Fg%2F11ftkb480f!19sChIJc4KjGt4NnTIR7cCFbvQfzTA?authuser=0&hl=en&rclk=1,0.2939286,127.8808104,bagus,27.0,sea cleanliness 2,atmosphere 2,Buyung Buyung 1 review · 3 photos,Muhamad Fani 2 reviews,,,,,,,
Pantai Kumo,Maluku Utara,4.7,https://www.google.com/maps/place/Pantai+Kumo/data=!4m7!3m6!1s0x329a618991cabcf9:0x7676ed9c9d069014!8m2!3d1.7303211!4d128.0199164!16s%2Fg%2F11hdsc350p!19sChIJ-bzKkYlhmjIRFJAGnZztdnY?authuser=0&hl=en&rclk=1,1.7303211,128.0199164,bagus,13.0,Mutiara Syamsika 6 reviews · 6 photos,Ani Seran 1 review · 5 photos,kenji goh 5 reviews,Waris Rizal 1 review · 2 photos,,,,,,,
Kanaan Beach,Sulawesi Utara,4.7,https://www.google.com/maps/place/Kanaan+Beach/data=!4m7!3m6!1s0x32871961c651f09d:0x8bdc2b7630f4e282!8m2!3d1.247129!4d125.0542268!16s%2Fg%2F11qn06w2tm!19sChIJnfBRxmEZhzIRguL0MHYr3Is?authuser=0&hl=en&rclk=1,1.247129,125.0542268,bagus,91.0,gazebo,clean sand,white sand,family tourism,quiet place,,,,,,
Pante Muka,Sulawesi Utara,4.7,https://www.google.com/maps/place/Pante+Muka/data=!4m7!3m6!1s0x3287b971fa3da885:0xbc20c68cc27c4df2!8m2!3d1.7268332!4d124.9630724!16s%2Fg%2F11qnld8ndh!19sChIJhag9-nG5hzIR8k18wozGILw?authuser=0&hl=en&rclk=1,1.7268332,124.9630724,bagus,26.0,cool atmosphere,beach,Valentine Kaitangpimpin  reviews ·  photos,Marthin Sumampouw  photos,David Mukau  reviews ·  photos,,,,,,
Pantai Kawasan Mega Mas,Sulawesi Utara,4.7,https://www.google.com/maps/place/Pantai+Kawasan+Mega+Mas/data=!4m7!3m6!1s0x32877510fd8d0561:0xbcd476c2eb66437a!8m2!3d1.4817422!4d124.8325007!16s%2Fg%2F11gdqqrd04!19sChIJYQWN_RB1hzIRekNm68J21Lw?authuser=0&hl=en&rclk=1,1.4817422,124.8325007,bagus,40.0,photo spots,food resto,sunset,hanging out,culinary,,,,,,
Pantai Bulo Rerer,Sulawesi Utara,4.7,https://www.google.com/maps/place/Pantai+Bulo+Rerer/data=!4m7!3m6!1s0x3287183791f83ca5:0x2a02696410d26ad3!8m2!3d1.26933!4d125.0591135!16s%2Fg%2F11gf8fcl1s!19sChIJpTz4kTcYhzIR02rSEGRpAio?authuser=0&hl=en&rclk=1,1.26933,125.0591135,bagus,73.0,cleanliness,recreation,Chand  Local Guide ·  reviews ·  photos,desmond longkutoy  reviews ·  photos,Mitha Harun  review,,,,,,
Sulamadaha Bay,Maluku Utara,4.7,https://www.google.com/maps/place/Sulamadaha+Bay/data=!4m7!3m6!1s0x329cad0fa9bc3f8d:0x98f770d95813ca28!8m2!3d0.8630372!4d127.3318494!16s%2Fg%2F11c5s6hq3v!19sChIJjT-8qQ-tnDIRKMoTWNlw95g?authuser=0&hl=en&rclk=1,0.8630372,127.3318494,bagus,326.0,snorkeling 26,swimming 27,sea turtles 3,scenery 10,young coconut ice 2,,,,,,
Pantai Kerikil Pulot Aceh Besar,Aceh,4.7,https://www.google.com/maps/place/Pantai+Kerikil+Pulot+Aceh+Besar/data=!4m7!3m6!1s0x30403dc69adabe49:0x38cb7186aab03b5f!8m2!3d5.3752519!4d95.2515537!16s%2Fg%2F11khkn1x53!19sChIJSb7amsY9QDARXzuwqoZxyzg?authuser=0&hl=en&rclk=1,5.3752519,95.2515537,bagus,27.0,photo spots,cleanliness,beach,,,,,,,,
pantai batu payung,Kalimantan Utara,4.7,https://www.google.com/maps/place/pantai+batu+payung/data=!4m7!3m6!1s0x32138900672e5a1b:0xe8f1cf5b14f4b572!8m2!3d3.2458426!4d117.6525721!16s%2Fg%2F11vr4h88py!19sChIJG1ouZwCJEzIRcrX0FFvP8eg?authuser=0&hl=en&rclk=1,3.2458426,117.6525721,bagus,3.0,lighthouse,Suryana Kaltara  reviews ·  photo,,,,,,,,,
Pantai Tanjung Jere,Maluku Utara,4.7,https://www.google.com/maps/place/Pantai+Tanjung+Jere/data=!4m7!3m6!1s0x32908d7b6d187699:0x373319589170a05!8m2!3d2.1787585!4d128.0662771!16s%2Fg%2F11rv1hn5_d!19sChIJmXYYbXuNkDIRBQoXiZUxcwM?authuser=0&hl=en&rclk=1,2.1787585,128.0662771,bagus,15.0,beach 4,Ardian Jois 5 photos,Nurasmi mustika 2 reviews,,,,,,,,
Pulau Gusung Sanggalau,Kalimantan Utara,4.7,https://www.google.com/maps/place/Pulau+Gusung+Sanggalau/data=!4m7!3m6!1s0x3212994030b1c913:0x331a93944ebaaa09!8m2!3d2.2999486!4d118.2426658!16s%2Fg%2F11mvgyf0fz!19sChIJE8mxMECZEjIRCaq6TpSTGjM?authuser=0&hl=en&rclk=1,2.2999486,118.2426658,bagus,64.0,white sand,snorkeling,sand dune,photo spot,sunset,,,,,,
Pantai Baro Peukan Bada Aceh Besar,Aceh,4.7,https://www.google.com/maps/place/Pantai+Baro+Peukan+Bada+Aceh+Besar/data=!4m7!3m6!1s0x30403182b74158e7:0x82ebfe5247009a03!8m2!3d5.5497549!4d95.2742311!16s%2Fg%2F11fnr5bb87!19sChIJ51hBt4IxQDARA5oAR1L-64I?authuser=0&hl=en&rclk=1,5.5497549,95.2742311,bagus,15.0,,,,,,,,,,,
Pantai Timur Pangandaran,Jawa Barat,4.7,https://www.google.com/maps/place/Pantai+Timur+Pangandaran/data=!4m7!3m6!1s0x2e6598f45b47c835:0xcb835a6f599b8101!8m2!3d-7.7022633!4d108.6583209!16s%2Fg%2F11gfb5f1vt!19sChIJNchHW_SYZS4RAYGbWW9ag8s?authuser=0&hl=en&rclk=1,-7.7022633,108.6583209,bagus,8709.0,banana boat,pangandaran beach,sunrise,beach cleanliness,morning,,,,,,
Madasari Beach,Jawa Barat,4.7,https://www.google.com/maps/place/Madasari+Beach/data=!4m7!3m6!1s0x2e65bec7c4d8fb75:0x69cb43229e43142d!8m2!3d-7.792483!4d108.4963851!16s%2Fg%2F11b6zp46k9!19sChIJdfvYxMe-ZS4RLRRDniJDy2k?authuser=0&hl=en&rclk=1,-7.792483,108.4963851,bagus,8783.0,waves,beach cleanliness,photo spot,camping,prayer room,,,,,,
Pantai Pajagan Cisolok,Jawa Barat,4.6,https://www.google.com/maps/place/Pantai+Pajagan+Cisolok/data=!4m7!3m6!1s0x2e4283dfb80633b7:0x5a1c6e3cc596b9de!8m2!3d-6.9529303!4d106.441431!16s%2Fg%2F11f62fyzjb!19sChIJtzMGuN-DQi4R3rmWxTxuHFo?authuser=0&hl=en&rclk=1,-6.9529303,106.441431,bagus,120.0,food stalls,cool wind,not crowded,fisherman,beach view,,,,,,
Pantai Drini,DI Yogyakarta,4.6,https://www.google.com/maps/place/Pantai+Drini/data=!4m7!3m6!1s0x2e7bbb4fcba4160b:0xe3c6f8f7e1abf244!8m2!3d-8.1379365!4d110.5774823!16s%2Fg%2F11b5m1n6dz!19sChIJCxaky0-7ey4RRPKr4ff4xuM?authuser=0&hl=en&rclk=1,-8.1379365,110.5774823,bagus,5410.0,,,,,,,,,,,
Tanjung Layar Beach,Banten,4.6,https://www.google.com/maps/place/Tanjung+Layar+Beach/data=!4m7!3m6!1s0x2e4290365ecbaad7:0xe40b1b4e2a603902!8m2!3d-6.9939444!4d106.3071713!16s%2Fg%2F11g71y735v!19sChIJ16rLXjaQQi4RAjlgKk4bC-Q?authuser=0&hl=en&rclk=1,-6.9939444,106.3071713,bagus,6485.0,waves,sawarna beach,beach cleanliness,scenery,coral reefs,,,,,,
Pantai Karang Cantigi,Banten,4.6,https://www.google.com/maps/place/Pantai+Karang+Cantigi/data=!4m7!3m6!1s0x2e42f52d4535ede1:0x3d5cba695065dc4f!8m2!3d-6.8926801!4d106.1327825!16s%2Fg%2F11f9j7h64_!19sChIJ4e01RS31Qi4RT9xlUGm6XD0?authuser=0&hl=en&rclk=1,-6.8926801,106.1327825,bagus,140.0,gazebo,clean sea water,prayer room,area,rest huts,,,,,,
Pantai kekwa,Papua Tengah,4.6,https://www.google.com/maps/place/Pantai+kekwa/data=!4m7!3m6!1s0x68240d94a1eb149f:0xdd8dfaa82a772fd!8m2!3d-4.7476139!4d136.4996073!16s%2Fg%2F11lgygnfv3!19sChIJnxTroZQNJGgR_XKngqrf2A0?authuser=0&hl=en&rclk=1,-4.7476139,136.4996073,bagus,20.0,Isay imanuel Kamoroko 1 review,NATALIS PEKEI 1 review · 5 photos,Donny Emeyauta 16 reviews,Aryo Richard Amareyao 9 photos,Dhea J Tandi 3 reviews,,,,,,
Pantai Eppylala,Papua Tengah,4.6,https://www.google.com/maps/place/Pantai+Eppylala/data=!4m7!3m6!1s0x681fa6c2e3592fcb:0x16b2612ab941022d!8m2!3d-3.30641!4d135.5517854!16s%2Fg%2F11f3p1j9rn!19sChIJyy9Z48KmH2gRLQJBuSphshY?authuser=0&hl=en&rclk=1,-3.30641,135.5517854,bagus,10.0,anis jean 1 review · 7 photos,Bernadus Pattiasina 1 review · 11 photos,Win 247 Local Guide · 149 reviews,,,,,,,,
Pantai Dok 2 Jayapura,Papua,4.6,https://www.google.com/maps/place/Pantai+Dok+2+Jayapura/data=!4m7!3m6!1s0x686c5901d120679d:0x14ace2e11944713f!8m2!3d-2.5380875!4d140.7137905!16s%2Fg%2F11q8t7yprx!19sChIJnWcg0QFZbGgRP3FEGeHirBQ?authuser=0&hl=en&rclk=1,-2.5380875,140.7137905,bagus,252.0,jayapura city night atmosphere 8,coast 7,hangout spot 13,hawker 2,scenery 11,,,,,,
Pantai Petrus Kafiar,Papua,4.6,https://www.google.com/maps/place/Pantai+Petrus+Kafiar/data=!4m7!3m6!1s0x2d540b00b9b3fe81:0xd5fbe65a22e2297b!8m2!3d-0.819116!4d134.0841393!16s%2Fg%2F11q97khfqv!19sChIJgf6zuQALVC0ReyniIlrm-9U?authuser=0&hl=en&rclk=1,-0.819116,134.0841393,bagus,19.0,scenery 2,sunset 2,atmosphere 2,afternoon 2,kadiwaru sedek 1 review · 1 photo,,,,,,
Pantai Kabesaran,Sulawesi Utara,4.6,https://www.google.com/maps/place/Pantai+Kabesaran/data=!4m7!3m6!1s0x32873ba8ff32fdb5:0x20eaf4e4015bb342!8m2!3d1.177464!4d125.0329944!16s%2Fg%2F11nx3vpz1n!19sChIJtf0y_6g7hzIRQrNbAeT06iA?authuser=0&hl=en&rclk=1,1.177464,125.0329944,bagus,206.0,gazebo,beach,photo spots,beach cleanliness,private beach,,,,,,
Tanjung Rappa Pelangi,Maluku Utara,4.6,https://www.google.com/maps/place/Tanjung+Rappa+Pelangi/data=!4m7!3m6!1s0x329b50f381d37b3f:0xf03624d261c81e4!8m2!3d1.0501947!4d127.4441042!16s%2Fg%2F11f345c46g!19sChIJP3vTgfNQmzIR5IEcJk1iAw8?authuser=0&hl=en&rclk=1,1.0501947,127.4441042,bagus,196.0,scenery 18,overwater cottage 2,sea view 3,snorkelling 3,swimming 8,,,,,,
Cliff Beach Lampuuk,Aceh,4.6,https://www.google.com/maps/place/Cliff+Beach+Lampuuk/data=!4m7!3m6!1s0x30403ad55fbd44a9:0x55781902cf72b99a!8m2!3d5.4970038!4d95.227854!16s%2Fg%2F11fy4jfvk_!19sChIJqUS9X9U6QDARmrlyzwIZeFU?authuser=0&hl=en&rclk=1,5.4970038,95.227854,bagus,944.0,waves,beach cleanliness,white sand,no swimming allowed,photo spot,,,,,,
Pantai Wisata Kuala Radja,Aceh,4.6,https://www.google.com/maps/place/Pantai+Wisata+Kuala+Radja/data=!4m7!3m6!1s0x3047433e5b76fe6b:0x500f8e7ae8e14fd0!8m2!3d5.2479284!4d96.7284031!16s%2Fg%2F11gjt_mcw1!19sChIJa_52Wz5DRzAR0E_h6HqOD1A?authuser=0&hl=en&rclk=1,5.2479284,96.7284031,bagus,60.0,sunset,comfort,beach,,,,,,,,
Pasir Putih Beach,Aceh,4.6,https://www.google.com/maps/place/Pasir+Putih+Beach/data=!4m7!3m6!1s0x3041cc1ab896b0fd:0xcda88f7a3eedecc6!8m2!3d5.7794811!4d95.3053166!16s%2Fg%2F11f4pv5z2z!19sChIJ_bCWuBrMQTARxuztPnqPqM0?authuser=0&hl=en&rclk=1,5.7794811,95.3053166,bagus,4221.0,calm waves,coral reef,sailing ship,wharf,salted fish,,,,,,
Pantai Pelabuhan Ratu,Jawa Barat,4.6,https://www.google.com/maps/place/Pantai+Pelabuhan+Ratu/data=!4m7!3m6!1s0x2e6827a3258e2557:0x34f42bb051aeb873!8m2!3d-6.9963491!4d106.5429251!16s%2Fg%2F11fylw9m38!19sChIJVyWOJaMnaC4Rc7iuUbAr9DQ?authuser=0&hl=en&rclk=1,-6.9963491,106.5429251,bagus,4425.0,karang hawu beach,beach cleanliness,citepus beach,coastal,beach beauty,,,,,,
Wisata Pasir Putih Yerusel,Papua Barat,4.6,https://www.google.com/maps/place/Wisata+Pasir+Putih+Yerusel/data=!4m7!3m6!1s0x2d5c0761d2d7e3a3:0xb4c89bc19e03d15a!8m2!3d-1.0267208!4d131.2286837!16s%2Fg%2F11sdnnfz9j!19sChIJo-PX0mEHXC0RWtEDnsGbyLQ?authuser=0&hl=en&rclk=1,-1.0267208,131.2286837,bagus,34.0,beach 8,white sand 4,clean beach 2,drinking water 2,cleanliness 3,,,,,,
Pantai Sendiki,Jawa Timur,4.6,https://www.google.com/maps/place/Pantai+Sendiki/data=!4m7!3m6!1s0x2dd606b06b49208d:0x6d83928eba11aac2!8m2!3d-8.4168131!4d112.7259382!16s%2Fg%2F11c2nt044_!19sChIJjSBJa7AG1i0RwqoRuo6Sg20?authuser=0&hl=en&rclk=1,-8.4168131,112.7259382,bagus,3705.0,swings,scenery,tree house,sendiki beach,wave,,,,,,
Kasap Beach,Jawa Timur,4.6,https://www.google.com/maps/place/Kasap+Beach/data=!4m7!3m6!1s0x2e7bdde98e5438dd:0x61e796fc381a11db!8m2!3d-8.2402434!4d110.9829!16s%2Fg%2F11c20snssd!19sChIJ3ThUjundey4R2xEaOPyW52E?authuser=0&hl=en&rclk=1,-8.2402434,110.9829,bagus,4204.0,hills,river,raja ampat of pacitan,cliffs,scenery,,,,,,
Pantai Mandiri,Lampung,4.6,https://www.google.com/maps/place/Pantai+Mandiri/data=!4m7!3m6!1s0x2e47be39fc534d3f:0xb9ce3912fd31b6f1!8m2!3d-5.2509606!4d103.9725957!16s%2Fg%2F11gclvkbrn!19sChIJP01T_Dm-Ry4R8bYx_RI5zrk?authuser=0&hl=en&rclk=1,-5.2509606,103.9725957,bagus,503.0,big waves,coconut,mandiri beach,sea panorama,surf,,,,,,
Kawasan Wisata Pantai Maja,Lampung,4.6,https://www.google.com/maps/place/Kawasan+Wisata+Pantai+Maja/data=!4m7!3m6!1s0x2e411189a15ee56f:0x3339f873075ad2bc!8m2!3d-5.7551292!4d105.5858009!16s%2Fg%2F11hprq2xvf!19sChIJb-VeoYkRQS4RvNJaB3P4OTM?authuser=0&hl=en&rclk=1,-5.7551292,105.5858009,bagus,68.0,sunset,beautiful place,,,,,,,,,
Pantai Bensam 2,Lampung,4.6,https://www.google.com/maps/place/Pantai+Bensam+2/data=!4m7!3m6!1s0x2e41293cb8789517:0x4eca0e977211addc!8m2!3d-5.5774841!4d105.2044988!16s%2Fg%2F11pgsvhr2f!19sChIJF5V4uDwpQS4R3K0RcpcOyk4?authuser=0&hl=en&rclk=1,-5.5774841,105.2044988,bagus,133.0,Pantai Bensam,beach,banana boat,beauty of the beach,waves not too big,,,,,,
Pantai Walur,Lampung,4.6,https://www.google.com/maps/place/Pantai+Walur/data=!4m7!3m6!1s0x2e47eac7e39f573f:0x488028df6b88631f!8m2!3d-5.2156893!4d103.902526!16s%2Fg%2F11f1vgp0jx!19sChIJP1ef48fqRy4RH2OIa98ogEg?authuser=0&hl=en&rclk=1,-5.2156893,103.902526,bagus,160.0,coconut,calm waves,surf,low tide,white sand,,,,,,
Rio by the Beach,Lampung,4.6,https://www.google.com/maps/place/Rio+by+the+Beach/data=!4m7!3m6!1s0x2e411b000589c431:0x542f364e4f08936b!8m2!3d-5.6730797!4d105.507118!16s%2Fg%2F11vr532zh7!19sChIJMcSJBQAbQS4Ra5MIT042L1Q?authuser=0&hl=en&rclk=1,-5.6730797,105.507118,bagus,2866.0,waves,beach cleanliness,gazebo,white sand,fine sand,,,,,,
Skow Yambe Beach,Papua,4.6,https://www.google.com/maps/place/Skow+Yambe+Beach/data=!4m7!3m6!1s0x686c5dbfc7baf0ab:0x63d8593e517dc05e!8m2!3d-2.6038584!4d140.801893!16s%2Fg%2F11p0hjzlx_!19sChIJq_C6x79dbGgRXsB9UT5Z2GM?authuser=0&hl=en&rclk=1,-2.6038584,140.801893,bagus,31.0,cliffs 2,beach 7,location 2,refreshing 2,Dzullaiyah Addawiyah 2 reviews · 2 photos,,,,,,
Pantai Sibandol,Sumatera Utara,4.6,https://www.google.com/maps/place/Pantai+Sibandol/data=!4m7!3m6!1s0x3031e1dddc3c34ef:0x2b38115fc017372!8m2!3d2.4360657!4d98.9008335!16s%2Fg%2F11c54bsg6j!19sChIJ7zQ83N3hMTARcnMB_BWBswI?authuser=0&hl=en&rclk=1,2.4360657,98.9008335,bagus,27.0,,,,,,,,,,,
Pantai TPI Bunyu,Kalimantan Utara,4.6,https://www.google.com/maps/place/Pantai+TPI+Bunyu/data=!4m7!3m6!1s0x32147cb4fccb3a8b:0x74c0e9e73a6f6e6e!8m2!3d3.4533078!4d117.8513916!16s%2Fg%2F11fyzbncz2!19sChIJizrL_LR8FDIRbm5vOufpwHQ?authuser=0&hl=en&rclk=1,3.4533078,117.8513916,bagus,65.0,sunset,view,relaxing,recreation,Amin barokah Amin  review,,,,,,
Pantai Derawan,Kalimantan Utara,4.6,https://www.google.com/maps/place/Pantai+Derawan/data=!4m7!3m6!1s0x320df5b16a1de4ff:0x50b6cb04756b9fb4!8m2!3d2.2841403!4d118.2470626!16s%2Fg%2F11f_0t9f1p!19sChIJ_-QdarH1DTIRtJ9rdQTLtlA?authuser=0&hl=en&rclk=1,2.2841403,118.2470626,bagus,485.0,turtles,island,beach cleanliness,derawan beach,white sand,,,,,,
Pantai Indah Tureloto,Sumatera Utara,4.6,https://www.google.com/maps/place/Pantai+Indah+Tureloto/data=!4m7!3m6!1s0x3025cc7918f927ad:0x27a99002904068b5!8m2!3d1.4294342!4d97.1428125!16s%2Fg%2F11bvqgtrmv!19sChIJrSf5GHnMJTARtWhAkAKQqSc?authuser=0&hl=en&rclk=1,1.4294342,97.1428125,bagus,693.0,beach,clean beach,coral reefs,beauty of the beach,nemo fish,,,,,,
Jiko / Patokan Beach,Sulawesi Utara,4.6,https://www.google.com/maps/place/Jiko+%2F+Patokan+Beach/data=!4m7!3m6!1s0x32808332f592cd97:0xc1b1bf360d06b820!8m2!3d0.6184005!4d124.5655572!16s%2Fg%2F11f2rqmmbw!19sChIJl82S9TKDgDIRILgGDTa_scE?authuser=0&hl=en&rclk=1,0.6184005,124.5655572,bagus,618.0,cliffs,hidden beach,beauty of the beach,white sand beach,scenery,,,,,,
Pantai Abadi,Sulawesi Utara,4.6,https://www.google.com/maps/place/Pantai+Abadi/data=!4m7!3m6!1s0x3280833a8f25ed2b:0x803d3e446c054ad0!8m2!3d0.6119628!4d124.5662934!16s%2Fg%2F11f316wk17!19sChIJK-0ljzqDgDIR0EoFbEQ-PYA?authuser=0&hl=en&rclk=1,0.6119628,124.5662934,bagus,174.0,scenery,rest area,white sand,soft sand,cost,,,,,,
Pantai Bosnik,Papua Pegunungan,4.6,https://www.google.com/maps/place/Pantai+Bosnik/data=!4m7!3m6!1s0x68047791545c2159:0xf2a9982b6f7f5e57!8m2!3d-1.1708322!4d136.2232995!16s%2Fg%2F11mv0q0w3x!19sChIJWSFcVJF3BGgRV15_byuYqfI?authuser=0&hl=en&rclk=1,-1.1708322,136.2232995,bagus,5.0,queen sea 1 review,,,,,,,,,,
"Pantai Wari, Biak Utara - Papua",Papua,4.6,"https://www.google.com/maps/place/Pantai+Wari,+Biak+Utara+-+Papua/data=!4m7!3m6!1s0x68015841d4b413a1:0xab0cba1b4bbbb6e3!8m2!3d-0.858499!4d136.034853!16s%2Fg%2F11dzsz06fl!19sChIJoRO01EFYAWgR47a7Sxu6DKs?authuser=0&hl=en&rclk=1",-0.858499,136.034853,bagus,102.0,huts 4,gazebo 2,fresh water 4,white sand 8,relaxed atmosphere 2,,,,,,
Talassa Beach (Pantai Rusia),Papua,4.6,https://www.google.com/maps/place/Talassa+Beach+%28Pantai+Rusia%29/data=!4m7!3m6!1s0x686ce0637d6ca0fb:0xa106bf9f13308a7!8m2!3d-2.4135248!4d140.3605436!16s%2Fg%2F11clvm_k3j!19sChIJ-6BsfWPgbGgRpwgz8flrEAo?authuser=0&hl=en&rclk=1,-2.4135248,140.3605436,bagus,10.0,Andi Ramdan 4 reviews · 4 photos,Ahmad ahmad 2 reviews,G-ELLITE PVBLIC 1 review · 8 photos,Lendy Syprianus 1 review · 1 photo,Arthur potter 35 photos,,,,,,
Pantai Kuala Jembatan EMAS,Bangka Belitung,4.6,https://www.google.com/maps/place/Pantai+Kuala+Jembatan+EMAS/data=!4m7!3m6!1s0x2e22c077d5b5f2a9:0x90f37c99ca141bb5!8m2!3d-2.0865393!4d106.1579272!16s%2Fg%2F11f4l96t8b!19sChIJqfK11XfAIi4RtRsUypl885A?authuser=0&hl=en&rclk=1,-2.0865393,106.1579272,bagus,88.0,sunrise,calm atmosphere,white sand,food stalls,sunset,,,,,,
Sharks Teeth Beach,Lampung,4.6,https://www.google.com/maps/place/Sharks+Teeth+Beach/data=!4m7!3m6!1s0x2e413315a46d600d:0x62535b5f075b8a5b!8m2!3d-5.755844!4d105.057614!16s%2Fg%2F11c5940_rg!19sChIJDWBtpBUzQS4RW4pbB19bU2I?authuser=0&hl=en&rclk=1,-5.755844,105.057614,bagus,628.0,beachfront location,shark teeth,seating area,beach,shrimp tacos,,,,,,
Pantai krui,Lampung,4.6,https://www.google.com/maps/place/Pantai+krui/data=!4m7!3m6!1s0x2e4795a7e5e51111:0x8bb606a20347b9a8!8m2!3d-5.1860354!4d103.9312491!16s%2Fg%2F11ry71zqr6!19sChIJERHl5aeVRy4RqLlHA6IGtos?authuser=0&hl=en&rclk=1,-5.1860354,103.9312491,bagus,505.0,coastal line,clean beach,waves,white sand,sea view,,,,,,
Watu Leter Beach,Jawa Timur,4.6,https://www.google.com/maps/place/Watu+Leter+Beach/data=!4m7!3m6!1s0x2dd601b6a325532d:0x5f238efd0383409c!8m2!3d-8.4452265!4d112.6484049!16s%2Fg%2F1q6162c7j!19sChIJLVMlo7YB1i0RnECDA_2OI18?authuser=0&hl=en&rclk=1,-8.4452265,112.6484049,bagus,2414.0,mineral water,waves,beauty of the beach,prayer room,coral reef,,,,,,
Pantai Ngandong,DI Yogyakarta,4.6,https://www.google.com/maps/place/Pantai+Ngandong/data=!4m7!3m6!1s0x2e7bba251a7f6081:0x101b8bda010ec62f!8m2!3d-8.146423!4d110.6061408!16s%2Fg%2F11b8098ft2!19sChIJgWB_GiW6ey4RL8YOAdqLGxA?authuser=0&hl=en&rclk=1,-8.146423,110.6061408,bagus,6204.0,gazebo,canoe,white sand,beach cleanliness,beach view,,,,,,
Batuangus Beach,Sulawesi Utara,4.6,https://www.google.com/maps/place/Batuangus+Beach/data=!4m7!3m6!1s0x3286556d1d29375d:0xfe886fae03c56e54!8m2!3d1.5106737!4d125.2452175!16s%2Fg%2F11c7wd8d9l!19sChIJXTcpHW1VhjIRVG7FA65viP4?authuser=0&hl=en&rclk=1,1.5106737,125.2452175,bagus,493.0,snorkling,batu angus,scenery,coral,snorkeling equipment rental,,,,,,
Pantai Kinunang,Sulawesi Utara,4.6,https://www.google.com/maps/place/Pantai+Kinunang/data=!4m7!3m6!1s0x3287b31b3c0e53bb:0x8e44db2ce65d2c56!8m2!3d1.6636789!4d125.1628083!16s%2Fg%2F11nn1ttft3!19sChIJu1MOPBuzhzIRVixd5izbRI4?authuser=0&hl=en&rclk=1,1.6636789,125.1628083,bagus,99.0,gazebo,area,rental huts,beach view,asphalt,,,,,,
Pantai Tinggian,Sulawesi Utara,4.6,https://www.google.com/maps/place/Pantai+Tinggian/data=!4m7!3m6!1s0x328722a55167e199:0x700d86987dd774a5!8m2!3d1.2374987!4d125.0502637!16s%2Fg%2F11gdlxhzs1!19sChIJmeFnUaUihzIRpXTXfZiGDXA?authuser=0&hl=en&rclk=1,1.2374987,125.0502637,bagus,55.0,photo spot,beach view,scenery,esCRAM  reviews ·  photo,Fari Siregar  reviews,,,,,,
Pulisan Beach,Sulawesi Utara,4.6,https://www.google.com/maps/place/Pulisan+Beach/data=!4m7!3m6!1s0x3287b3904e2eb513:0xfa3b69542b482d5c!8m2!3d1.680264!4d125.1576169!16s%2Fg%2F11cjhkwlv8!19sChIJE7UuTpCzhzIRXC1IK1RpO_o?authuser=0&hl=en&rclk=1,1.680264,125.1576169,bagus,245.0,boat,rent a jukung boat,white sand,bananaboat,clear sea water,,,,,,
Pantai Mangket,Sulawesi Utara,4.6,https://www.google.com/maps/place/Pantai+Mangket/data=!4m7!3m6!1s0x32871996bdb39e97:0xf96ff433e1123c2e!8m2!3d1.2955769!4d125.067266!16s%2Fg%2F11hbfjh5yp!19sChIJl56zvZYZhzIRLjwS4TP0b_k?authuser=0&hl=en&rclk=1,1.2955769,125.067266,bagus,48.0,ESTH Gaming  reviews ·  photos,Carol Umboh  reviews ·  photos,Ayub Nandey  review ·  photos,,,,,,,,
Batu Angus,Maluku Utara,4.6,https://www.google.com/maps/place/Batu+Angus/data=!4m7!3m6!1s0x329cad99b9ba04cb:0xc07086c0152a202f!8m2!3d0.8464784!4d127.3654112!16s%2Fg%2F11b_0297r8!19sChIJywS6uZmtnDIRLyAqFcCGcMA?authuser=0&hl=en&rclk=1,0.8464784,127.3654112,bagus,1023.0,volcanic 15,view of mount gamalama 3,sea view 14,gamalama volcano eruption 2,photo spot 13,,,,,,
Pantai Nunuhu,Maluku Utara,4.6,https://www.google.com/maps/place/Pantai+Nunuhu/data=!4m7!3m6!1s0x3290cd55fe365d47:0xf4308fef9afe0805!8m2!3d2.2951021!4d128.6477653!16s%2Fg%2F11fxw6ybmg!19sChIJR102_lXNkDIRBQj-mu-PMPQ?authuser=0&hl=en&rclk=1,2.2951021,128.6477653,bagus,115.0,sand 10,white sand 5,distance to main road 2,beach 12,driveway 3,,,,,,
Cangkring Beach,DI Yogyakarta,4.6,https://www.google.com/maps/place/Cangkring+Beach/data=!4m7!3m6!1s0x2e7b01890e1323a7:0xe0281743df861653!8m2!3d-7.9948263!4d110.2391995!16s%2Fg%2F11c5bqrkyt!19sChIJpyMTDokBey4RUxaG30MXKOA?authuser=0&hl=en&rclk=1,-7.9948263,110.2391995,bagus,1971.0,shade trees,wave,prayer room,beach cleanliness,quiet beach,,,,,,
Pantai Adoki,Papua,4.6,https://www.google.com/maps/place/Pantai+Adoki/data=!4m7!3m6!1s0x6803939000000001:0x53e9991338f6134f!8m2!3d-1.1434772!4d135.9840307!16s%2Fg%2F11hbtfbp8y!19sChIJAQAAAJCTA2gRTxP2OBOZ6VM?authuser=0&hl=en&rclk=1,-1.1434772,135.9840307,bagus,271.0,scenery 27,fish breeding 2,fresh water 6,photo spot 3,clean beach 2,,,,,,
Pantai Sinar Numfor,Papua Barat Daya,4.6,https://www.google.com/maps/place/Pantai+Sinar+Numfor/data=!4m7!3m6!1s0x2d5ead845c69e581:0xafef65b3b7ad09de!8m2!3d-0.8174734!4d131.2356829!16s%2Fg%2F11rcjstq7n!19sChIJgeVpXIStXi0R3gmtt7Nl768?authuser=0&hl=en&rclk=1,-0.8174734,131.2356829,bagus,27.0,beach 6,clean beach 2,community 2,comfortable 2,Enhalirha Enal 2 reviews · 3 photos,,,,,,
OMNIBUS BEACH,Papua Barat Daya,4.6,https://www.google.com/maps/place/OMNIBUS+BEACH/data=!4m7!3m6!1s0x2d5eadd55c31a923:0xfd90209ea43d5ff9!8m2!3d-0.8184013!4d131.2303168!16s%2Fg%2F11t2lx260_!19sChIJI6kxXNWtXi0R-V89pJ4gkP0?authuser=0&hl=en&rclk=1,-0.8184013,131.2303168,bagus,10.0,healing 4,Angel Yolanda Wanane 3 reviews,Falerian Manalu 1 review,Fransiskus Aditya Dharma 3 reviews · 28 photos,Hafla Hanum 2 reviews · 2 photos,,,,,,
Harlen Beach,Papua,4.6,https://www.google.com/maps/place/Harlen+Beach/data=!4m7!3m6!1s0x686ce0ebf4503845:0xc3b3c23439369485!8m2!3d-2.4215006!4d140.3671381!16s%2Fg%2F11b7ld3y60!19sChIJRThQ9OvgbGgRhZQ2OTTCs8M?authuser=0&hl=en&rclk=1,-2.4215006,140.3671381,bagus,265.0,snorkeling 18,coral reef 18,speed boat 12,calm waves 2,white sand 4,,,,,,
Pantai Batu Ketak,Bangka Belitung,4.6,https://www.google.com/maps/place/Pantai+Batu+Ketak/data=!4m7!3m6!1s0x2e228d6306a533c1:0x5f141ed3334be933!8m2!3d-1.8993648!4d106.1858205!16s%2Fg%2F11rhdw3_w2!19sChIJwTOlBmONIi4RM-lLM9MeFF8?authuser=0&hl=en&rclk=1,-1.8993648,106.1858205,bagus,221.0,beach,rocks,photo spots,beach cleanliness,gazebo,,,,,,
Pantai Pariaman,Sumatera Barat,4.6,https://www.google.com/maps/place/Pantai+Pariaman/data=!4m7!3m6!1s0x2fd4e3d1070265df:0xaa1cf4e766f43dbe!8m2!3d-0.6253131!4d100.114925!16s%2Fg%2F11l00f15jz!19sChIJ32UCB9Hj1C8Rvj30Zuf0HKo?authuser=0&hl=en&rclk=1,-0.6253131,100.114925,bagus,402.0,beach,beach cleanliness,tabuik event,photo spots,white sand,,,,,,
Pantai Batu Kalang,Sumatera Barat,4.6,https://www.google.com/maps/place/Pantai+Batu+Kalang/data=!4m7!3m6!1s0x2fd357565d4f9ebf:0x6af373a35a10f608!8m2!3d-1.2666907!4d100.4412443!16s%2Fg%2F11b7xjkxvb!19sChIJv55PXVZX0y8RCPYQWqNz82o?authuser=0&hl=en&rclk=1,-1.2666907,100.4412443,bagus,438.0,large rocks,photo spots,small waves,white sand,natural scenery,,,,,,
PANTAI INDAH DESA TANJUNG ARU,Kalimantan Utara,4.6,https://www.google.com/maps/place/PANTAI+INDAH+DESA+TANJUNG+ARU/data=!4m7!3m6!1s0x3215a1882a91cf1d:0x8209cff0276a355b!8m2!3d4.1099836!4d117.9222146!16s%2Fg%2F11tk2whj0z!19sChIJHc-RKoihFTIRWzVqJ_DPCYI?authuser=0&hl=en&rclk=1,4.1099836,117.9222146,bagus,35.0,beach view,seating,ASRI ADI  review,Muhd Haiqal  reviews ·  photos,Amrah Bin Majid Bua  review ·  photos,,,,,,
BSB Beach,Kalimantan Timur,4.6,https://www.google.com/maps/place/BSB+Beach/data=!4m7!3m6!1s0x2df1471eb91079ff:0x83cc1a39d1ea0aa7!8m2!3d-1.2750459!4d116.8564008!16s%2Fg%2F11q2w08g7m!19sChIJ_3kQuR5H8S0Rpwrq0TkazIM?authuser=0&hl=en&rclk=1,-1.2750459,116.8564008,bagus,1794.0,sea view,e-bike,prayer room,beach,leisure,,,,,,
Pantai Pasir Panjang,Kalimantan Barat,4.6,https://www.google.com/maps/place/Pantai+Pasir+Panjang/data=!4m7!3m6!1s0x31e30bd353657c87:0xd77545f854964a3a!8m2!3d0.845865!4d108.8796091!16s%2Fg%2F11q97lj9vz!19sChIJh3xlU9ML4zEROkqWVPhFddc?authuser=0&hl=en&rclk=1,0.845865,108.8796091,bagus,23.0,sunset,family vacation,toilet,public place,person,,,,,,
Pantai Tuing Indah,Bangka Belitung,4.6,https://www.google.com/maps/place/Pantai+Tuing+Indah/data=!4m7!3m6!1s0x2e225bb0c150f731:0xb3351a225ae4b2c3!8m2!3d-1.6584425!4d106.0213939!16s%2Fg%2F11qm_6hvfc!19sChIJMfdQwbBbIi4Rw7LkWiIaNbM?authuser=0&hl=en&rclk=1,-1.6584425,106.0213939,bagus,329.0,white sand,beach,beach cleanliness,gazebo,prayer room,,,,,,
Pantai Kampa,Sulawesi Tenggara,4.6,https://www.google.com/maps/place/Pantai+Kampa/data=!4m7!3m6!1s0x2da1826635db2225:0x46adfeb9ef578eb5!8m2!3d-4.7840052!4d123.2038979!16s%2Fg%2F11bwf37ysq!19sChIJJSLbNWaCoS0RtY5X77n-rUY?authuser=0&hl=en&rclk=1,-4.7840052,123.2038979,bagus,18.0,Sugin Rafil 3 reviews · 2 photos,Husen Nur Sofian 8 reviews · 13 photos,Adli Dzilikram 3 photos,Konoko Konoko 1 review · 3 photos,,,,,,,
Tanjung Bira Beach,Sulawesi Tenggara,4.6,https://www.google.com/maps/place/Tanjung+Bira+Beach/data=!4m7!3m6!1s0x2dbbf3fa9e2f1c37:0x6217cb35c3073b6a!8m2!3d-5.6091375!4d120.4498131!16s%2Fg%2F11b6gdbzy6!19sChIJNxwvnvrzuy0RajsHwzXLF2I?authuser=0&hl=en&rclk=1,-5.6091375,120.4498131,bagus,2126.0,banana boat 26,white sand 102,gazebo 7,bira beach 3,turtle island 4,,,,,,
Pulau Matan Sorong Papua Barat,Papua Barat Daya,4.6,https://www.google.com/maps/place/Pulau+Matan+Sorong+Papua+Barat/data=!4m7!3m6!1s0x2d5c03128929337b:0x6bd52f321f33010d!8m2!3d-0.9553029!4d131.1486422!16s%2Fg%2F11gb3r4kfm!19sChIJezMpiRIDXC0RDQEzHzIv1Ws?authuser=0&hl=en&rclk=1,-0.9553029,131.1486422,bagus,339.0,snorkeling 8,white sand 10,freshwater well 2,sunset vibes 4,clean beach 4,,,,,,
Pantai Pasir Putih BBIP Labuhan Lalar,Nusa Tenggara Barat,4.6,https://www.google.com/maps/place/Pantai+Pasir+Putih+BBIP+Labuhan+Lalar/data=!4m7!3m6!1s0x2dcc61c117b9ca29:0xa20ce681f08e429!8m2!3d-8.7997184!4d116.811299!16s%2Fg%2F11p_0_jv1q!19sChIJKcq5F8FhzC0RKeQIH2jOIAo?authuser=0&hl=en&rclk=1,-8.7997184,116.811299,bagus,39.0,beach 10,sunset 4,white sand 2,mosques 2,clear water 4,,,,,,
Pantai Senja,Sulawesi Tenggara,4.6,https://www.google.com/maps/place/Pantai+Senja/data=!4m7!3m6!1s0x2d9896fd2a58f573:0x66c0b16651cfccac!8m2!3d-4.085559!4d122.6618345!16s%2Fg%2F11f5369lc2!19sChIJc_VYKv2WmC0RrMzPUWaxwGY?authuser=0&hl=en&rclk=1,-4.085559,122.6618345,bagus,115.0,clean beach,atmosphere,island,view,Yuyun Sulistianingsi  reviews ·  photos,,,,,,
Taipa Beach,Sulawesi Tenggara,4.6,https://www.google.com/maps/place/Taipa+Beach/data=!4m7!3m6!1s0x2d98ffb1ea684137:0x4ae33e5257b51dcd!8m2!3d-3.7295243!4d122.3925169!16s%2Fg%2F11qh572fkh!19sChIJN0Fo6rH_mC0RzR21V1I-40o?authuser=0&hl=en&rclk=1,-3.7295243,122.3925169,bagus,166.0,gazebo 4,beach cleanliness 9,bat cave 2,strong waves 3,family camping 2,,,,,,
Pantai Wale,Sulawesi Tenggara,4.6,https://www.google.com/maps/place/Pantai+Wale/data=!4m7!3m6!1s0x2d98ff49592ff1cb:0xe471a217f46e9197!8m2!3d-3.7503875!4d122.4060781!16s%2Fg%2F11l2hqp8nt!19sChIJy_EvWUn_mC0Rl5Fu9BeiceQ?authuser=0&hl=en&rclk=1,-3.7503875,122.4060781,bagus,172.0,reefs 2,gazebo 4,beach cleanliness 7,camping 8,shade trees 4,,,,,,
Pantai Sandro Pole,Nusa Tenggara Barat,4.6,https://www.google.com/maps/place/Pantai+Sandro+Pole/data=!4m7!3m6!1s0x2dcbee98f59aaf25:0xb58ee2756dcfa67b!8m2!3d-8.4017473!4d117.430449!16s%2Fg%2F11c605jnt0!19sChIJJa-a9Zjuyy0Re6bPbXXijrU?authuser=0&hl=en&rclk=1,-8.4017473,117.430449,bagus,116.0,coral reef 10,hidden beach 8,snorkling 17,hidden spot 5,walk to the beach 2,,,,,,
Pantai Punagaan,Sulawesi Selatan,4.6,https://www.google.com/maps/place/Pantai+Punagaan/data=!4m7!3m6!1s0x2dba3628ec5910ad:0xbbb7ffe4bb3cf7ff!8m2!3d-6.2208863!4d120.5268337!16s%2Fg%2F11b72shghc!19sChIJrRBZ7Cg2ui0R__c8u-T_t7s?authuser=0&hl=en&rclk=1,-6.2208863,120.5268337,bagus,225.0,scenery,archipelago,diving,swimming with fish,diving spot,,,,,,
Nambung Beach,Nusa Tenggara Barat,4.6,https://www.google.com/maps/place/Nambung+Beach/data=!4m7!3m6!1s0x2dcda1c7fa099127:0x90f292854a9f4be5!8m2!3d-8.8691785!4d116.1038278!16s%2Fg%2F11j00jr8f2!19sChIJJ5EJ-sehzS0R5UufSoWS8pA?authuser=0&hl=en&rclk=1,-8.8691785,116.1038278,bagus,165.0,white sand 7,deserted beach 4,clean beach 9,seaweed 2,pepper sand 2,,,,,,
Pantai Kuta Mandalika,Nusa Tenggara Barat,4.6,https://www.google.com/maps/place/Pantai+Kuta+Mandalika/data=!4m7!3m6!1s0x2dcda92ee2598881:0xead42e5ec09bbc2d!8m2!3d-8.8953205!4d116.2830603!16s%2Fg%2F11g1mkgbjv!19sChIJgYhZ4i6pzS0RLbybwF4u1Oo?authuser=0&hl=en&rclk=1,-8.8953205,116.2830603,bagus,233.0,white sand 9,free beach access 2,electric bike rental 2,calm waves 4,beautiful panorama 2,,,,,,
Pantai Sungai Tawa,Sumatera Barat,4.6,https://www.google.com/maps/place/Pantai+Sungai+Tawa/data=!4m7!3m6!1s0x2fd34af9681e2287:0x8df086863d02dccf!8m2!3d-1.4629103!4d100.5794752!16s%2Fg%2F11cmtsfrx9!19sChIJhyIeaPlK0y8Rz9wCPYaG8I0?authuser=0&hl=en&rclk=1,-1.4629103,100.5794752,bagus,42.0,family vacation,wind,holiday,beach,view,,,,,,
"Pantai Jikomalamo - Kota Ternate, Maluku Utara",Ternate,4.6,"https://www.google.com/maps/place/Pantai+Jikomalamo+-+Kota+Ternate,+Maluku+Utara/data=!4m7!3m6!1s0x329cad17688b1b01:0x3ab3165d5be4f865!8m2!3d0.8630399!4d127.319987!16s%2Fg%2F11bzy77bw3!19sChIJARuLaBetnDIRZfjkW10Wszo?authuser=0&hl=en&rclk=1",0.8630399,127.319987,bagus,2283.0,snorkeling 96,underwater 24,coral 39,banana boat 24,island 27,,,,,,
Ternate Landmark,Ternate,4.6,https://www.google.com/maps/place/Ternate+Landmark/data=!4m7!3m6!1s0x329cb15125214d1d:0xa0ea4c9f6edffae0!8m2!3d0.7855803!4d127.3890727!16s%2Fg%2F11csrdyklr!19sChIJHU0hJVGxnDIR4Prfbp9M6qA?authuser=0&hl=en&rclk=1,0.7855803,127.3890727,bagus,2264.0,icon of ternate city 7,sea view 37,island 22,beach 15,sunrise 69,,,,,,
Pantai Falajawa,Maluku Utara,4.6,https://www.google.com/maps/place/Pantai+Falajawa/data=!4m7!3m6!1s0x329cb1f848fdaff1:0x3827a866405f08bb!8m2!3d0.7839296!4d127.3886636!16s%2Fg%2F11jdwq_mhj!19sChIJ8a_9SPixnDIRuwhfQGaoJzg?authuser=0&hl=en&rclk=1,0.7839296,127.3886636,bagus,639.0,swimming 38,icon of ternate city 3,swimming at the beach 7,sea view 7,sunrise 25,,,,,,
Pantai Kuta,Nusa Tenggara Barat,4.6,https://www.google.com/maps/place/Pantai+Kuta/data=!4m7!3m6!1s0x2dcda9c955555555:0x46c1c8f460d9b51e!8m2!3d-8.8948796!4d116.2832263!16s%2Fg%2F11gdqwbm6s!19sChIJVVVVVcmpzS0RHrXZYPTIwUY?authuser=0&hl=en&rclk=1,-8.8948796,116.2832263,bagus,179.0,clean 3,cafe 2,wide 3,view 4,accessories 2,,,,,,
Pantai Tropika Sekongkang Sumbawa Barat,Nusa Tenggara Barat,4.6,https://www.google.com/maps/place/Pantai+Tropika+Sekongkang+Sumbawa+Barat/data=!4m7!3m6!1s0x2dccf25b57d52f6f:0xa183d87fb0dad550!8m2!3d-8.9964034!4d116.7384136!16s%2Fg%2F11c1_c1_66!19sChIJby_VV1vyzC0RUNXasH_Yg6E?authuser=0&hl=en&rclk=1,-8.9964034,116.7384136,bagus,129.0,surfing 11,waves 6,surf spot 2,white sand 5,private beach 2,,,,,,
Pantai Panrangluhu,Sulawesi Selatan,4.6,https://www.google.com/maps/place/Pantai+Panrangluhu/data=!4m7!3m6!1s0x2dbbf47288b05e7f:0xb768f745aa0efd76!8m2!3d-5.5943151!4d120.4613646!16s%2Fg%2F11bw1q2r9n!19sChIJf16wiHL0uy0Rdv0OqkX3aLc?authuser=0&hl=en&rclk=1,-5.5943151,120.4613646,bagus,366.0,coconut,shipbuilding,gazebo,phinisi boat building,banana boat,,,,,,
Pantai Pulau Liukang Loe,Sulawesi Selatan,4.6,https://www.google.com/maps/place/Pantai+Pulau+Liukang+Loe/data=!4m7!3m6!1s0x2dbbf17f849b1743:0x65745e2786c16cc8!8m2!3d-5.6409546!4d120.4332732!16s%2Fg%2F11c0qgp2f8!19sChIJQxebhH_xuy0RyGzBhidedGU?authuser=0&hl=en&rclk=1,-5.6409546,120.4332732,bagus,266.0,snorkeling,sea turtles,turtle sanctuary,white sand,coral reef,,,,,,
Pantai Watotena,Nusa Tenggara Timur,4.6,https://www.google.com/maps/place/Pantai+Watotena/data=!4m7!3m6!1s0x2dab793aaaaaaaab:0xcc8c2a1b344aa74!8m2!3d-8.393778!4d123.2274249!16s%2Fg%2F11b6_r1jz0!19sChIJq6qqqjp5qy0RdKpEs6HCyAw?authuser=0&hl=en&rclk=1,-8.393778,123.2274249,bagus,111.0,white sand 12,crashing waves 2,clear sea 3,scenery 4,attractions 3,,,,,,
Pantai Kembar,Kalimantan Tengah,4.6,https://www.google.com/maps/place/Pantai+Kembar/data=!4m7!3m6!1s0x2e0919816e0bc955:0xef910dab226d62e6!8m2!3d-3.0001527!4d111.5408642!16s%2Fg%2F11rhnrdz_0!19sChIJVckLboEZCS4R5mJtIqsNke8?authuser=0&hl=en&rclk=1,-3.0001527,111.5408642,bagus,70.0,sunset,clean beach,comfortable place,cleanliness,menu,,,,,,
Pantai citra,Kalimantan Tengah,4.6,https://www.google.com/maps/place/Pantai+citra/data=!4m7!3m6!1s0x2e092d39cff0cb0d:0x1b551dcf79c13d28!8m2!3d-2.9922293!4d111.1856227!16s%2Fg%2F11jghxx899!19sChIJDcvwzzktCS4RKD3Bec8dVRs?authuser=0&hl=en&rclk=1,-2.9922293,111.1856227,bagus,123.0,photo spots,comfortable beach,quiet atmosphere,suitable for families,suitable for couples,,,,,,
Pantai Sungai Suci,Sumatera Selatan,4.6,https://www.google.com/maps/place/Pantai+Sungai+Suci/data=!4m7!3m6!1s0x2e36b2895e808e7f:0xd4fdc344760a9391!8m2!3d-3.7195461!4d102.235571!16s%2Fg%2F11c59shfpk!19sChIJf46AXomyNi4RkZMKdkTD_dQ?authuser=0&hl=en&rclk=1,-3.7195461,102.235571,bagus,419.0,suspension bridge,island,sungai suci beach,cliffs,photo spot,,,,,,
Ide Beach,Sulawesi Selatan,4.6,https://www.google.com/maps/place/Ide+Beach/data=!4m7!3m6!1s0x2d90661b317def83:0xe752d80ea834e2e4!8m2!3d-2.5152898!4d121.3422809!16s%2Fg%2F11bxg1kjrg!19sChIJg-99MRtmkC0R5OI0qA7YUuc?authuser=0&hl=en&rclk=1,-2.5152898,121.3422809,bagus,1331.0,lake,swimming,scenery,matano lake,clean lake,,,,,,
White Sand Bira Beach,Sulawesi Selatan,4.6,https://www.google.com/maps/place/White+Sand+Bira+Beach/data=!4m7!3m6!1s0x2dbbf3ecdd6fcef9:0xc5bb884df39ac8da!8m2!3d-5.6151403!4d120.4574201!16s%2Fg%2F11b7q8665m!19sChIJ-c5v3ezzuy0R2sia802Iu8U?authuser=0&hl=en&rclk=1,-5.6151403,120.4574201,bagus,3711.0,snorkeling,white sand,banana boat,beach cleanliness,bira beach,,,,,,
Pantai Pa'badilang,Sulawesi Selatan,4.6,https://www.google.com/maps/place/Pantai+Pa%27badilang/data=!4m7!3m6!1s0x2dbbeaddba6dc6b7:0x47757c1499c29818!8m2!3d-5.7911016!4d120.5069871!16s%2Fg%2F121xjtqr!19sChIJt8Ztut3quy0RGJjCmRR8dUc?authuser=0&hl=en&rclk=1,-5.7911016,120.5069871,bagus,87.0,scenery,snorkeling,clean beach,quiet,cleanliness,,,,,,
Pantai Bahari Kanipang,Sulawesi Selatan,4.6,https://www.google.com/maps/place/Pantai+Bahari+Kanipang/data=!4m7!3m6!1s0x2d9460ae16e31ae1:0xf52709fca1676853!8m2!3d-3.5350654!4d119.5037547!16s%2Fg%2F11hbn3dw5p!19sChIJ4RrjFq5glC0RU2hnofwJJ_U?authuser=0&hl=en&rclk=1,-3.5350654,119.5037547,bagus,20.0,scenery,Daya na  review ·  photos,Agung Andika  reviews ·  photos,Ali Sadikin  review ·  photo,Ratnah Absaynah  review ·  photos,,,,,,
Pantai Watuparunu,Nusa Tenggara Timur,4.6,https://www.google.com/maps/place/Pantai+Watuparunu/data=!4m7!3m6!1s0x2c4c17c53ef337ef:0x5248eccde2c46201!8m2!3d-10.2520065!4d120.5149522!16s%2Fg%2F11bztb8dk2!19sChIJ7zfzPsUXTCwRAWLE4s3sSFI?authuser=0&hl=en&rclk=1,-10.2520065,120.5149522,bagus,296.0,cliffs 14,rock 8,waves 3,beauty of the beach 5,white sand 4,,,,,,
Pantai Pura Weri,Nusa Tenggara Timur,4.6,https://www.google.com/maps/place/Pantai+Pura+Weri/data=!4m7!3m6!1s0x2dac7e58e4c3efc9:0x216d8ee8b45275d8!8m2!3d-8.2912785!4d123.0190296!16s%2Fg%2F11d_7hcx2l!19sChIJye_D5Fh-rC0R2HVStOiObSE?authuser=0&hl=en&rclk=1,-8.2912785,123.0190296,bagus,25.0,Mr. Faisal 4 reviews,Aryasa Wayan 1 review · 1 photo,,,,,,,,,
Marina Beach,Kepulauan Riau,4.6,https://www.google.com/maps/place/Marina+Beach/data=!4m7!3m6!1s0x31d98d409548260f:0x40646a1f8d5be305!8m2!3d1.0826099!4d103.9327249!16s%2Fg%2F11rws9hc14!19sChIJDyZIlUCN2TERBeNbjR9qZEA?authuser=0&hl=en&rclk=1,1.0826099,103.9327249,bagus,66262.0,Marina Beach,horse riding,peaceful atmosphere,urban beach,famous beach,,,,,,
Watu Beach Lamaru,Kalimantan Timur,4.6,https://www.google.com/maps/place/Watu+Beach+Lamaru/data=!4m7!3m6!1s0x2df151c21d57605f:0xefb9a2ef46088298!8m2!3d-1.1970576!4d117.0022787!16s%2Fg%2F11k583jctc!19sChIJX2BXHcJR8S0RmIIIRu-iue8?authuser=0&hl=en&rclk=1,-1.1970576,117.0022787,bagus,903.0,coconut,gazebo,clean beach,prayer room,electric bike rental,,,,,,
Pantai Wisata Lamaru Balikpapan,Kalimantan Timur,4.6,https://www.google.com/maps/place/Pantai+Wisata+Lamaru+Balikpapan/data=!4m7!3m6!1s0x2df15185acd7b115:0xd04750a15317e029!8m2!3d-1.1929375!4d117.0046875!16s%2Fg%2F11sfxnxb_1!19sChIJFbHXrIVR8S0RKeAXU6FQR9A?authuser=0&hl=en&rclk=1,-1.1929375,117.0046875,bagus,330.0,Pantai Wisata Lamaru Senyiur,beach cleanliness,prayer room,shade trees,free bathroom,,,,,,
Rewata'a Pamboang,Sulawesi Barat,4.6,https://www.google.com/maps/place/Rewata%27a+Pamboang/data=!4m7!3m6!1s0x2d94ba1514005573:0xe09128fe275a2168!8m2!3d-3.4821542!4d118.8832447!16s%2Fg%2F11f_z_fyjr!19sChIJc1UAFBW6lC0RaCFaJ_4okeA?authuser=0&hl=en&rclk=1,-3.4821542,118.8832447,bagus,147.0,clear sea water,sunset,photo spot,strategic location,cleanliness,,,,,,
Pantai Keraya,Kalimantan Tengah,4.6,https://www.google.com/maps/place/Pantai+Keraya/data=!4m7!3m6!1s0x2e0919e152c11bc9:0x29dcbbfad4c418f2!8m2!3d-2.9886728!4d111.533358!16s%2Fg%2F11s3qxxlrk!19sChIJyRvBUuEZCS4R8hjE1Pq73Ck?authuser=0&hl=en&rclk=1,-2.9886728,111.533358,bagus,183.0,coconut,clean beach,sunset,beach vacation,cleanliness,,,,,,
Satiruk Beach,Kalimantan Tengah,4.6,https://www.google.com/maps/place/Satiruk+Beach/data=!4m7!3m6!1s0x2de243cdca128f6d:0x6b90301e7a10a09c!8m2!3d-3.038914!4d113.094845!16s%2Fg%2F11pd0nr72z!19sChIJbY8Sys1D4i0RnKAQeh4wkGs?authuser=0&hl=en&rclk=1,-3.038914,113.094845,bagus,27.0,environmental cleanliness,wide beach,friendly people,journey,beach,,,,,,
PANTAI BAHARI,Sulawesi Barat,4.6,https://www.google.com/maps/place/PANTAI+BAHARI/data=!4m7!3m6!1s0x2d948fad429e4db3:0xac34fced15ae0a5c!8m2!3d-3.4384175!4d119.3489268!16s%2Fg%2F11l6x5z_lt!19sChIJs02eQq2PlC0RXAquFe38NKw?authuser=0&hl=en&rclk=1,-3.4384175,119.3489268,bagus,21.0,sea,,,,,,,,,,
"Bara Beach, Bulukumba",Sulawesi Selatan,4.6,"https://www.google.com/maps/place/Bara+Beach,+Bulukumba/data=!4m7!3m6!1s0x2dbbf3fe86b4acef:0x70b5c6d0a460856!8m2!3d-5.6082681!4d120.4389893!16s%2Fg%2F11p11c3zfj!19sChIJ76y0hv7zuy0RVghGCm1cCwc?authuser=0&hl=en&rclk=1",-5.6082681,120.4389893,bagus,595.0,white sand,banana boat,beach cleanliness,gazebo,coconut trees,,,,,,
Batu Tahu Beach,Bengkulu,4.6,https://www.google.com/maps/place/Batu+Tahu+Beach/data=!4m7!3m6!1s0x2e36afedcab7a915:0x80cd01a191454c9!8m2!3d-3.7834645!4d102.2513707!16s%2Fg%2F11g0l347_1!19sChIJFam3yu2vNi4RyVQUGRrQDAg?authuser=0&hl=en&rclk=1,-3.7834645,102.2513707,bagus,118.0,sunset,scenery,surf,evening view,hangout spot,,,,,,
Pantai Bengkulu Indah Pekiknyaring,Bengkulu,4.6,https://www.google.com/maps/place/Pantai+Bengkulu+Indah+Pekiknyaring/data=!4m7!3m6!1s0x2e36af31634efbf9:0xd97f14a2ddef5cef!8m2!3d-3.7423103!4d102.2521417!16s%2Fg%2F11gjhj3ql_!19sChIJ-ftOYzGvNi4R71zv3aIUf9k?authuser=0&hl=en&rclk=1,-3.7423103,102.2521417,bagus,8447.0,dogcart,length,long beach,scenery,ATV,,,,,,
Pantai idaman,Gorontalo,4.6,https://www.google.com/maps/place/Pantai+idaman/data=!4m7!3m6!1s0x3279651dd63988db:0xb8c7a6f0a1a09d7!8m2!3d0.920468!4d122.5655549!16s%2Fg%2F11rq2cpryd!19sChIJ24g51h1leTIR1wkaCm96jAs?authuser=0&hl=en&rclk=1,0.920468,122.5655549,bagus,11.0,Nanang Sutrisna  reviews,abdullah azzam  review,Rasmin Nusi  review,Panji Ilham  review ·  photos,Poniran Kai  photos,,,,,,
Pantai Poganda,Sulawesi Tengah,4.6,https://www.google.com/maps/place/Pantai+Poganda/data=!4m7!3m6!1s0x2d840e3320b842ab:0x6b076d157af3ba8!8m2!3d-1.1802152!4d122.9128551!16s%2Fg%2F11gh09s3jv!19sChIJq0K4IDMOhC0RqDuvV9F2sAY?authuser=0&hl=en&rclk=1,-1.1802152,122.9128551,bagus,248.0,white sand,coconut trees,snorkeling,coral reef,gazebo,,,,,,
Pantai Air Babunyi,Pulau Buru,4.6,https://www.google.com/maps/place/Pantai+Air+Babunyi/data=!4m7!3m6!1s0x2d731903ffbea709:0x6c6cbf03f2074183!8m2!3d-3.7667796!4d126.4852256!16s%2Fg%2F11bzv6rf9h!19sChIJCae-_wMZcy0Rg0EH8gO_bGw?authuser=0&hl=en&rclk=1,-3.7667796,126.4852256,bagus,17.0,vacation spot 2,Nako Wml 1 review,Ati Tomia 3 reviews · 12 photos,Jesika Solissa 1 review · 8 photos,foster lesnussa 2 reviews,,,,,,
Wisata Pantai Ako Jikumerasa,Pulau Buru,4.6,https://www.google.com/maps/place/Wisata+Pantai+Ako+Jikumerasa/data=!4m7!3m6!1s0x2d7216c6e5b80913:0xf8b0b1ea6e2e1efd!8m2!3d-3.1668446!4d127.0256927!16s%2Fg%2F11gdrg130y!19sChIJEwm45cYWci0R_R4ubuqxsPg?authuser=0&hl=en&rclk=1,-3.1668446,127.0256927,bagus,16.0,Pit labajo 2 reviews,norma novitawati 1 review · 1 photo,,,,,,,,,
Pantai Oluhuta,Gorontalo,4.6,https://www.google.com/maps/place/Pantai+Oluhuta/data=!4m7!3m6!1s0x327f2d73d63a23af:0xb9f2ae709fa85a7f!8m2!3d0.4189362!4d123.1451407!16s%2Fg%2F11nr__h4y4!19sChIJryM61nMtfzIRf1qon3Cu8rk?authuser=0&hl=en&rclk=1,0.4189362,123.1451407,bagus,38.0,snorkling,clear water,Hindun Napu  reviews ·  photos,Mufti N.P Anwar  reviews ·  photos,eko gaming  reviews,,,,,,
Pantai Hutokalo,Gorontalo,4.6,https://www.google.com/maps/place/Pantai+Hutokalo/data=!4m7!3m6!1s0x32797f7d802a4f27:0xdcceb2318f206bcd!8m2!3d0.994102!4d122.435868!16s%2Fg%2F11j5b_35k6!19sChIJJ08qgH1_eTIRzWsgjzGyztw?authuser=0&hl=en&rclk=1,0.994102,122.435868,bagus,8.0,clean white sand,Marlon BRANDO  reviews ·  photos,,,,,,,,,
Pandawa Beach,Bali,4.6,https://www.google.com/maps/place/Pandawa+Beach/data=!4m7!3m6!1s0x2dd25b7cd8ba1f31:0x41b8785dd055b2a4!8m2!3d-8.8452802!4d115.1870679!16s%2Fg%2F1ygbcghrt!19sChIJMR-62Hxb0i0RpLJV0F14uEE?authuser=0&hl=en&rclk=1,-8.8452802,115.1870679,bagus,11266.0,canoe 249,cliff 360,paragliding 76,white sand 238,photo spots 107,,,,,,
Suluban Beach,Bali,4.6,https://www.google.com/maps/place/Suluban+Beach/data=!4m7!3m6!1s0x2dd24ffeaa305bf9:0x6b7922fbf1aea067!8m2!3d-8.8160171!4d115.0882875!16s%2Fg%2F11cr_vvn_h!19sChIJ-Vswqv5P0i0RZ6Cu8fsieWs?authuser=0&hl=en&rclk=1,-8.8160171,115.0882875,bagus,2103.0,Suluban Beach 3,cliffs 123,cave 85,surfing 155,big waves 55,,,,,,
Pantai Pandawa,Bali,4.6,https://www.google.com/maps/place/Pantai+Pandawa/data=!4m7!3m6!1s0x2dd25b1103e15ebb:0xaed4ae0719085e36!8m2!3d-8.8437038!4d115.1859564!16s%2Fg%2F11gl4dgq8l!19sChIJu17hAxFb0i0RNl4IGQeu1K4?authuser=0&hl=en&rclk=1,-8.8437038,115.1859564,bagus,1534.0,cliff 40,photo at the pandawa sign 3,paragliding 9,canoeing 24,hills 15,,,,,,
Pantai Wisata Labuang,Sulawesi Barat,4.6,https://www.google.com/maps/place/Pantai+Wisata+Labuang/data=!4m7!3m6!1s0x2d9495b01756014b:0xac4976155d9e6a16!8m2!3d-3.5152358!4d119.1119761!16s%2Fg%2F11f7663_78!19sChIJSwFWF7CVlC0RFmqeXRV2Saw?authuser=0&hl=en&rclk=1,-3.5152358,119.1119761,bagus,49.0,fun place,sea,Mamay Lin  review ·  photo,Wardah Oppo  review,Asmirahyanti SA  reviews ·  photos,,,,,,
Pantai Batakan Lama,Kalimantan Selatan,4.6,https://www.google.com/maps/place/Pantai+Batakan+Lama/data=!4m7!3m6!1s0x2de71bbe42c9cb25:0xe9c56336f31cc02d!8m2!3d-4.0969052!4d114.6289179!16s%2Fg%2F11q8syg5h5!19sChIJJcvJQr4b5y0RLcAc8zZjxek?authuser=0&hl=en&rclk=1,-4.0969052,114.6289179,bagus,146.0,gazebo,shade trees,prayer room,gazebo rental,beach cleanliness,,,,,,
Pantai pagatan beach resort wisata nasional,Kalimantan Tengah,4.6,https://www.google.com/maps/place/Pantai+pagatan+beach+resort+wisata+nasional/data=!4m7!3m6!1s0x2de23368c66ae07b:0x1f393f629655a8e2!8m2!3d-3.2663535!4d113.33129!16s%2Fg%2F11nlbzz0lf!19sChIJe-Bqxmgz4i0R4qhVlmI_OR8?authuser=0&hl=en&rclk=1,-3.2663535,113.33129,bagus,14.0,Eferen Nathaniel  review ·  photos,Muhammad Safitri  review ·  photo,hery malik  reviews ·  photos,Yoga Yogi  review,Indra Arief  reviews ·  photos,,,,,,
PANTAI CEMARA,Kalimantan Tengah,4.6,https://www.google.com/maps/place/PANTAI+CEMARA/data=!4m7!3m6!1s0x2e0919d245b188fd:0xd58ec77717a9b1f8!8m2!3d-2.9846854!4d111.5304921!16s%2Fg%2F11qbdtlvlz!19sChIJ_YixRdIZCS4R-LGpF3fHjtU?authuser=0&hl=en&rclk=1,-2.9846854,111.5304921,bagus,11.0,Ahmad Hafizi  reviews ·  photo,Elisabeth Marlin  reviews ·  photos,King Oghud  review ·  photos,Rizky Nabb  photos,Nur Ishmah  reviews ·  photos,,,,,,
Karang Beach,Bali,4.6,https://www.google.com/maps/place/Karang+Beach/data=!4m7!3m6!1s0x2dd214573b2294d5:0x33316987ae56a9ce!8m2!3d-8.6936599!4d115.2666781!16s%2Fg%2F11f5dft94s!19sChIJ1ZQiO1cU0i0RzqlWrodpMTM?authuser=0&hl=en&rclk=1,-8.6936599,115.2666781,bagus,6776.0,,,,,,,,,,,
Pantai Legian Bali,Bali,4.6,https://www.google.com/maps/place/Pantai+Legian+Bali/data=!4m7!3m6!1s0x2dd246c1f5547797:0x5449b186be53f213!8m2!3d-8.7091325!4d115.1666683!16s%2Fm%2F0k7hnnl!19sChIJl3dU9cFG0i0RE_JTvoaxSVQ?authuser=0&hl=en&rclk=1,-8.7091325,115.1666683,bagus,1839.0,,,,,,,,,,,
Sunrise Beach,Bali,4.6,https://www.google.com/maps/place/Sunrise+Beach/data=!4m7!3m6!1s0x2dd24130040b91fb:0xc14d9277f1634539!8m2!3d-8.6707861!4d115.2616849!16s%2Fg%2F11rsqyt7fk!19sChIJ-5ELBDBB0i0ROUVj8XeSTcE?authuser=0&hl=en&rclk=1,-8.6707861,115.2616849,bagus,3724.0,,,,,,,,,,,
Exotic Beach,Gorontalo,4.6,https://www.google.com/maps/place/Exotic+Beach/data=!4m7!3m6!1s0x327f2b4fd881d7cb:0x5b7a87952f8855f!8m2!3d0.4668198!4d123.1070122!16s%2Fg%2F11p0w08p8b!19sChIJy9eB2E8rfzIRX4X4UnmotwU?authuser=0&hl=en&rclk=1,0.4668198,123.1070122,bagus,22.0,rest area,Herman Susanto Buhungo  reviews ·  photo,Zubaidah Uno  reviews ·  photos,Pandu Say  reviews ·  photo,Adriyanto Yasin Isini  reviews,,,,,,
Pantai Gasing,Kepulauan Riau,4.6,https://www.google.com/maps/place/Pantai+Gasing/data=!4m7!3m6!1s0x31d90dec0124dafb:0x41de9cdb8f92fa33!8m2!3d0.8728808!4d104.425195!16s%2Fg%2F11pcrl7bm5!19sChIJ-9okAewN2TERM_qSj9uc3kE?authuser=0&hl=en&rclk=1,0.8728808,104.425195,bagus,77.0,beach,clean beach,hut rental,area,close to the city,,,,,,
Panjang Beach,Bengkulu,4.6,https://www.google.com/maps/place/Panjang+Beach/data=!4m7!3m6!1s0x2e36ba9827ee40eb:0x54097f3d95dfe2cf!8m2!3d-3.8124307!4d102.2666337!16s%2Fg%2F11c1vfwdtr!19sChIJ60DuJ5i6Ni4Rz-LflT1_CVQ?authuser=0&hl=en&rclk=1,-3.8124307,102.2666337,bagus,388.0,Panjang Beach,big waves,free entry,playing in the water,white sand,,,,,,
Pantai Tanjung Kunyit,Kalimantan Selatan,4.6,https://www.google.com/maps/place/Pantai+Tanjung+Kunyit/data=!4m7!3m6!1s0x2de85d709cb60e1d:0x6561ee2b30b3bb10!8m2!3d-4.0773261!4d116.0470887!16s%2Fg%2F11rr_z2nj_!19sChIJHQ62nHBd6C0RELuzMCvuYWU?authuser=0&hl=en&rclk=1,-4.0773261,116.0470887,bagus,27.0,cleanliness of the beach,white sand,lighthouse,snorkeling,boat trip,,,,,,
Pantai Nangai,Bengkulu,4.6,https://www.google.com/maps/place/Pantai+Nangai/data=!4m7!3m6!1s0x2e3153ca92a1798d:0xd6fe2746ecad0a6a!8m2!3d-3.6362129!4d102.1879718!16s%2Fg%2F11mb53xzfs!19sChIJjXmhkspTMS4Ragqt7EYn_tY?authuser=0&hl=en&rclk=1,-3.6362129,102.1879718,bagus,250.0,beach,coconut,photo spots,cliffs,sunset,,,,,,
"Virgin Beach, Karangasem, Bali",Bali,4.6,"https://www.google.com/maps/place/Virgin+Beach,+Karangasem,+Bali/data=!4m7!3m6!1s0x2dd2087bd100001d:0xa3128aa9273f7d3e!8m2!3d-8.5014083!4d115.6105404!16s%2Fg%2F11dxl069km!19sChIJHQAA0XsI0i0RPn0_J6mKEqM?authuser=0&hl=en&rclk=1",-8.5014083,115.6105404,bagus,3400.0,warungs 99,waves 106,coconut 36,white sand 118,virgin beach 12,,,,,,
Pasir Putih,Bali,4.6,https://www.google.com/maps/place/Pasir+Putih/data=!4m7!3m6!1s0x2dd208fefa5f9947:0xa1ab243c9c68d710!8m2!3d-8.4981978!4d115.6118754!16s%2Fg%2F11c3tzt9w4!19sChIJR5lf-v4I0i0RENdonDwkq6E?authuser=0&hl=en&rclk=1,-8.4981978,115.6118754,bagus,402.0,waves 13,hidden beach 9,warung 9,masseurs 6,virgin beach 2,,,,,,
Pantai Barat Sarudu,Sulawesi Barat,4.6,https://www.google.com/maps/place/Pantai+Barat+Sarudu/data=!4m7!3m6!1s0x2d8d05f58eabcee1:0xf849bb61cb4d83e4!8m2!3d-1.7335948!4d119.3057812!16s%2Fg%2F11f10grlyb!19sChIJ4c6rjvUFjS0R5INNy2G7Sfg?authuser=0&hl=en&rclk=1,-1.7335948,119.3057812,bagus,30.0,Ican  reviews ·  photo,Lalu Andhar  review ·  photos,,,,,,,,,
Wisata Pantai Tapandullu,Sulawesi Barat,4.6,https://www.google.com/maps/place/Wisata+Pantai+Tapandullu/data=!4m7!3m6!1s0x2d92d7b623d063dd:0xbe6fc03c5ca57c13!8m2!3d-2.670964!4d118.791852!16s%2Fg%2F11rv5jtpxm!19sChIJ3WPQI7bXki0RE3ylXDzAb74?authuser=0&hl=en&rclk=1,-2.670964,118.791852,bagus,165.0,banana boat,gazebo,blue-green sea water,gazebo rental,close to the city,,,,,,
Pantai Nunggalan,Bali,4.6,https://www.google.com/maps/place/Pantai+Nunggalan/data=!4m7!3m6!1s0x2dd25a914ff1dc61:0xcc343fbccba7e24a!8m2!3d-8.8454398!4d115.1110316!16s%2Fg%2F11bccgrsys!19sChIJYdzxT5Fa0i0RSuKny7w_NMw?authuser=0&hl=en&rclk=1,-8.8454398,115.1110316,bagus,1135.0,shipwreck 27,trekking 88,big waves 42,warungs 19,steep path 12,,,,,,
Blue Point Beach,Bali,4.6,https://www.google.com/maps/place/Blue+Point+Beach/data=!4m7!3m6!1s0x2dd24ff95bd4acd1:0x80d9a039783f2deb!8m2!3d-8.8151747!4d115.0885118!16s%2Fg%2F11bwfx49rf!19sChIJ0azUW_lP0i0R6y0_eDmg2YA?authuser=0&hl=en&rclk=1,-8.8151747,115.0885118,bagus,808.0,surfing 111,cliff 39,cave 20,kafe on the cliff 3,steep stairs 3,,,,,,
Pantai Nusadua,Bali,4.6,https://www.google.com/maps/place/Pantai+Nusadua/data=!4m7!3m6!1s0x2dd243059b5a957d:0xb06c7140099201ef!8m2!3d-8.7780556!4d115.2252778!16s%2Fg%2F11c1p5jlg8!19sChIJfZVamwVD0i0R7wGSCUBxbLA?authuser=0&hl=en&rclk=1,-8.7780556,115.2252778,bagus,17.0,Leony Arnoldy 2 reviews · 2 photos,Gun Ariez 8 reviews · 12 photos,,,,,,,,,
Pantai Sungai Pampan,Kalimantan Selatan,4.6,https://www.google.com/maps/place/Pantai+Sungai+Pampan/data=!4m7!3m6!1s0x2de7ac9a6753b071:0xc6a4c3c394d205c4!8m2!3d-4.0120606!4d115.0095592!16s%2Fg%2F11g9dk5ws8!19sChIJcbBTZ5qs5y0RxAXSlMPDpMY?authuser=0&hl=en&rclk=1,-4.0120606,115.0095592,bagus,11.0,clear water,erna jumilah  review,,,,,,,,,
Pantai Kelapa Terulung / wijaya 86,Bengkulu,4.6,https://www.google.com/maps/place/Pantai+Kelapa+Terulung+%2F+wijaya+86/data=!4m7!3m6!1s0x2e37b1bc5f0d6be1:0xffe850031d1445de!8m2!3d-4.4956562!4d102.9212368!16s%2Fg%2F11qbfj04nr!19sChIJ4WsNX7yxNy4R3kUUHQNQ6P8?authuser=0&hl=en&rclk=1,-4.4956562,102.9212368,bagus,22.0,family tourism,,,,,,,,,,
Pantai Nalera,Sulawesi Tengah,4.6,https://www.google.com/maps/place/Pantai+Nalera/data=!4m7!3m6!1s0x2d8bd0b3bba726b9:0x30cb2a5afa4dd379!8m2!3d-0.6409863!4d120.062722!16s%2Fg%2F11g7z66c0c!19sChIJuSanu7PQiy0RedNN-loqyzA?authuser=0&hl=en&rclk=1,-0.6409863,120.062722,bagus,54.0,the beach,beach cleanliness,stopover spot,Shizume  reviews ·  photos,,,,,,,
Karma Kandara Private Beach,Bali,4.6,https://www.google.com/maps/place/Karma+Kandara+Private+Beach/data=!4m7!3m6!1s0x2dd25b0548e4ed21:0xf0a1f999770eda01!8m2!3d-8.8474996!4d115.1529125!16s%2Fg%2F11dxrs2vmp!19sChIJIe3kSAVb0i0RAdoOd5n5ofA?authuser=0&hl=en&rclk=1,-8.8474996,115.1529125,bagus,769.0,private beach 30,gondola 14,beach club 17,lift 30,infinity pool 2,,,,,,
Pantai Barat Pangandaran,Jawa Barat,4.6,https://www.google.com/maps/place/Pantai+Barat+Pangandaran/data=!4m7!3m6!1s0x2e65987aff07cfc7:0xeb0f69b79c410ce1!8m2!3d-7.702946!4d108.6561556!16s%2Fg%2F11b8zbnvwq!19sChIJx88H_3qYZS4R4QxBnLdpD-s?authuser=0&hl=en&rclk=1,-7.702946,108.6561556,bagus,0.0,,,,,,,,,,,
Pantai Karapyak Pasir putih,Jawa Barat,4.6,https://www.google.com/maps/place/Pantai+Karapyak+Pasir+putih/data=!4m7!3m6!1s0x2e659f771b1f6337:0x2bb32dbb188de08!8m2!3d-7.6953503!4d108.7605174!16s%2Fg%2F11c2kgbfh4!19sChIJN2MfG3efZS4RCN6IsdsyuwI?authuser=0&hl=en&rclk=1,-7.6953503,108.7605174,bagus,4928.0,waves,white sand,shade trees,clean beach,reef,,,,,,
Pantai Citepus Sukabumi,Jawa Barat,4.6,https://www.google.com/maps/place/Pantai+Citepus+Sukabumi/data=!4m7!3m6!1s0x2e429d5c130f0ec5:0x8723773d2057b8ab!8m2!3d-6.9702815!4d106.5199117!16s%2Fg%2F11q4bhq1sc!19sChIJxQ4PE1ydQi4Rq7hXID13I4c?authuser=0&hl=en&rclk=1,-6.9702815,106.5199117,bagus,5629.0,citepus beach,young coconut,atv,waves not too big,sound of waves,,,,,,
PANTAI WISATA SASIE,Papua Barat,4.6,https://www.google.com/maps/place/PANTAI+WISATA+SASIE/data=!4m7!3m6!1s0x2d5411fa57964945:0xfee1f345cda81c8!8m2!3d-0.7293!4d133.9817667!16s%2Fg%2F11nyxh2d59!19sChIJRUmWV_oRVC0RyIHaXDQf7g8?authuser=0&hl=en&rclk=1,-0.7293,133.9817667,bagus,23.0,recreation 2,atmosphere 3,view 4,beach 2,,,,,,,
Pantai Saleo,Papua Barat,4.6,https://www.google.com/maps/place/Pantai+Saleo/data=!4m7!3m6!1s0x2d5f02b7e2e27a55:0x848c26d0dfb12814!8m2!3d-0.4411768!4d130.7875287!16s%2Fg%2F11hbgb87rf!19sChIJVXri4rcCXy0RFCix39AmjIQ?authuser=0&hl=en&rclk=1,-0.4411768,130.7875287,bagus,31.0,wonderful view 2,clear water 2,Traveler 10 reviews · 10 photos,Agung Setiawan 1 review,,,,,,,
Pangandaran Beach,Jawa Barat,4.6,https://www.google.com/maps/place/Pangandaran+Beach/data=!4m7!3m6!1s0x2e65987adb093d71:0xe033ec8ca217e8c1!8m2!3d-7.6875535!4d108.6387427!16s%2Fg%2F12z84pv6z!19sChIJcT0J23qYZS4RwegXoozsM-A?authuser=0&hl=en&rclk=1,-7.6875535,108.6387427,bagus,11521.0,beauty of the beach,banana boat,nature reserve,white sand,area,,,,,,
Pantai Sawangan Ayah Kebumen,Jawa Tengah,4.6,https://www.google.com/maps/place/Pantai+Sawangan+Ayah+Kebumen/data=!4m7!3m6!1s0x2e65374b9b8a2c01:0xbc063910225ad751!8m2!3d-7.7575867!4d109.3971673!16s%2Fg%2F11c74ds5ld!19sChIJASyKm0s3ZS4RUddaIhA5Brw?authuser=0&hl=en&rclk=1,-7.7575867,109.3971673,bagus,197.0,hills,cave,steep cliff,access to the beach,sawangan adventure,,,,,,
Pantai Karang Tawulan,Jawa Barat,4.6,https://www.google.com/maps/place/Pantai+Karang+Tawulan/data=!4m7!3m6!1s0x2e65c477a965ff9b:0xe1bf7e524db488ef!8m2!3d-7.813352!4d108.2997572!16s%2Fg%2F11bw3bc7rw!19sChIJm_9lqXfEZS4R74i0TVJ-v-E?authuser=0&hl=en&rclk=1,-7.813352,108.2997572,bagus,4094.0,waves,beach,photo spots,cliffs,beauty of the beach,,,,,,
Pelabuhan Ratu Beach,Jawa Barat,4.6,https://www.google.com/maps/place/Pelabuhan+Ratu+Beach/data=!4m7!3m6!1s0x2e6827f3bfc29825:0x30a473ce8e7fdc8b!8m2!3d-6.9845089!4d106.5422552!16s%2Fg%2F121thsgf!19sChIJJZjCv_MnaC4Ri9x_js5zpDA?authuser=0&hl=en&rclk=1,-6.9845089,106.5422552,bagus,4425.0,karang hawu beach,beach cleanliness,citepus beach,coastal,beach beauty,,,,,,
Pantai Cijeruk Garut,Jawa Barat,4.6,https://www.google.com/maps/place/Pantai+Cijeruk+Garut/data=!4m7!3m6!1s0x2e66128b7d174a03:0x8601e8c1846cdad4!8m2!3d-7.71117!4d107.837028!16s%2Fg%2F11c6z171jn!19sChIJA0oXfYsSZi4R1NpshMHoAYY?authuser=0&hl=en&rclk=1,-7.71117,107.837028,bagus,338.0,river mouth,magnificent scenery,raft,boat crossing,sampan,,,,,,
Pantai Karang Papak,Jawa Barat,4.6,https://www.google.com/maps/place/Pantai+Karang+Papak/data=!4m7!3m6!1s0x2e66163a610a8ed1:0x1cea5dc58f1f3034!8m2!3d-7.6405941!4d107.6837437!16s%2Fg%2F11c0r2p44h!19sChIJ0Y4KYToWZi4RNDAfj8Vd6hw?authuser=0&hl=en&rclk=1,-7.6405941,107.6837437,bagus,3496.0,waves,beach cleanliness,white sand,quiet beach,karang papak beach,,,,,,
Pantai Pangumbahan,Jawa Barat,4.6,https://www.google.com/maps/place/Pantai+Pangumbahan/data=!4m7!3m6!1s0x2e42af9be3265f7f:0xbc4fe11c6dfccb2d!8m2!3d-7.3210995!4d106.3867964!16s%2Fg%2F11cllk7k0k!19sChIJf18m45uvQi4RLcv8bRzhT7w?authuser=0&hl=en&rclk=1,-7.3210995,106.3867964,bagus,404.0,Pantai Pangumbahan,turtle release,mangrove,white sand,river mouth,,,,,,
Pantai Batu Bintang,Jawa Barat,4.5,https://www.google.com/maps/place/Pantai+Batu+Bintang/data=!4m7!3m6!1s0x2e682764a64f0907:0x7887beb38bda667b!8m2!3d-7.0206327!4d106.5399574!16s%2Fg%2F11ddxz7lyh!19sChIJBwlPpmQnaC4Re2bai7O-h3g?authuser=0&hl=en&rclk=1,-7.0206327,106.5399574,biasa,1669.0,banana boat,waves,gazebo,clean beach,fishing,,,,,,
Pantai Cidaun,Jawa Barat,4.5,https://www.google.com/maps/place/Pantai+Cidaun/data=!4m7!3m6!1s0x2e67d451507b3b6b:0xa8568a8daa8e3629!8m2!3d-7.4868483!4d107.2363908!16s%2Fg%2F11f3g9vccy!19sChIJazt7UFHUZy4RKTaOqo2KVqg?authuser=0&hl=en&rclk=1,-7.4868483,107.2363908,biasa,127.0,scenery,relaxing,south,,,,,,,,
Pantai Karang Potong,Jawa Barat,4.5,https://www.google.com/maps/place/Pantai+Karang+Potong/data=!4m7!3m6!1s0x2e67d643beef048b:0x660fd4a39d904507!8m2!3d-7.4699067!4d107.168027!16s%2Fg%2F11gds4h4c5!19sChIJiwTvvkPWZy4RB0WQnaPUD2Y?authuser=0&hl=en&rclk=1,-7.4699067,107.168027,biasa,2180.0,photo spots,sea view,access to the beach,beach cleanliness,prayer room,,,,,,
Pangandaran White Sand Beach,Jawa Barat,4.5,https://www.google.com/maps/place/Pangandaran+White+Sand+Beach/data=!4m7!3m6!1s0x2e65987a0b2f7ccb:0x1896da4007e79a5c!8m2!3d-7.7057661!4d108.6533582!16s%2Fg%2F11c5rtvn58!19sChIJy3wvC3qYZS4RXJrnB0Dalhg?authuser=0&hl=en&rclk=1,-7.7057661,108.6533582,biasa,4065.0,snorkeling,monkeys,scenery,coral reef,shipwreck,,,,,,
Pantai Indah Ancol,DKI Jakarta,4.5,https://www.google.com/maps/place/Pantai+Indah+Ancol/data=!4m7!3m6!1s0x2e6a1fb9f0e1c88d:0xdc0845e568c1141a!8m2!3d-6.121739!4d106.8343019!16s%2Fg%2F11fm4skpc4!19sChIJjcjh8Lkfai4RGhTBaOVFCNw?authuser=0&hl=en&rclk=1,-6.121739,106.8343019,biasa,928.0,free shuttle bus,beach cleanliness,beach view,fountain show,prayer room,,,,,,
"Beach Pool, Ancol Beach",DKI Jakarta,4.5,"https://www.google.com/maps/place/Beach+Pool,+Ancol+Beach/data=!4m7!3m6!1s0x2e6a1f09ab9c226d:0x68fc16e676a237f1!8m2!3d-6.1202706!4d106.8478517!16s%2Fg%2F11flv2r4t6!19sChIJbSKcqwkfai4R8TeiduYW_Gg?authuser=0&hl=en&rclk=1",-6.1202706,106.8478517,biasa,12695.0,lagoon,area,prayer room,coast,beach cleanliness,,,,,,
Pantai lampu 1 merauke,Papua Selatan,4.5,https://www.google.com/maps/place/Pantai+lampu+1+merauke/data=!4m7!3m6!1s0x69b5153dfafdc207:0xf59bbcfa7f2c2624!8m2!3d-8.5064562!4d140.3756777!16s%2Fg%2F11pv0d_hpm!19sChIJB8L9-j0VtWkRJCYsf_q8m_U?authuser=0&hl=en&rclk=1,-8.5064562,140.3756777,biasa,93.0,Pantai lampu 1 merauke,beach 10,cleanliness 5,weekend 2,crowded 2,,,,,,
Pantai Anasai,Papua Selatan,4.5,https://www.google.com/maps/place/Pantai+Anasai/data=!4m7!3m6!1s0x69b547566a5084ad:0x82ff90d0c785ee94!8m2!3d-8.4156567!4d140.2688133!16s%2Fg%2F11sv71wqmj!19sChIJrYRQalZHtWkRlO6Fx9CQ_4I?authuser=0&hl=en&rclk=1,-8.4156567,140.2688133,biasa,53.0,coconut 3,beach 15,clean beach 3,cool atmosphere 5,cleanliness 4,,,,,,
Malaumkarta Beach,Papua Barat,4.5,https://www.google.com/maps/place/Malaumkarta+Beach/data=!4m7!3m6!1s0x2d59426aec2492a5:0x57125f4a411af787!8m2!3d-0.7484983!4d131.5825863!16s%2Fg%2F11c6m9xm9d!19sChIJpZIk7GpCWS0Rh_caQUpfElc?authuser=0&hl=en&rclk=1,-0.7484983,131.5825863,biasa,204.0,island 15,white sand 5,bat 8,scenery 5,camping 2,,,,,,
Pantai Karang Pandan,Jawa Tengah,4.5,https://www.google.com/maps/place/Pantai+Karang+Pandan/data=!4m7!3m6!1s0x2e6512335c178015:0xb2878d5d53d5a67d!8m2!3d-7.761814!4d109.0441239!16s%2Fg%2F11gf5y_rm1!19sChIJFYAXXDMSZS4RfabVU12Nh7I?authuser=0&hl=en&rclk=1,-7.761814,109.0441239,biasa,623.0,teluk penyu beach,white sand,fort,monkeys,coral rocks,,,,,,
Pantai Anyer,Banten,4.5,https://www.google.com/maps/place/Pantai+Anyer/data=!4m7!3m6!1s0x2e4186aeccb6c0f1:0x1f555b24c077b26f!8m2!3d-6.0881922!4d105.8837856!16s%2Fg%2F11fy193ldr!19sChIJ8cC2zK6GQS4Rb7J3wCRbVR8?authuser=0&hl=en&rclk=1,-6.0881922,105.8837856,biasa,1472.0,banana boat,area,coral,gazebo,gazebo rental,,,,,,
Sawarna Beach,Banten,4.5,https://www.google.com/maps/place/Sawarna+Beach/data=!4m7!3m6!1s0x2e429030f0d704a7:0xdf552aa51e23e199!8m2!3d-6.9844878!4d106.3068282!16s%2Fg%2F1ptxb4qc7!19sChIJpwTX8DCQQi4RmeEjHqUqVd8?authuser=0&hl=en&rclk=1,-6.9844878,106.3068282,biasa,6737.0,tanjung layar,karang taraje,big waves,white sand,area,,,,,,
Pantai Rowor Teluk Wondama,Papua Barat,4.5,https://www.google.com/maps/place/Pantai+Rowor+Teluk+Wondama/data=!4m7!3m6!1s0x2d4c8e9ec190a01d:0xb3e7c2b6354bb951!8m2!3d-2.5010147!4d134.4970219!16s%2Fg%2F11dfgwxs0g!19sChIJHaCQwZ6OTC0RUblLNbbC57M?authuser=0&hl=en&rclk=1,-2.5010147,134.4970219,biasa,44.0,white sand 4,clean beach 2,quiet place 2,scenery 2,location 2,,,,,,
Pantai Undi,Papua Barat,4.5,https://www.google.com/maps/place/Pantai+Undi/data=!4m7!3m6!1s0x2d56a7197d413713:0xde8799632795264f!8m2!3d-0.7265578!4d133.7592021!16s%2Fg%2F11cs01r1tg!19sChIJEzdBfRmnVi0RTyaVJ2OZh94?authuser=0&hl=en&rclk=1,-0.7265578,133.7592021,biasa,74.0,scenery 7,white sand 2,quiet atmosphere 3,recreation 3,attractions 4,,,,,,
Pantai Tanjung batu,Papua Barat,4.5,https://www.google.com/maps/place/Pantai+Tanjung+batu/data=!4m7!3m6!1s0x2d595500581d9e2f:0xf39565e45905b116!8m2!3d-0.888289!4d131.297476!16s%2Fg%2F11yw4pnw6q!19sChIJL54dWABVWS0RFrEFWeRllfM?authuser=0&hl=en&rclk=1,-0.888289,131.297476,biasa,2.0,Andi Rumaropen 3 reviews,,,,,,,,,,
Pantai Batu Lobang Pasir Putih,Papua Barat,4.5,https://www.google.com/maps/place/Pantai+Batu+Lobang+Pasir+Putih/data=!4m7!3m6!1s0x2d594fa798248aa7:0x734573f271e0a821!8m2!3d-0.7660597!4d131.4131198!16s%2Fg%2F11cn17wxx3!19sChIJp4okmKdPWS0RIajgcfJzRXM?authuser=0&hl=en&rclk=1,-0.7660597,131.4131198,biasa,115.0,beach 8,scenery 13,holey rock 2,rocky beach 2,clean atmosphere 2,,,,,,
Pantai Tiberias,Papua Barat,4.5,https://www.google.com/maps/place/Pantai+Tiberias/data=!4m7!3m6!1s0x2d5ead0786292e7d:0xf335bdce1740256e!8m2!3d-0.8190383!4d131.2408717!16s%2Fg%2F11g9g0b85q!19sChIJfS4phgetXi0RbiVAF869NfM?authuser=0&hl=en&rclk=1,-0.8190383,131.2408717,biasa,30.0,colees setia 3 reviews · 4 photos,rainsa serasi 2 reviews · 5 photos,Sipora Rumbewas 1 review,,,,,,,,
Haji Coral Coast,Jawa Barat,4.5,https://www.google.com/maps/place/Haji+Coral+Coast/data=!4m7!3m6!1s0x2e4284b9899547bd:0xbb7a39e82d0409a3!8m2!3d-6.9597941!4d106.4228245!16s%2Fg%2F11c2r76zfk!19sChIJvUeVibmEQi4RowkELeg5ers?authuser=0&hl=en&rclk=1,-6.9597941,106.4228245,biasa,237.0,sloping beach,clear seawater,gazebo,waves not too big,playing in the sand,,,,,,
Pantai Pasir Putih Timur Pangandaran,Jawa Barat,4.5,https://www.google.com/maps/place/Pantai+Pasir+Putih+Timur+Pangandaran/data=!4m7!3m6!1s0x2e65987e0bd4609d:0xba306ffdad1dd172!8m2!3d-7.7063864!4d108.6639369!16s%2Fg%2F11df0wwxb0!19sChIJnWDUC36YZS4RctEdrf1vMLo?authuser=0&hl=en&rclk=1,-7.7063864,108.6639369,biasa,561.0,snorkeling,caves,monkeys,white sand,nature reserve,,,,,,
Pantai Segara Ayu,Bali,4.5,https://www.google.com/maps/place/Pantai+Segara+Ayu/data=!4m7!3m6!1s0x2dd2403423ab0659:0xaf4e05330cf34456!8m2!3d-8.6824631!4d115.2643001!16s%2Fg%2F11cjj09j0w!19sChIJWQarIzRA0i0RVkTzDDMFTq8?authuser=0&hl=en&rclk=1,-8.6824631,115.2643001,biasa,1940.0,sunrise 87,bicycle-sharing system 25,lumpia 11,tide 16,segara ayu beach 3,,,,,,
Pantai Oyama,Sulawesi Tengah,4.5,https://www.google.com/maps/place/Pantai+Oyama/data=!4m7!3m6!1s0x2d83a6ca17c51421:0x74345aea9a9af9a!8m2!3d-1.4808818!4d123.5262149!16s%2Fg%2F11c525xk8k!19sChIJIRTFF8qmgy0Rmq-pqa5FQwc?authuser=0&hl=en&rclk=1,-1.4808818,123.5262149,biasa,93.0,mangroves,white sand,clear beach,turquoise water,gradation water,,,,,,
BATAKAN BEACH,Kalimantan Selatan,4.5,https://www.google.com/maps/place/BATAKAN+BEACH/data=!4m7!3m6!1s0x2de71d9c5595170b:0x6bc953d389b8bd89!8m2!3d-4.0842654!4d114.6287747!16s%2Fg%2F11kx67zhsr!19sChIJCxeVVZwd5y0Rib24idNTyWs?authuser=0&hl=en&rclk=1,-4.0842654,114.6287747,biasa,3336.0,banana boat,beach cleanliness,gazebo,riding,prayer room,,,,,,
Pantai lokalisasi,Bengkulu,4.5,https://www.google.com/maps/place/Pantai+lokalisasi/data=!4m7!3m6!1s0x2e36bbfb6ec61eb5:0xfad51027612fe2de!8m2!3d-3.8878586!4d102.3025028!16s%2Fg%2F11kjycs8y7!19sChIJtR7Gbvu7Ni4R3uIvYScQ1fo?authuser=0&hl=en&rclk=1,-3.8878586,102.3025028,biasa,52.0,beach name,cleanliness,view,viral,nice place,,,,,,
Pantai Sebanti,Kalimantan Selatan,4.5,https://www.google.com/maps/place/Pantai+Sebanti/data=!4m7!3m6!1s0x2de8f5cbdd12d5f1:0xcc0aded040076a75!8m2!3d-3.950527!4d116.0656153!16s%2Fg%2F11pdxfffgt!19sChIJ8dUS3cv16C0RdWoHQNDeCsw?authuser=0&hl=en&rclk=1,-3.950527,116.0656153,biasa,42.0,sunset,relaxing place,view,Bahrill Erill  reviews ·  photo,AR  reviews ·  photos,,,,,,
Pantai Lais,Bengkulu,4.5,https://www.google.com/maps/place/Pantai+Lais/data=!4m7!3m6!1s0x2e33fd066b9a74eb:0xa04d1067ed4a9095!8m2!3d-3.5403282!4d102.0525796!16s%2Fg%2F11q_mdv5w2!19sChIJ63Saawb9My4RlZBK7WcQTaA?authuser=0&hl=en&rclk=1,-3.5403282,102.0525796,biasa,20.0,waves,view,abrasion,,,,,,,,
Pantai Priukan,Bengkulu,4.5,https://www.google.com/maps/place/Pantai+Priukan/data=!4m7!3m6!1s0x2e36942a7eb4ae43:0x64b495d547664991!8m2!3d-4.0178858!4d102.3453883!16s%2Fg%2F11f3nb0mwg!19sChIJQ660fiqUNi4RkUlmR9WVtGQ?authuser=0&hl=en&rclk=1,-4.0178858,102.3453883,biasa,41.0,beach,,,,,,,,,,
Pantai coconut beach / wisata Tsm,Bengkulu,4.5,https://www.google.com/maps/place/Pantai+coconut+beach+%2F+wisata+Tsm/data=!4m7!3m6!1s0x2e37b1f91481903b:0xb7affdb97889054d!8m2!3d-4.4938877!4d102.9222785!16s%2Fg%2F11qq73t_tm!19sChIJO5CBFPmxNy4RTQWJeLn9r7c?authuser=0&hl=en&rclk=1,-4.4938877,102.9222785,biasa,641.0,glamping,tent,private beach,coconut beach,prayer room,,,,,,
Pantai Cukoh Bintuhan,Bengkulu,4.5,https://www.google.com/maps/place/Pantai+Cukoh+Bintuhan/data=!4m7!3m6!1s0x2e37e4d9ce1db8e7:0x384700c46011702a!8m2!3d-4.811461!4d103.3450175!16s%2Fg%2F11dx94th2n!19sChIJ57gdztnkNy4RKnARYMQARzg?authuser=0&hl=en&rclk=1,-4.811461,103.3450175,biasa,374.0,coconut,beach,white sand,beauty of the beach,many corals,,,,,,
Pantai Arjuna,Sulawesi Tengah,4.5,https://www.google.com/maps/place/Pantai+Arjuna/data=!4m7!3m6!1s0x2d8951d09a2f4207:0x7de53aad4d6c23fd!8m2!3d-0.9546331!4d120.3359553!16s%2Fg%2F11g6_1c_zw!19sChIJB0IvmtBRiS0R_SNsTa065X0?authuser=0&hl=en&rclk=1,-0.9546331,120.3359553,biasa,39.0,beautiful beach,clean beach,,,,,,,,,
Pantai Pasir Putih,Sulawesi Tengah,4.5,https://www.google.com/maps/place/Pantai+Pasir+Putih/data=!4m7!3m6!1s0x2d8ee7004e323e19:0xa3951bbc61765f5c!8m2!3d-1.3697742!4d120.7757125!16s%2Fg%2F11npnd5hbl!19sChIJGT4yTgDnji0RXF92YbwblaM?authuser=0&hl=en&rclk=1,-1.3697742,120.7757125,biasa,2.0,,,,,,,,,,,
Nyang Nyang Beach,Bali,4.5,https://www.google.com/maps/place/Nyang+Nyang+Beach/data=!4m7!3m6!1s0x2dd25aa78911975b:0xc4c366fba0c88757!8m2!3d-8.8391636!4d115.0934172!16s%2Fg%2F11b69fxw5t!19sChIJW5cRiada0i0RV4fIoPtmw8Q?authuser=0&hl=en&rclk=1,-8.8391636,115.0934172,biasa,2352.0,cliff view 83,scenery 36,paragliding 20,scooter access 47,steep road 56,,,,,,
Pantai Samuh,Bali,4.5,https://www.google.com/maps/place/Pantai+Samuh/data=!4m7!3m6!1s0x2dd243213c648795:0x6c4c8c1ba601a2b1!8m2!3d-8.7871671!4d115.2284909!16s%2Fg%2F11ckwbjgd5!19sChIJlYdkPCFD0i0RsaIBphuMTGw?authuser=0&hl=en&rclk=1,-8.7871671,115.2284909,biasa,295.0,shade trees 2,sunrise 14,calm waves 9,free entry 6,not too crowded 8,,,,,,
Kedungu Beach,Bali,4.5,https://www.google.com/maps/place/Kedungu+Beach/data=!4m7!3m6!1s0x2dd2377ae58eba1b:0x8665f5f539b81682!8m2!3d-8.6088824!4d115.083265!16s%2Fg%2F11b6hlpmbp!19sChIJG7qO5Xo30i0Rgha4OfX1ZYY?authuser=0&hl=en&rclk=1,-8.6088824,115.083265,biasa,1990.0,surfing 175,warungs 25,black sand beach 10,waves 24,tanah lot 18,,,,,,
Sindhu,Bali,4.5,https://www.google.com/maps/place/Sindhu/data=!4m7!3m6!1s0x2dd240345de542e5:0xd6ac47050830f7e!8m2!3d-8.6843724!4d115.2645885!16s%2Fg%2F11c0pyzj0m!19sChIJ5ULlXTRA0i0Rfg-DUHDEag0?authuser=0&hl=en&rclk=1,-8.6843724,115.2645885,biasa,1063.0,sunrise 69,sindhu beach 7,turtle conservation 6,cycling 16,warungs 8,,,,,,
Double Six Beach,Bali,4.5,https://www.google.com/maps/place/Double+Six+Beach/data=!4m7!3m6!1s0x2dd246e108062c6d:0x7737566399a0df2c!8m2!3d-8.6975074!4d115.1610332!16s%2Fg%2F11bv30lzl2!19sChIJbSwGCOFG0i0RLN-gmWNWN3c?authuser=0&hl=en&rclk=1,-8.6975074,115.1610332,biasa,12958.0,bean bags 97,surfing 116,sunset 574,live music 123,relaxing atmosphere 148,,,,,,
Pantai Muaya,Bali,4.5,https://www.google.com/maps/place/Pantai+Muaya/data=!4m7!3m6!1s0x2dd244f3a8d5c77b:0xd290ef616cd8337d!8m2!3d-8.782424!4d115.1618833!16s%2Fg%2F11cn331jbk!19sChIJe8fVqPNE0i0RfTPYbGHvkNI?authuser=0&hl=en&rclk=1,-8.782424,115.1618833,biasa,977.0,airport 13,jimbaran beach 2,surfing 26,not too crowded 17,sloping beach 3,,,,,,
Pantai Dato Majene,Sulawesi Barat,4.5,https://www.google.com/maps/place/Pantai+Dato+Majene/data=!4m7!3m6!1s0x2d94bf625060110f:0xb848969411c2777e!8m2!3d-3.5595037!4d118.9843342!16s%2Fg%2F11c0qfrhpw!19sChIJDxFgUGK_lC0RfnfCEZSWSLg?authuser=0&hl=en&rclk=1,-3.5595037,118.9843342,biasa,1133.0,cliffs,gazebo,dato beach,white sand,bridge,,,,,,
Pantai Pasut,Bali,4.5,https://www.google.com/maps/place/Pantai+Pasut/data=!4m7!3m6!1s0x2dd23122e42d049b:0xb8644744b2f08ac3!8m2!3d-8.563438!4d115.0367423!16s%2Fg%2F11cmsv_ydb!19sChIJmwQt5CIx0i0Rw4rwskRHZLg?authuser=0&hl=en&rclk=1,-8.563438,115.0367423,biasa,1117.0,coconut trees 56,black sand beach 42,palm trees 18,photo spot 22,swings 17,,,,,,
Pantai Kelan,Bali,4.5,https://www.google.com/maps/place/Pantai+Kelan/data=!4m7!3m6!1s0x2dd2446ab65f442f:0xe4a98359ab0e3b85!8m2!3d-8.7551201!4d115.166502!16s%2Fg%2F11b6cw3x7z!19sChIJL0RftmpE0i0RhTsOq1mDqeQ?authuser=0&hl=en&rclk=1,-8.7551201,115.166502,biasa,1428.0,plane spotting 48,airplane view 28,close to the airport 38,camels 23,patung garuda wisnu kencana 11,,,,,,
Pantai Malabero,Bengkulu,4.5,https://www.google.com/maps/place/Pantai+Malabero/data=!4m7!3m6!1s0x2e36afda43442331:0x72b88ecfe333c164!8m2!3d-3.7892684!4d102.2469845!16s%2Fg%2F11f403ywsz!19sChIJMSNEQ9qvNi4RZMEz48-OuHI?authuser=0&hl=en&rclk=1,-3.7892684,102.2469845,biasa,340.0,beach,sunset,salted fish,sea view,blue sea water,,,,,,
Obyek Wisata Pantai Sungai Suci,Bengkulu,4.5,https://www.google.com/maps/place/Obyek+Wisata+Pantai+Sungai+Suci/data=!4m7!3m6!1s0x2e36adeb17eb0185:0x30f5c576614d0d22!8m2!3d-3.7196194!4d102.2355583!16s%2Fg%2F11c0vyqvh_!19sChIJhQHrF-utNi4RIg1NYXbF9TA?authuser=0&hl=en&rclk=1,-3.7196194,102.2355583,biasa,1096.0,suspension bridge,waves,sea view,photo spots,sunset,,,,,,
Pantai Way Hawang,Bengkulu,4.5,https://www.google.com/maps/place/Pantai+Way+Hawang/data=!4m7!3m6!1s0x2e37fc3c457ad6b5:0x50cd791b1fcc6cd1!8m2!3d-4.8658778!4d103.4341942!16s%2Fg%2F11cn0nlcy1!19sChIJtdZ6RTz8Ny4R0WzMHxt5zVA?authuser=0&hl=en&rclk=1,-4.8658778,103.4341942,biasa,114.0,beach,waves,white sand,rock,quiet visitors,,,,,,
Melawai Beach,Kalimantan Timur,4.5,https://www.google.com/maps/place/Melawai+Beach/data=!4m7!3m6!1s0x2df1475b5204db5d:0xbd89f03e103910b3!8m2!3d-1.2787925!4d116.8100665!16s%2Fg%2F11b6hvcq94!19sChIJXdsEUltH8S0RsxA5ED7wib0?authuser=0&hl=en&rclk=1,-1.2787925,116.8100665,biasa,13403.0,dusk,sea view,free time,coastal,clean beach,,,,,,
Pantai Sungai Bakung,Kalimantan Selatan,4.5,https://www.google.com/maps/place/Pantai+Sungai+Bakung/data=!4m7!3m6!1s0x2de6ede392073981:0x6eeedaa5381c1db9!8m2!3d-3.7274204!4d114.6197004!16s%2Fg%2F11k97qhszc!19sChIJgTkHkuPt5i0RuR0cOKXa7m4?authuser=0&hl=en&rclk=1,-3.7274204,114.6197004,biasa,18.0,fishing spot,pine trees,photo spot,tourism potential,potential,,,,,,
Pantai Pasir Putih,Bengkulu,4.5,https://www.google.com/maps/place/Pantai+Pasir+Putih/data=!4m7!3m6!1s0x2e36ba96af6d70f1:0x3ae912ab3a3eb09!8m2!3d-3.8313934!4d102.2835105!16s%2Fg%2F11f3p1kkzw!19sChIJ8XBtr5a6Ni4RCeujsyqRrgM?authuser=0&hl=en&rclk=1,-3.8313934,102.2835105,biasa,4221.0,calm waves,coral reef,sailing ship,wharf,salted fish,,,,,,
Panjang Beach Bengkulu,Bengkulu,4.5,https://www.google.com/maps/place/Panjang+Beach+Bengkulu/data=!4m7!3m6!1s0x2e36ba9813ef644b:0x6ebb45e14445f899!8m2!3d-3.812404!4d102.2666804!16s%2Fg%2F11gfb3h9_s!19sChIJS2TvE5i6Ni4RmfhFROFFu24?authuser=0&hl=en&rclk=1,-3.812404,102.2666804,biasa,388.0,Panjang Beach,big waves,free entry,playing in the water,white sand,,,,,,
Pantai LOBUTO,Gorontalo,4.5,https://www.google.com/maps/place/Pantai+LOBUTO/data=!4m7!3m6!1s0x3278dfc154775373:0x26094c9f00b28d22!8m2!3d0.4861962!4d122.7354085!16s%2Fg%2F11gg6kqf18!19sChIJc1N3VMHfeDIRIo2yAJ9MCSY?authuser=0&hl=en&rclk=1,0.4861962,122.7354085,biasa,8.0,Romi amu tomi  photo,arif faisal  reviews ·  photos,THE PRIME BUHUTA  review,,,,,,,,
Bias Tugel Beach,Bali,4.5,https://www.google.com/maps/place/Bias+Tugel+Beach/data=!4m7!3m6!1s0x2dd20e657fe1b24b:0x39bfc47b60755279!8m2!3d-8.536223!4d115.5088618!16s%2Fg%2F11b6bgb_g5!19sChIJS7Lhf2UO0i0ReVJ1YHvEvzk?authuser=0&hl=en&rclk=1,-8.536223,115.5088618,biasa,1935.0,warungs 113,waves 158,white sand 84,turtles 34,sunbeds 32,,,,,,
Nusa Dua Beach,Bali,4.5,https://www.google.com/maps/place/Nusa+Dua+Beach/data=!4m7!3m6!1s0x2dd25cd23a71313d:0x87533f6b571d7de7!8m2!3d-8.8165144!4d115.2257982!16s%2Fg%2F11b77b3lb9!19sChIJPTFxOtJc0i0R530dV2s_U4c?authuser=0&hl=en&rclk=1,-8.8165144,115.2257982,biasa,1642.0,waves 31,coarse sand 3,scenery 14,snorkeling 19,white sand 9,,,,,,
Pulau Karampuang,Sulawesi Barat,4.5,https://www.google.com/maps/place/Pulau+Karampuang/data=!4m7!3m6!1s0x2d92da17620cfb91:0xd4c00579d7f0ec97!8m2!3d-2.6340865!4d118.8790585!16s%2Fg%2F11dxl6r26q!19sChIJkfsMYhfaki0Rl-zw13kFwNQ?authuser=0&hl=en&rclk=1,-2.6340865,118.8790585,biasa,75.0,snorkeling,friendly residents,tourist location,beautiful beach,good spot,,,,,,
Pantai Wisata Kambunong,Sulawesi Barat,4.5,https://www.google.com/maps/place/Pantai+Wisata+Kambunong/data=!4m7!3m6!1s0x2d8d714a9346b563:0x25729707a4e766b8!8m2!3d-1.9557092!4d119.3136359!16s%2Fg%2F11txphc9w5!19sChIJY7VGk0pxjS0RuGbnpAeXciU?authuser=0&hl=en&rclk=1,-1.9557092,119.3136359,biasa,13.0,kadek ardiaso  reviews,Rudiawan Oktora  reviews ·  photos,Nur maulidya  reviews,ASWAR BAHTIAR  reviews ·  photos,Anugrah Ridwan  review,,,,,,
Pantai Teluk Tamiang,Kalimantan Tengah,4.5,https://www.google.com/maps/place/Pantai+Teluk+Tamiang/data=!4m7!3m6!1s0x2de85da846920ac7:0x2a520d5f7b9abcae!8m2!3d-4.0471153!4d116.0506982!16s%2Fg%2F11m_cd5fnh!19sChIJxwqSRqhd6C0Rrryae18NUio?authuser=0&hl=en&rclk=1,-4.0471153,116.0506982,biasa,1644.0,white sand,waves,clean beach,snorkeling,coral reef,,,,,,
KERAYA BEACH,Kalimantan Tengah,4.5,https://www.google.com/maps/place/KERAYA+BEACH/data=!4m7!3m6!1s0x2e09198ab621b891:0x65d50b6332afda4a!8m2!3d-3.0091364!4d111.5450805!16s%2Fg%2F11j12451cc!19sChIJkbghtooZCS4RStqvMmML1WU?authuser=0&hl=en&rclk=1,-3.0091364,111.5450805,biasa,169.0,beach cleanliness,white sand,family camping,photo spots,sunset,,,,,,
Pantai Kasuari,Kalimantan Selatan,4.5,https://www.google.com/maps/place/Pantai+Kasuari/data=!4m7!3m6!1s0x2de695006ef44bf9:0xedef30f6536604cd!8m2!3d-3.7230724!4d114.6204479!16s%2Fg%2F11w9qjmqv9!19sChIJ-Uv0bgCV5i0RzQRmU_Yw7-0?authuser=0&hl=en&rclk=1,-3.7230724,114.6204479,biasa,160.0,beach,beach cleanliness,sunset,congested,tide,,,,,,
Pantai Sarang Tiung KAB. KOTABARU,Kalimantan Selatan,4.5,https://www.google.com/maps/place/Pantai+Sarang+Tiung+KAB.+KOTABARU/data=!4m7!3m6!1s0x2def2dd0092d1ed7:0x103f3a9517cfc7a1!8m2!3d-3.2934168!4d116.2662593!16s%2Fg%2F11csp_j6sk!19sChIJ1x4tCdAt7y0RocfPF5U6PxA?authuser=0&hl=en&rclk=1,-3.2934168,116.2662593,biasa,887.0,beach,gazebo,clean beach,prayer room,camping site,,,,,,
Pantai Loboqna Tubo Tengah,Sulawesi Barat,4.5,https://www.google.com/maps/place/Pantai+Loboqna+Tubo+Tengah/data=!4m7!3m6!1s0x2d934ecdb66ea079:0xc20c1ce16af10189!8m2!3d-3.0715309!4d118.7989255!16s%2Fg%2F11fz_90xsp!19sChIJeaButs1Oky0RiQHxauEcDMI?authuser=0&hl=en&rclk=1,-3.0715309,118.7989255,biasa,22.0,lasimin lasimin  reviews ·  photos,Samsuri  Local Guide ·  reviews ·  photos,Man  Local Guide ·  reviews ·  photos,IPDA AKIL  review ·  photo,Nurdiani Nurmi  reviews ·  photos,,,,,,
Pantai Tanisi,Sulawesi Barat,4.5,https://www.google.com/maps/place/Pantai+Tanisi/data=!4m7!3m6!1s0x2d9339e29193bd89:0x134c51f920d0c4d8!8m2!3d-2.9691342!4d118.8616312!16s%2Fg%2F11kl2201lk!19sChIJib2TkeI5ky0R2MTQIPlRTBM?authuser=0&hl=en&rclk=1,-2.9691342,118.8616312,biasa,30.0,sunset,rest stop,beach,Dell Preioo  reviews,Muh Qubra  reviews ·  photos,,,,,,
Pantai Tumbu,Sulawesi Barat,4.5,https://www.google.com/maps/place/Pantai+Tumbu/data=!4m7!3m6!1s0x2d8d65506612950d:0xc7bab496b1082503!8m2!3d-2.0166196!4d119.2215951!16s%2Fg%2F11c20c6xx8!19sChIJDZUSZlBljS0RAyUIsZa0usc?authuser=0&hl=en&rclk=1,-2.0166196,119.2215951,biasa,102.0,beach,sunset,cleanliness,dhani Dani  reviews,syamsul  reviews ·  photos,,,,,,
Pantai Malauwa,Sulawesi Barat,4.5,https://www.google.com/maps/place/Pantai+Malauwa/data=!4m7!3m6!1s0x2d92d709cd9a14a5:0xe25699c7dcc7826b!8m2!3d-2.6722154!4d118.790386!16s%2Fg%2F11sz3qk0t4!19sChIJpRSazQnXki0Ra4LH3MeZVuI?authuser=0&hl=en&rclk=1,-2.6722154,118.790386,biasa,147.0,beach,cleanliness of the beach,gazebo,villa,family vacation,,,,,,
Pantai Hijau Simboro,Sulawesi Barat,4.5,https://www.google.com/maps/place/Pantai+Hijau+Simboro/data=!4m7!3m6!1s0x2d92d900494747b1:0x399f3268ab1731da!8m2!3d-2.6704267!4d118.8620459!16s%2Fg%2F11vwflnz0k!19sChIJsUdHSQDZki0R2jEXq2gynzk?authuser=0&hl=en&rclk=1,-2.6704267,118.8620459,biasa,18.0,cool atmosphere,Ekki Mosaja  review,Matodiolo Art  reviews ·  photos,syauqi tanriwali  review,Sultan Ahmad  photos,,,,,,
Pantai BTM,Sulawesi Barat,4.5,https://www.google.com/maps/place/Pantai+BTM/data=!4m7!3m6!1s0x2d8d65d3db4eb6e9:0xeba1ebb0fc170f3a!8m2!3d-2.0248108!4d119.2137757!16s%2Fg%2F11v3qr8jfg!19sChIJ6bZO29NljS0ROg8X_LDroes?authuser=0&hl=en&rclk=1,-2.0248108,119.2137757,biasa,13.0,Muh Hidayat  review ·  photos,Wisnu  reviews,Arif B  review,Hastina hasan  review ·  photos,Ahmad Fauzan  photos,,,,,,
Pantai Berawa,Bali,4.5,https://www.google.com/maps/place/Pantai+Berawa/data=!4m7!3m6!1s0x2dd247837b56907d:0xbc8add454efe2eb8!8m2!3d-8.6637779!4d115.1359348!16s%2Fg%2F11b6gkrm1c!19sChIJfZBWe4NH0i0RuC7-TkXdirw?authuser=0&hl=en&rclk=1,-8.6637779,115.1359348,biasa,3154.0,surfing 128,friendly dogs 10,river mouth 12,beach clubs 22,area 31,,,,,,
Green Bowl Beach,Bali,4.5,https://www.google.com/maps/place/Green+Bowl+Beach/data=!4m7!3m6!1s0x2dd25b73d7aa2a3f:0x715aafb7e76c4e!8m2!3d-8.8486708!4d115.1710301!16s%2Fg%2F1ydpn2ql6!19sChIJPyqq13Nb0i0RTmznt69acQA?authuser=0&hl=en&rclk=1,-8.8486708,115.1710301,biasa,2627.0,caves 153,monkeys 159,cliff 53,beautiful scenery 36,stairs to beach 27,,,,,,
Legian Beach,Bali,4.5,https://www.google.com/maps/place/Legian+Beach/data=!4m7!3m6!1s0x2dd246e7987b2117:0xeca4ea2fc43d3caf!8m2!3d-8.7039476!4d115.1647362!16s%2Fg%2F11c53240s9!19sChIJFyF7mOdG0i0Rrzw9xC_qpOw?authuser=0&hl=en&rclk=1,-8.7039476,115.1647362,biasa,1906.0,surfing 155,beginner surfing 8,beanbags 6,ocean 13,sunset 126,,,,,,
Petitenget Beach,Bali,4.5,https://www.google.com/maps/place/Petitenget+Beach/data=!4m7!3m6!1s0x2dd2470fba33f4eb:0x77f7f6be668440c7!8m2!3d-8.6823579!4d115.150964!16s%2Fg%2F11cjj07gjc!19sChIJ6_Qzug9H0i0Rx0CEZr7293c?authuser=0&hl=en&rclk=1,-8.6823579,115.150964,biasa,4572.0,swing 62,area 124,crowd 80,sunset 288,surfing 50,,,,,,
Pantai Batu Belig,Bali,4.5,https://www.google.com/maps/place/Pantai+Batu+Belig/data=!4m7!3m6!1s0x2dd24774c0a631b1:0x9d16e84a9b99cabd!8m2!3d-8.6742449!4d115.1459553!16s%2Fg%2F11byfljfj1!19sChIJsTGmwHRH0i0RvcqZm0roFp0?authuser=0&hl=en&rclk=1,-8.6742449,115.1459553,biasa,4226.0,warungs 29,surfing 74,grilled corn 11,congested 51,sunset 219,,,,,,
Seminyak Beach,Bali,4.5,https://www.google.com/maps/place/Seminyak+Beach/data=!4m7!3m6!1s0x2dd2471c804bfd05:0xdcc2b5ae63dc9082!8m2!3d-8.6920123!4d115.1578837!16s%2Fg%2F11cr_qt0g1!19sChIJBf1LgBxH0i0RgpDcY661wtw?authuser=0&hl=en&rclk=1,-8.6920123,115.1578837,biasa,5149.0,surfing 211,relaxing atmosphere 87,bean bags 19,sunset 352,long beach 28,,,,,,
Pantai Batu Bolong,Bali,4.5,https://www.google.com/maps/place/Pantai+Batu+Bolong/data=!4m7!3m6!1s0x2dd2478621f5b693:0xa157bd1e893b4293!8m2!3d-8.6594824!4d115.1301361!16s%2Fg%2F1hc2cr7jt!19sChIJk7b1IYZH0i0Rk0I7iR69V6E?authuser=0&hl=en&rclk=1,-8.6594824,115.1301361,biasa,8009.0,surfing 366,surfing lessons 39,waves 115,surf spot 28,board rental 19,,,,,,
Kuta Beach,Bali,4.5,https://www.google.com/maps/place/Kuta+Beach/data=!4m7!3m6!1s0x2dd246bc2ab70d43:0x82feaae12f4ab48e!8m2!3d-8.7184926!4d115.1686322!16s%2Fg%2F11c1p6r11n!19sChIJQw23KrxG0i0RjrRKL-Gq_oI?authuser=0&hl=en&rclk=1,-8.7184926,115.1686322,biasa,42778.0,surfing 626,scenery 244,beauty of the beach 168,famous beach 141,learning to surf 63,,,,,,
Pantai Teluk Mata Ikan,Riau,4.5,https://www.google.com/maps/place/Pantai+Teluk+Mata+Ikan/data=!4m7!3m6!1s0x31da298205793155:0xd441cdfa2f6f7615!8m2!3d1.189074!4d104.1106155!16s%2Fg%2F11fhv3jxyd!19sChIJVTF5BYIp2jERFXZvL_rNQdQ?authuser=0&hl=en&rclk=1,1.189074,104.1106155,biasa,140.0,clean beach,wide sand,relaxing atmosphere,white sand,clean water,,,,,,
Trikora Beach,Riau,4.5,https://www.google.com/maps/place/Trikora+Beach/data=!4m7!3m6!1s0x31d961ee2455e2f3:0x5149bc77cb959666!8m2!3d1.1422305!4d104.5853589!16s%2Fg%2F11btwtpl4s!19sChIJ8-JVJO5h2TERZpaVy3e8SVE?authuser=0&hl=en&rclk=1,1.1422305,104.5853589,biasa,317.0,coconut trees,white sand,free entrance,large rocks,peaceful beach,,,,,,
Pantai Pasia Panjang,Sumatera Barat,4.5,https://www.google.com/maps/place/Pantai+Pasia+Panjang/data=!4m7!3m6!1s0x2fd4e872abcf4671:0x6d81acecb107079b!8m2!3d-0.7504667!4d100.2372944!16s%2Fg%2F11hbgb9wpw!19sChIJcUbPq3Lo1C8RmwcHseysgW0?authuser=0&hl=en&rclk=1,-0.7504667,100.2372944,biasa,809.0,,,,,,,,,,,
Pantai Katapiang,Sumatera Barat,4.5,https://www.google.com/maps/place/Pantai+Katapiang/data=!4m7!3m6!1s0x2fd4e872ef40f8b7:0x521bc998fa30a86!8m2!3d-0.7489604!4d100.2357538!16s%2Fg%2F11c0pyv2f2!19sChIJt_hA73Lo1C8Rhgqjj5m8IQU?authuser=0&hl=en&rclk=1,-0.7489604,100.2357538,biasa,0.0,,,,,,,,,,,
Jiku Merasa,Pulau Buru,4.5,https://www.google.com/maps/place/Jiku+Merasa/data=!4m7!3m6!1s0x2d7216c6e109b67d:0x70ad03ff0fc07fd6!8m2!3d-3.1700598!4d127.0273694!16s%2Fg%2F11bbrfs3jz!19sChIJfbYJ4cYWci0R1n_AD_8DrXA?authuser=0&hl=en&rclk=1,-3.1700598,127.0273694,biasa,316.0,white sand 12,blue sea water 2,clear sea 4,distance from city 2,stunning view 2,,,,,,
Pantai Laraba,Pulau Buru,4.5,https://www.google.com/maps/place/Pantai+Laraba/data=!4m7!3m6!1s0x2d726d2afbe3a429:0xe1b3a299f9482ca1!8m2!3d-3.2798357!4d127.117032!16s%2Fg%2F11rgpbjs7_!19sChIJKaTj-yptci0RoSxI-Zmis-E?authuser=0&hl=en&rclk=1,-3.2798357,127.117032,biasa,13.0,seller 2,Ahmad Sholikin 1 review · 2 photos,ina rasina 2 photos,Risky ahmad kaluku 4 photos,Emis leslessy Wadupa 1 review · 5 photos,,,,,,
Pantai Mandel,Sulawesi Tengah,4.5,https://www.google.com/maps/place/Pantai+Mandel/data=!4m7!3m6!1s0x2d83b9f1da48361d:0xe8df29ab6dae07fc!8m2!3d-1.2730375!4d123.5299531!16s%2Fg%2F11v0ypx44g!19sChIJHTZI2vG5gy0R_Aeubasp3-g?authuser=0&hl=en&rclk=1,-1.2730375,123.5299531,biasa,31.0,white sand,beach,pristine beach,wave,plastic,,,,,,
Pantai Kilo Lima,Sulawesi Tengah,4.5,https://www.google.com/maps/place/Pantai+Kilo+Lima/data=!4m7!3m6!1s0x2d86a127457b17ef:0x40a25e1ad913fd5a!8m2!3d-0.9860956!4d122.7922576!16s%2Fg%2F11csq9tj_5!19sChIJ7xd7RSehhi0RWv0T2RpeokA?authuser=0&hl=en&rclk=1,-0.9860956,122.7922576,biasa,1494.0,coral reefs,snorkeling,swimming in seawater,leisure,young coconut ice,,,,,,
Losari Beach,Sulawesi Selatan,4.5,https://www.google.com/maps/place/Losari+Beach/data=!4m7!3m6!1s0x2dbf1d52ea30d089:0x6101a2ac09b61090!8m2!3d-5.1436198!4d119.4074821!16s%2Fg%2F121kq48x!19sChIJidAw6lIdvy0RkBC2CayiAWE?authuser=0&hl=en&rclk=1,-5.1436198,119.4074821,biasa,4322.0,Losari Beach,pisang epe,floating mosque,street artist,photo spots,,,,,,
Pantai Jalarangas,Sulawesi Barat,4.5,https://www.google.com/maps/place/Pantai+Jalarangas/data=!4m7!3m6!1s0x2d92d9d9a87445ab:0x8e201fa696a26252!8m2!3d-2.6784465!4d118.8793874!16s%2Fg%2F11s8ms7myk!19sChIJq0V0qNnZki0RUmKilqYfII4?authuser=0&hl=en&rclk=1,-2.6784465,118.8793874,biasa,2.0,,,,,,,,,,,
Pantai jodoh,Kalimantan Tengah,4.5,https://www.google.com/maps/place/Pantai+jodoh/data=!4m7!3m6!1s0x2de2179c7dbb0877:0x606b61e8d719d5a8!8m2!3d-3.224228!4d112.9395966!16s%2Fg%2F11sxvwfy3j!19sChIJdwi7fZwX4i0RqNUZ1-hha2A?authuser=0&hl=en&rclk=1,-3.224228,112.9395966,biasa,221.0,beach,beach cleanliness,prayer room,photo spots,villa,,,,,,
Pantai Tanjung Nipah,Kalimantan Tengah,4.5,https://www.google.com/maps/place/Pantai+Tanjung+Nipah/data=!4m7!3m6!1s0x2e0ecf994b67fb75:0x6af469fcdd91b4d9!8m2!3d-3.0535065!4d110.941653!16s%2Fg%2F11h_7nh3pk!19sChIJdftnS5nPDi4R2bSR3fxp9Go?authuser=0&hl=en&rclk=1,-3.0535065,110.941653,biasa,170.0,beach,shade trees,clean beach,gazebo,white sand,,,,,,
Pantai Laguna Samudera,Sumatera Selatan,4.5,https://www.google.com/maps/place/Pantai+Laguna+Samudera/data=!4m7!3m6!1s0x2e37fffb7e6a511d:0x8f7b7bc7fdf83782!8m2!3d-4.9159053!4d103.5332381!16s%2Fg%2F11ckr6dk05!19sChIJHVFqfvv_Ny4Rgjf4_cd7e48?authuser=0&hl=en&rclk=1,-4.9159053,103.5332381,biasa,675.0,coral reef,area,coconut,white sand,selfie spot,,,,,,
Pantai Korto,Sumatera Selatan,4.5,https://www.google.com/maps/place/Pantai+Korto/data=!4m7!3m6!1s0x2e396b7ab585eba5:0x84b0456371b275c7!8m2!3d-3.9091238!4d104.5757518!16s%2Fg%2F11dxl9cfp0!19sChIJpeuFtXprOS4Rx3WycWNFsIQ?authuser=0&hl=en&rclk=1,-3.9091238,104.5757518,biasa,15.0,,,,,,,,,,,
Pantai Carocok,Sumatera Selatan,4.5,https://www.google.com/maps/place/Pantai+Carocok/data=!4m7!3m6!1s0x2fd34d8532fc3f11:0x3769b900f1b811b6!8m2!3d-1.3520247!4d100.5670321!16s%2Fg%2F11b6rd09kq!19sChIJET_8MoVN0y8RthG48QC5aTc?authuser=0&hl=en&rclk=1,-1.3520247,100.5670321,biasa,1057.0,Carocok Beach,floating mosque,banana boat,bridge,crossing to the island,,,,,,
Pantai Bidadari Ranau,Sumatera Selatan,4.5,https://www.google.com/maps/place/Pantai+Bidadari+Ranau/data=!4m7!3m6!1s0x2e3873744639ba8d:0x68938de9e62b0518!8m2!3d-4.8161794!4d103.9170472!16s%2Fg%2F11fsbbq01h!19sChIJjbo5RnRzOC4RGAUr5umNk2g?authuser=0&hl=en&rclk=1,-4.8161794,103.9170472,biasa,496.0,lake,banana boat,jet ski,coconut,beach cleanliness,,,,,,
Pantai Pelangi Danau Ranau,Sumatera Selatan,4.5,https://www.google.com/maps/place/Pantai+Pelangi+Danau+Ranau/data=!4m7!3m6!1s0x2e38739b2af68b8b:0xcdc69dde3258b71!8m2!3d-4.8199386!4d103.9693948!16s%2Fg%2F11hbvcklwb!19sChIJi4v2KptzOC4RcYsl491p3Aw?authuser=0&hl=en&rclk=1,-4.8199386,103.9693948,biasa,721.0,banana boat,lake,scenery,jet ski,swimming,,,,,,
Pantai tanjung manjangan,Sumatera Selatan,4.5,https://www.google.com/maps/place/Pantai+tanjung+manjangan/data=!4m7!3m6!1s0x2e3e670aa7e89199:0x38b2610810fb417e!8m2!3d-3.8473598!4d105.95759!16s%2Fg%2F11n5cgn8gq!19sChIJmZHopwpnPi4RfkH7EAhhsjg?authuser=0&hl=en&rclk=1,-3.8473598,105.95759,biasa,23.0,,,,,,,,,,,
Tanjung Bayur Beach,Kalimantan Timur,4.5,https://www.google.com/maps/place/Tanjung+Bayur+Beach/data=!4m7!3m6!1s0x2df151f5b24e94bf:0x2059bf0bb1285276!8m2!3d-1.178379!4d117.0128742!16s%2Fg%2F11nh0gj_6h!19sChIJv5ROsvVR8S0RdlIosQu_WSA?authuser=0&hl=en&rclk=1,-1.178379,117.0128742,biasa,64.0,pristine beach,clean beach,sunset,swimming,coral,,,,,,
Pantai Tobololo,Ternate,4.5,https://www.google.com/maps/place/Pantai+Tobololo/data=!4m7!3m6!1s0x329cadd435dd8fa9:0xfc3175aa15e8cb10!8m2!3d0.8541953!4d127.3525276!16s%2Fg%2F11g0khw0fy!19sChIJqY_dNdStnDIREMvoFap1Mfw?authuser=0&hl=en&rclk=1,0.8541953,127.3525276,biasa,235.0,clean beach 4,sandy beach 2,hot spring 4,white sand 2,quiet beach 2,,,,,,
Pantai Liang,Ambon,4.5,https://www.google.com/maps/place/Pantai+Liang/data=!4m7!3m6!1s0x2d6c8b4d049b04b7:0x34b7df42fb67f814!8m2!3d-3.5049264!4d128.3428253!16s%2Fg%2F11hb2pqnn9!19sChIJtwSbBE2LbC0RFPhn-0LftzQ?authuser=0&hl=en&rclk=1,-3.5049264,128.3428253,biasa,1310.0,rujak 27,banana boat 13,white sand 40,scenery 42,liang beach 2,,,,,,
Minanga Beach,Gorontalo,4.5,https://www.google.com/maps/place/Minanga+Beach/data=!4m7!3m6!1s0x327eadd65dd877df:0x81ccaa6b01d45996!8m2!3d0.9271452!4d123.1085135!16s%2Fg%2F11rxs7cvtl!19sChIJ33fYXdatfjIRllnUAWuqzIE?authuser=0&hl=en&rclk=1,0.9271452,123.1085135,biasa,134.0,gazebo,beach cleanliness,white sand,sunset,coastline,,,,,,
Pantai Sekera Bintan,Kepulauan Riau,4.5,https://www.google.com/maps/place/Pantai+Sekera+Bintan/data=!4m7!3m6!1s0x31d9819d95a95957:0x31465ea8f6c4fc34!8m2!3d1.1130255!4d104.2409239!16s%2Fg%2F1ptxqbfp_!19sChIJV1mplZ2B2TERNPzE9qheRjE?authuser=0&hl=en&rclk=1,1.1130255,104.2409239,biasa,46.0,place to relax,family vacation,coconut,,,,,,,,
Pantai Nemo,Kepulauan Riau,4.5,https://www.google.com/maps/place/Pantai+Nemo/data=!4m7!3m6!1s0x31da29a53489af8f:0x7a6b5c262c51db4d!8m2!3d1.1840625!4d104.1179375!16s%2Fg%2F11y1bynm89!19sChIJj6-JNKUp2jERTdtRLCZca3o?authuser=0&hl=en&rclk=1,1.1840625,104.1179375,biasa,125.0,gazebo,beach cleanliness,mini seaworld,prayer room,calm atmosphere,,,,,,
Pantai Panrita Lopi,Kalimantan Timur,4.5,https://www.google.com/maps/place/Pantai+Panrita+Lopi/data=!4m7!3m6!1s0x2df5e94694886023:0x35cc4a199a352418!8m2!3d-0.2104433!4d117.4367227!16s%2Fg%2F11g9qftftv!19sChIJI2CIlEbp9S0RGCQ1mhlKzDU?authuser=0&hl=en&rclk=1,-0.2104433,117.4367227,biasa,697.0,gazebo,prayer room,hammock,hammock rental,tent rental,,,,,,
Pantai TPI Tanjung Batu,Kalimantan Timur,4.5,https://www.google.com/maps/place/Pantai+TPI+Tanjung+Batu/data=!4m7!3m6!1s0x2df5f3cc1b41ee57:0xda1d7cffb56d89ee!8m2!3d-0.0955935!4d117.472435!16s%2Fg%2F11c5sx43nw!19sChIJV-5BG8zz9S0R7olttf98Hdo?authuser=0&hl=en&rclk=1,-0.0955935,117.472435,biasa,20.0,hidden place,quiet,Reyna Lovelyta  reviews ·  photos,Bang Arief  reviews ·  photos,,,,,,,
Pantai Biduk Biduk,Kalimantan Timur,4.5,https://www.google.com/maps/place/Pantai+Biduk+Biduk/data=!4m7!3m6!1s0x32734c99ab4063dd:0x66574585187cc57f!8m2!3d1.2596409!4d118.6994718!16s%2Fg%2F11g9n104pn!19sChIJ3WNAq5lMczIRf8V8GIVFV2Y?authuser=0&hl=en&rclk=1,1.2596409,118.6994718,biasa,161.0,white sand beach,sunrise,favorite beach,trip,clear water,,,,,,
"Pantai Lubuk, Tanjung batu - Kundur",Riau,4.5,"https://www.google.com/maps/place/Pantai+Lubuk,+Tanjung+batu+-+Kundur/data=!4m7!3m6!1s0x31d779a5690eaafb:0xe0a5fd7bab0e9748!8m2!3d0.6522948!4d103.4006143!16s%2Fg%2F11rzbwymdb!19sChIJ-6oOaaV51zERSJcOq3v9peA?authuser=0&hl=en&rclk=1",0.6522948,103.4006143,biasa,40.0,white sand,beach cleanliness,natural atmosphere,relaxing place,sunset,,,,,,
EXReviola Beach di ganti Sea Light Beach,Riau,4.5,https://www.google.com/maps/place/EXReviola+Beach+di+ganti+Sea+Light+Beach/data=!4m7!3m6!1s0x31d9ab82476734e7:0x5d3d3e1ea9e0504e!8m2!3d0.650222!4d104.2848553!16s%2Fg%2F11hf219k4m!19sChIJ5zRnR4Kr2TERTlDgqR4-PV0?authuser=0&hl=en&rclk=1,0.650222,104.2848553,biasa,656.0,white sand,beach cleanliness,gazebo,soft sand,prayer room,,,,,,
Kajuwulu Beach,Nusa Tenggara Timur,4.5,https://www.google.com/maps/place/Kajuwulu+Beach/data=!4m7!3m6!1s0x2dad0c320cd73d6b:0x9d11e75ace47265a!8m2!3d-8.5243053!4d122.0713724!16s%2Fg%2F11cn6lwzf8!19sChIJaz3XDDIMrS0RWiZHzlrnEZ0?authuser=0&hl=en&rclk=1,-8.5243053,122.0713724,biasa,140.0,scenery 9,white sand 2,not crowded 2,beach 8,accessibility 3,,,,,,
Pantai Punaga,Sulawesi Selatan,4.5,https://www.google.com/maps/place/Pantai+Punaga/data=!4m7!3m6!1s0x2dbed54db76facd1:0xb718a43a24d36153!8m2!3d-5.5830778!4d119.4317734!16s%2Fg%2F11b8v4b_hp!19sChIJ0axvt03Vvi0RU2HTJDqkGLc?authuser=0&hl=en&rclk=1,-5.5830778,119.4317734,biasa,458.0,beach,white sand view,cliffs,coral rock cliffs,clean beach,,,,,,
Pantai Panmuti,Nusa Tenggara Timur,4.5,https://www.google.com/maps/place/Pantai+Panmuti/data=!4m7!3m6!1s0x2c5682206c47fac3:0x6d70e25c5680cfb5!8m2!3d-10.1089177!4d123.7061425!16s%2Fg%2F11dxm8j5fg!19sChIJw_pHbCCCViwRtc-AVlzicG0?authuser=0&hl=en&rclk=1,-10.1089177,123.7061425,biasa,244.0,cliffs 6,views of hills 9,photo spot 5,scenery 12,road access 4,,,,,,
"Pantai Wisata Kahona ,Sarang Burung Danau,Jawai",Kalimantan Barat,4.5,"https://www.google.com/maps/place/Pantai+Wisata+Kahona+,Sarang+Burung+Danau,Jawai/data=!4m7!3m6!1s0x31e4edec94a0ef03:0xf2c3e9c58495f699!8m2!3d1.464816!4d109.0384929!16s%2Fg%2F11mvrjg23j!19sChIJA--glOzt5DERmfaVhMXpw_I?authuser=0&hl=en&rclk=1",1.464816,109.0384929,biasa,17.0,environment,sun dova  reviews,Didi Suryadi  reviews ·  photos,Denden Muhyus  reviews ·  photo,,,,,,,
Pantai pasir putih,Kalimantan Barat,4.5,https://www.google.com/maps/place/Pantai+pasir+putih/data=!4m7!3m6!1s0x2e0f85b1eb74a57f:0x4d47e19703f5b5f8!8m2!3d-2.4057797!4d110.1533806!16s%2Fg%2F11fjxywxp3!19sChIJf6V067GFDy4R-LX1A5fhR00?authuser=0&hl=en&rclk=1,-2.4057797,110.1533806,biasa,191.0,,,,,,,,,,,
Lubuk Antu Dusun 1 Gunung Megang Dalam,Sumatera Selatan,4.5,https://www.google.com/maps/place/Lubuk+Antu+Dusun+1+Gunung+Megang+Dalam/data=!4m7!3m6!1s0x2e3a17096e58255f:0xf28ef35b62bc0a29!8m2!3d-3.4518144!4d103.864208!16s%2Fg%2F11g68t8z4w!19sChIJXyVYbgkXOi4RKQq8YlvzjvI?authuser=0&hl=en&rclk=1,-3.4518144,103.864208,biasa,10.0,,,,,,,,,,,
Pantai Nangadhero,Nusa Tenggara Timur,4.5,https://www.google.com/maps/place/Pantai+Nangadhero/data=!4m7!3m6!1s0x2db28bba871e9d07:0x8c0ec07092ebe1f4!8m2!3d-8.5371062!4d121.3346546!16s%2Fg%2F11sq11ym8r!19sChIJB50eh7qLsi0R9OHrknDADow?authuser=0&hl=en&rclk=1,-8.5371062,121.3346546,biasa,16.0,beach 7,beach cleanliness 3,hot springs 3,local tourism 3,bathe 2,,,,,,
Nanganesa Beach,Nusa Tenggara Timur,4.5,https://www.google.com/maps/place/Nanganesa+Beach/data=!4m7!3m6!1s0x2dad593ea040ff2b:0xe1e7e692864501f3!8m2!3d-8.8485436!4d121.6911434!16s%2Fg%2F11byp84hhk!19sChIJK_9AoD5ZrS0R8wFFhpLm5-E?authuser=0&hl=en&rclk=1,-8.8485436,121.6911434,biasa,75.0,black sand beach 5,scenery 3,strong waves 3,quiet 3,coconut 2,,,,,,
Pantai Maropokot,Nusa Tenggara Timur,4.5,https://www.google.com/maps/place/Pantai+Maropokot/data=!4m7!3m6!1s0x2db28bb6e4acb557:0x3f9854cfa44723fa!8m2!3d-8.5263216!4d121.3277135!16s%2Fg%2F11c6q386wf!19sChIJV7Ws5LaLsi0R-iNHpM9UmD8?authuser=0&hl=en&rclk=1,-8.5263216,121.3277135,biasa,64.0,sunset 2,cleanliness 5,Nirda Farida 5 reviews · 2 photos,Brian Jon welsem 6 reviews · 3 photos,bril zon 6 reviews,,,,,,
Telawas Beach,Nusa Tenggara Barat,4.5,https://www.google.com/maps/place/Telawas+Beach/data=!4m7!3m6!1s0x2dcda767fc570681:0x19264fd90b945f25!8m2!3d-8.8953967!4d116.1620639!16s%2Fg%2F11cssykgqj!19sChIJgQZX_GenzS0RJV-UC9lPJhk?authuser=0&hl=en&rclk=1,-8.8953967,116.1620639,biasa,200.0,hills 14,cliffs 5,stairs to the beach 4,strong waves 7,coral rocks 3,,,,,,
Swiss Beach,Nusa Tenggara Barat,4.5,https://www.google.com/maps/place/Swiss+Beach/data=!4m7!3m6!1s0x2dcc92b4071b13b7:0x3b0d850627fad9ff!8m2!3d-9.0317888!4d116.8021781!16s%2Fg%2F11csr1t47s!19sChIJtxMbB7SSzC0R_9n6JwaFDTs?authuser=0&hl=en&rclk=1,-9.0317888,116.8021781,biasa,78.0,beautiful place 2,Serun Gz 3 reviews · 2 photos,,,,,,,,,
Pantai malimbu,Nusa Tenggara Barat,4.5,https://www.google.com/maps/place/Pantai+malimbu/data=!4m7!3m6!1s0x2dcde9f3383323ab:0x8c61ba4ccdb72fae!8m2!3d-8.441847!4d116.0381002!16s%2Fg%2F11fjmf1d41!19sChIJqyMzOPPpzS0Rri-3zUy6YYw?authuser=0&hl=en&rclk=1,-8.441847,116.0381002,biasa,343.0,quiet bay 3,beach view 4,sunset 32,photo spot 4,shade trees 2,,,,,,
Pantai Kecinan,Nusa Tenggara Barat,4.5,https://www.google.com/maps/place/Pantai+Kecinan/data=!4m7!3m6!1s0x2dcddd6d559d4aab:0x5357748a51b2a915!8m2!3d-8.4059489!4d116.0601557!16s%2Fg%2F11fj44nhw4!19sChIJq0qdVW3dzS0RFamyUYp0V1M?authuser=0&hl=en&rclk=1,-8.4059489,116.0601557,biasa,1241.0,beach 143,coconut tree 18,waves 15,snorkeling 34,beach cleanliness 26,,,,,,
Mandalika Beach,Nusa Tenggara Barat,4.5,https://www.google.com/maps/place/Mandalika+Beach/data=!4m7!3m6!1s0x2dcd07662278a851:0x7e00497a65127dc6!8m2!3d-8.9014948!4d116.2945999!16s%2Fg%2F11ckvwq4rx!19sChIJUah4ImYHzS0Rxn0SZXpJAH4?authuser=0&hl=en&rclk=1,-8.9014948,116.2945999,biasa,961.0,coriander 6,landscape 28,hills 14,electric bike rental 6,white sand 13,,,,,,
BEACH LUARI Tobelo (Luari Beach),Maluku Utara,4.5,https://www.google.com/maps/place/BEACH+LUARI+Tobelo+%28Luari+Beach%29/data=!4m7!3m6!1s0x328f98762319cfc5:0xb89bc4963e558ab!8m2!3d1.8068854!4d127.9304953!16s%2Fg%2F12hqnk_gl!19sChIJxc8ZI3aYjzIRq1jlY0m8iQs?authuser=0&hl=en&rclk=1,1.8068854,127.9304953,biasa,287.0,snorkeling 5,photo spots 5,beach cleanliness 5,duck mouth fried banana 2,shady trees 2,,,,,,
Pantai Biluhu Timur,Gorontalo,4.5,https://www.google.com/maps/place/Pantai+Biluhu+Timur/data=!4m7!3m6!1s0x3278d6130b5972fb:0x2ca8b29bca6c75dc!8m2!3d0.4904571!4d122.9734002!16s%2Fg%2F11c326gs98!19sChIJ-3JZCxPWeDIR3HVsypuyqCw?authuser=0&hl=en&rclk=1,0.4904571,122.9734002,biasa,160.0,cottages,snorkeling,white sand,spot diving,beach cleanliness,,,,,,
Pantai Pakaretan Fenol,Sulawesi Utara,4.5,https://www.google.com/maps/place/Pantai+Pakaretan+Fenol/data=!4m7!3m6!1s0x32873b1092b14f45:0x54314f2ecd37c334!8m2!3d1.1673698!4d125.0303119!16s%2Fg%2F11mhdqx0qt!19sChIJRU-xkhA7hzIRNMM3zS5PMVQ?authuser=0&hl=en&rclk=1,1.1673698,125.0303119,biasa,28.0,place to stay,Leon Shevanya Kondoy  reviews,Elvira Timban  reviews ·  photos,Marchel Mamahit  photo,,,,,,,
Pantai Tasik Oki,Sulawesi Utara,4.5,https://www.google.com/maps/place/Pantai+Tasik+Oki/data=!4m7!3m6!1s0x328705899cbb792f:0x6692a3993ed7a392!8m2!3d1.3908778!4d125.101052!16s%2Fg%2F11gjywfw2t!19sChIJL3m7nIkFhzIRkqPXPpmjkmY?authuser=0&hl=en&rclk=1,1.3908778,125.101052,biasa,23.0,yahya kampe  review ·  photos,Margaretha Lestari Surupandy  reviews,marcel Katamang  review ·  photos,Henky Lumentut  reviews,,,,,,,
Taplau Padang,Sumatera Barat,4.5,https://www.google.com/maps/place/Taplau+Padang/data=!4m7!3m6!1s0x2fd4bf5e2182e651:0x10237e1d9a3d994!8m2!3d-0.9305813!4d100.3500867!16s%2Fg%2F11h4g9gcs3!19sChIJUeaCIV6_1C8RlNmj2eE3AgE?authuser=0&hl=en&rclk=1,-0.9305813,100.3500867,biasa,436.0,young coconut,leisure,evening atmosphere,sea view,hangout spot,,,,,,
Pantai Painan,Sumatera Barat,4.5,https://www.google.com/maps/place/Pantai+Painan/data=!4m7!3m6!1s0x2fd34d8541651857:0x6e0f2b0ae21faaa1!8m2!3d-1.3515563!4d100.5644578!16s%2Fg%2F11c2q39bw0!19sChIJVxhlQYVN0y8Roaof4gorD24?authuser=0&hl=en&rclk=1,-1.3515563,100.5644578,biasa,71.0,cingkuk island,clean beach,sunset,family vacation,play,,,,,,
Pantai Kata Pariaman,Sumatera Barat,4.5,https://www.google.com/maps/place/Pantai+Kata+Pariaman/data=!4m7!3m6!1s0x2fd4e3a1ba79e995:0xb5dbd970f4cf0ee1!8m2!3d-0.6465019!4d100.1290331!16s%2Fg%2F11b6_gt2g3!19sChIJlel5uqHj1C8R4Q7P9HDZ27U?authuser=0&hl=en&rclk=1,-0.6465019,100.1290331,biasa,2612.0,beach cleanliness,prayer room,beach atmosphere,photo spots,pine,,,,,,
Pantai Purus Padang,Sumatera Barat,4.5,https://www.google.com/maps/place/Pantai+Purus+Padang/data=!4m7!3m6!1s0x2fd4b9e06c2e0ae7:0xdbef40806631b0a9!8m2!3d-0.9574256!4d100.3532795!16s%2Fg%2F11p76pv5r4!19sChIJ5woubOC51C8RqbAxZoBA79s?authuser=0&hl=en&rclk=1,-0.9574256,100.3532795,biasa,177.0,mosque,coast,waves,clean beach,natural beach,,,,,,
Pantai Pasia Sabalah,Sumatera Barat,4.5,https://www.google.com/maps/place/Pantai+Pasia+Sabalah/data=!4m7!3m6!1s0x2fd4c0de79729503:0x665bb59fce7b09ec!8m2!3d-0.8579197!4d100.3296559!16s%2Fg%2F11b_24c17g!19sChIJA5Vyed7A1C8R7Al7zp-1W2Y?authuser=0&hl=en&rclk=1,-0.8579197,100.3296559,biasa,75.0,beach cleanliness,relaxing place,fisherman,beach,,,,,,,
Pantai Carolina,Sumatera Barat,4.5,https://www.google.com/maps/place/Pantai+Carolina/data=!4m7!3m6!1s0x2fd4bbea4fdba27f:0x577365177b371175!8m2!3d-1.0369988!4d100.407781!16s%2Fg%2F11qgjyf7v0!19sChIJf6LbT-q71C8RdRE3exdlc1c?authuser=0&hl=en&rclk=1,-1.0369988,100.407781,biasa,1167.0,mat rental,banana boat,prayer room,calm waves,shady beach,,,,,,
PANTAI TANJUNG JUMLAI,Kalimantan Timur,4.5,https://www.google.com/maps/place/PANTAI+TANJUNG+JUMLAI/data=!4m7!3m6!1s0x2df117e6d0eaba85:0xfcc63a1f07658fb5!8m2!3d-1.3844605!4d116.7018407!16s%2Fg%2F11rkyktcdj!19sChIJhbrq0OYX8S0RtY9lBx86xvw?authuser=0&hl=en&rclk=1,-1.3844605,116.7018407,biasa,37.0,free entry,place to relax,sea breeze,cleanliness,market,,,,,,
Pantai Senggigi,Nusa Tenggara Barat,4.5,https://www.google.com/maps/place/Pantai+Senggigi/data=!4m7!3m6!1s0x2dcdc20652e05293:0xc429aa560d29424f!8m2!3d-8.5027497!4d116.0444476!16s%2Fg%2F11b6d6lmms!19sChIJk1LgUgbCzS0RT0IpDVaqKcQ?authuser=0&hl=en&rclk=1,-8.5027497,116.0444476,biasa,358.0,coconut 2,surf 6,fishing spot 2,waves not too big 2,amazing panorama 2,,,,,,
Pantai Lancing,Nusa Tenggara Barat,4.5,https://www.google.com/maps/place/Pantai+Lancing/data=!4m7!3m6!1s0x2dcda7f553ab7adf:0xdbc38a2e94bbc90e!8m2!3d-8.9006882!4d116.2070408!16s%2Fg%2F11g65bn1zz!19sChIJ33qrU_WnzS0RDsm7lC6Kw9s?authuser=0&hl=en&rclk=1,-8.9006882,116.2070408,biasa,171.0,wave 7,snorkeling 12,coral 2,long sandy beach 2,quiet swimming 2,,,,,,
Pulau Wisata Bokori,Sulawesi Tenggara,4.5,https://www.google.com/maps/place/Pulau+Wisata+Bokori/data=!4m7!3m6!1s0x2d98eba53b97ff15:0xf6266bebe5d037b9!8m2!3d-3.9400062!4d122.6597541!16s%2Fg%2F11g6j97fnv!19sChIJFf-XO6XrmC0RuTfQ5etrJvY?authuser=0&hl=en&rclk=1,-3.9400062,122.6597541,biasa,1326.0,gazebo,banana boat,dock,ship,island,,,,,,
Pantai Pusahelu,Sulawesi Selatan,4.5,https://www.google.com/maps/place/Pantai+Pusahelu/data=!4m7!3m6!1s0x2dbbf15234e3cd5f:0xb0fcfe62b53afc43!8m2!3d-5.6084906!4d120.4270056!16s%2Fg%2F11bw46r7x_!19sChIJX83jNFLxuy0RQ_w6tWL-_LA?authuser=0&hl=en&rclk=1,-5.6084906,120.4270056,biasa,155.0,cliffs,clean beach,private beach,white sand,sunset,,,,,,
Pantai Puntondo,Sulawesi Selatan,4.5,https://www.google.com/maps/place/Pantai+Puntondo/data=!4m7!3m6!1s0x2db92b35857139d9:0xeae9266eff53cc29!8m2!3d-5.5864427!4d119.4876575!16s%2Fg%2F11bbrhcf3v!19sChIJ2TlxhTUruS0RKcxT_24m6eo?authuser=0&hl=en&rclk=1,-5.5864427,119.4876575,biasa,110.0,mangroves,marine life,study,family vacation,training,,,,,,
Pantai Biru,Sulawesi Selatan,4.5,https://www.google.com/maps/place/Pantai+Biru/data=!4m7!3m6!1s0x2dbf1da6696e71c9:0x883aa3cdffdc1a87!8m2!3d-5.1758322!4d119.3876499!16s%2Fg%2F11pcc9g3sy!19sChIJyXFuaaYdvy0Rhxrc_82jOog?authuser=0&hl=en&rclk=1,-5.1758322,119.3876499,biasa,1385.0,gazebo,beach cleanliness,banana boat,gazebo rental,mosque,,,,,,
Pantai Maluk.pasir Putih,Nusa Tenggara Barat,4.5,https://www.google.com/maps/place/Pantai+Maluk.pasir+Putih/data=!4m7!3m6!1s0x2dccf5bc379b68df:0x7d727e1e68f45ed7!8m2!3d-8.9186992!4d116.7492423!16s%2Fg%2F11qn8s35mr!19sChIJ32ibN7z1zC0R1170aB5-cn0?authuser=0&hl=en&rclk=1,-8.9186992,116.7492423,biasa,267.0,white sand 20,beach 51,beach cleanliness 8,looking for clams 2,calm beach 2,,,,,,
Pantai kerandangan 3,Nusa Tenggara Barat,4.5,https://www.google.com/maps/place/Pantai+kerandangan+3/data=!4m7!3m6!1s0x2dcde9dbc2d1e635:0x55e79ead731ef57!8m2!3d-8.4849899!4d116.0347111!16s%2Fg%2F11dfgstsjv!19sChIJNebRwtvpzS0RV-8x1-p5XgU?authuser=0&hl=en&rclk=1,-8.4849899,116.0347111,biasa,175.0,Pantai kerandangan 3,coconut trees 10,young coconut ice 2,gazebo 2,photo spots 2,,,,,,
Pantai Tanjung Bias - Tanjung Bias Beach,Nusa Tenggara Barat,4.5,https://www.google.com/maps/place/Pantai+Tanjung+Bias+-+Tanjung+Bias+Beach/data=!4m7!3m6!1s0x2dcdc1a524e8d54d:0x27cf9c188312bfc8!8m2!3d-8.5379556!4d116.0681313!16s%2Fg%2F11sk2p5cjn!19sChIJTdXoJKXBzS0RyL8Sgxiczyc?authuser=0&hl=en&rclk=1,-8.5379556,116.0681313,biasa,183.0,sunset 31,waves 4,riding 9,warungs 5,agung 2,,,,,,
Poto Batu,Nusa Tenggara Barat,4.5,https://www.google.com/maps/place/Poto+Batu/data=!4m7!3m6!1s0x2dcc60962f6fb0df:0xcbf25065bd420f58!8m2!3d-8.7945185!4d116.8120899!16s%2Fg%2F11c12p9c63!19sChIJ37BvL5ZgzC0RWA9CvWVQ8ss?authuser=0&hl=en&rclk=1,-8.7945185,116.8120899,biasa,304.0,beach 37,sunset 39,sound of waves 4,perforated rocks 2,beach cleanliness 5,,,,,,
Sungai Tamborasi,Sulawesi Tenggara,4.5,https://www.google.com/maps/place/Sungai+Tamborasi/data=!4m7!3m6!1s0x2d97082de08499f1:0xbbdf93314b35acaf!8m2!3d-3.759009!4d121.119701!16s%2Fg%2F11cm0h96qt!19sChIJ8ZmE4C0Ily0Rr6w1SzGT37s?authuser=0&hl=en&rclk=1,-3.759009,121.119701,biasa,1155.0,shortest river in the world 57,gazebo 13,sea 68,tamborasi river 2,cold river water 9,,,,,,
Pantai Lakeba,Sulawesi Tenggara,4.5,https://www.google.com/maps/place/Pantai+Lakeba/data=!4m7!3m6!1s0x2da470c71e2bb41f:0x273addf155580585!8m2!3d-5.4920275!4d122.5625395!16s%2Fg%2F11hcpjp161!19sChIJH7QrHsdwpC0RhQVYVfHdOic?authuser=0&hl=en&rclk=1,-5.4920275,122.5625395,biasa,186.0,beach 21,sunset 11,beach cleanliness 5,gazebo rental 2,camping spot 2,,,,,,
"Pantai Kamali, Baubau",Sulawesi Tenggara,4.5,"https://www.google.com/maps/place/Pantai+Kamali,+Baubau/data=!4m7!3m6!1s0x2da47694bd8a14c3:0xa5c2f41c654ddc21!8m2!3d-5.4546931!4d122.6071772!16s%2Fg%2F11c0rs2d1b!19sChIJwxSKvZR2pC0RIdxNZRz0wqU?authuser=0&hl=en&rclk=1",-5.4546931,122.6071772,biasa,1486.0,dragon statue,night market,scenery,sea view,beach cleanliness,,,,,,
Pantai Teluk Gembira,Bangka Belitung,4.5,https://www.google.com/maps/place/Pantai+Teluk+Gembira/data=!4m7!3m6!1s0x2e16eb85e3ed38cb:0x6711e750d31f0f63!8m2!3d-3.196893!4d107.5853894!16s%2Fg%2F11sf7z5yzt!19sChIJyzjt44XrFi4RYw8f01DnEWc?authuser=0&hl=en&rclk=1,-3.196893,107.5853894,biasa,40.0,prayer room,far from the city,quiet,beach,cleanliness,,,,,,
Pantai Turun Aban / Turun Aban Beach,Bangka Belitung,4.5,https://www.google.com/maps/place/Pantai+Turun+Aban+%2F+Turun+Aban+Beach/data=!4m7!3m6!1s0x2e22f4e340e00a61:0x739837d9a6add930!8m2!3d-1.8009758!4d106.1240046!16s%2Fg%2F11c0rsg19r!19sChIJYQrgQOP0Ii4RMNmtptk3mHM?authuser=0&hl=en&rclk=1,-1.8009758,106.1240046,biasa,511.0,granite,large rocks,fishing boats,gazebos,prayer room,,,,,,
Pantai Tanjung Berikat,Bangka Belitung,4.5,https://www.google.com/maps/place/Pantai+Tanjung+Berikat/data=!4m7!3m6!1s0x2e17ec6dfb8e3a7f:0x40f499323d7483f1!8m2!3d-2.5789665!4d106.8428762!16s%2Fg%2F11c0rns0_l!19sChIJfzqO-23sFy4R8YN0PTKZ9EA?authuser=0&hl=en&rclk=1,-2.5789665,106.8428762,biasa,169.0,granite,tower,large rocks,white sand,road access,,,,,,
Rambak Beach,Bangka Belitung,4.5,https://www.google.com/maps/place/Rambak+Beach/data=!4m7!3m6!1s0x2e228cd672fe870b:0x2367abb50ab5bbf!8m2!3d-1.8703975!4d106.1633355!16s%2Fg%2F11b7q5qv00!19sChIJC4f-ctaMIi4Rv1urULt6NgI?authuser=0&hl=en&rclk=1,-1.8703975,106.1633355,biasa,726.0,ikan bakar,large rocks,prayer room,granite,area,,,,,,
Pantai Parai Tenggiri,Bangka Belitung,4.5,https://www.google.com/maps/place/Pantai+Parai+Tenggiri/data=!4m7!3m6!1s0x2e22f4e5d4c78d53:0xf41a1faffb56928a!8m2!3d-1.8043515!4d106.1284172!16s%2Fg%2F121yhbjv!19sChIJU43H1OX0Ii4RipJW-68fGvQ?authuser=0&hl=en&rclk=1,-1.8043515,106.1284172,biasa,2128.0,granite,pool,scenery,large rocks,photo spots,,,,,,
Pantai Kura Kura,Kalimantan Barat,4.5,https://www.google.com/maps/place/Pantai+Kura+Kura/data=!4m7!3m6!1s0x31e30b38022a1c03:0x58cf6c3f7e1bc1e2!8m2!3d0.8308728!4d108.8592335!16s%2Fg%2F11rstkl15n!19sChIJAxwqAjgL4zER4sEbfj9sz1g?authuser=0&hl=en&rclk=1,0.8308728,108.8592335,biasa,28.0,clean beach,sunset,cool atmosphere,swim,resting place,,,,,,
Kura kura beach (entry),Kalimantan Barat,4.5,https://www.google.com/maps/place/Kura+kura+beach+%28entry%29/data=!4m7!3m6!1s0x31e30bb1277d3fbf:0x78300af5ad437016!8m2!3d0.8216746!4d108.865698!16s%2Fg%2F11rm_037r7!19sChIJvz99J7EL4zERFnBDrfUKMHg?authuser=0&hl=en&rclk=1,0.8216746,108.865698,biasa,48.0,statue,exotic scenery,scenery,beach,Nanang Prasetyo  reviews ·  photo,,,,,,
Pantai mutiara,Kalimantan Barat,4.5,https://www.google.com/maps/place/Pantai+mutiara/data=!4m7!3m6!1s0x2e04a36921cb253f:0xe403419c297b8ee9!8m2!3d-1.2155968!4d109.9299459!16s%2Fg%2F11mwt33dvw!19sChIJPyXLIWmjBC4R6Y57KZxBA-Q?authuser=0&hl=en&rclk=1,-1.2155968,109.9299459,biasa,40.0,quiet,cool atmosphere,beach,,,,,,,,
Pantai Kertasari,Nusa Tenggara Barat,4.5,https://www.google.com/maps/place/Pantai+Kertasari/data=!4m7!3m6!1s0x2dcc42b4b5161221:0xc6b2233a6413bbd5!8m2!3d-8.6953273!4d116.7776254!16s%2Fg%2F11cjj1nzpm!19sChIJIRIWtbRCzC0R1bsTZDojssY?authuser=0&hl=en&rclk=1,-8.6953273,116.7776254,biasa,211.0,seaweed cultivation 4,surfing 4,nice cottage 2,white sand 4,remote location 2,,,,,,
Pantai Seger Kuta Lombok,Nusa Tenggara Barat,4.5,https://www.google.com/maps/place/Pantai+Seger+Kuta+Lombok/data=!4m7!3m6!1s0x2dcd07688be32eb3:0x4a2b5a1298bb615b!8m2!3d-8.907198!4d116.2970394!16s%2Fg%2F11cjh_bn9b!19sChIJsy7ji2gHzS0RW2G7mBJaK0o?authuser=0&hl=en&rclk=1,-8.907198,116.2970394,biasa,1722.0,surfing 87,pertamina mandalika international circuit 39,hills 105,festival bau nyale 48,sunset 81,,,,,,
Pantai Malaha,Sulawesi Tenggara,4.5,https://www.google.com/maps/place/Pantai+Malaha/data=!4m7!3m6!1s0x2d9793f314fba485:0x5099115ee7dc5bc2!8m2!3d-3.9975309!4d121.4062189!16s%2Fg%2F11h3v6m30_!19sChIJhaT7FPOTly0Rwlvc514RmVA?authuser=0&hl=en&rclk=1,-3.9975309,121.4062189,biasa,91.0,ship 2,photo spots 3,fishing spot 2,picnic spot 2,entrance fee 2,,,,,,
PANTAI PUDONGGALA,Sulawesi Tenggara,4.5,https://www.google.com/maps/place/PANTAI+PUDONGGALA/data=!4m7!3m6!1s0x2d98ffaf41d0e339:0x5119148f198e7526!8m2!3d-3.767321!4d122.4465676!16s%2Fg%2F11h_3djxq5!19sChIJOePQQa__mC0RJnWOGY8UGVE?authuser=0&hl=en&rclk=1,-3.767321,122.4465676,biasa,132.0,beach 25,beach cleanliness 7,sea view 2,free entry 4,merchant 2,,,,,,
Pantai Meleura,Sulawesi Tenggara,4.5,https://www.google.com/maps/place/Pantai+Meleura/data=!4m7!3m6!1s0x2da3c937a9ce9bdb:0xfe83af9f0f35405!8m2!3d-4.9292094!4d122.7563076!16s%2Fg%2F11j94gc6r7!19sChIJ25vOqTfJoy0RBVTz8Pk66A8?authuser=0&hl=en&rclk=1,-4.9292094,122.7563076,biasa,92.0,banana boat 2,sunrise 2,seaside atmosphere 4,sea view 2,white sand 2,,,,,,
Pantai Turun Aban,Bangka Belitung,4.5,https://www.google.com/maps/place/Pantai+Turun+Aban/data=!4m7!3m6!1s0x2e22f528bb28e3ff:0x68d3d74aa0ce3a19!8m2!3d-1.8009831!4d106.1239764!16s%2Fg%2F11v4c7xmdy!19sChIJ_-Mouyj1Ii4RGTrOoErX02g?authuser=0&hl=en&rclk=1,-1.8009831,106.1239764,biasa,511.0,granite,large rocks,fishing boats,gazebos,prayer room,,,,,,
Pantai Tanjung Batu,Bangka Belitung,4.5,https://www.google.com/maps/place/Pantai+Tanjung+Batu/data=!4m7!3m6!1s0x2e228dfee9579d7b:0x6c98568bdf708907!8m2!3d-1.8775391!4d106.172909!16s%2Fg%2F11sd6jxbxk!19sChIJe51X6f6NIi4RB4lw34tWmGw?authuser=0&hl=en&rclk=1,-1.8775391,106.172909,biasa,392.0,sunset,cliffs,sea view,food stalls,beach cleanliness,,,,,,
Marina Bay Beach,Bangka Belitung,4.5,https://www.google.com/maps/place/Marina+Bay+Beach/data=!4m7!3m6!1s0x2e22f4ef7a74935d:0x7b1bbb6d1f4a1b88!8m2!3d-1.8072475!4d106.1262167!16s%2Fg%2F11g6qsry1w!19sChIJXZN0eu_0Ii4RiBtKH227G3s?authuser=0&hl=en&rclk=1,-1.8072475,106.1262167,biasa,0.0,,,,,,,,,,,
Pantai Tuing,Bangka Belitung,4.5,https://www.google.com/maps/place/Pantai+Tuing/data=!4m7!3m6!1s0x2e225bad89cc4a19:0x94e6730ff8f506cd!8m2!3d-1.6576924!4d106.0208707!16s%2Fg%2F11gdpx7k_d!19sChIJGUrMia1bIi4RzQb1-A9z5pQ?authuser=0&hl=en&rclk=1,-1.6576924,106.0208707,biasa,306.0,gazebo,coconut,hills,prayer room,white sand,,,,,,
Pantai Siangau Pala Teluk Limau,Bangka Belitung,4.5,https://www.google.com/maps/place/Pantai+Siangau+Pala+Teluk+Limau/data=!4m7!3m6!1s0x2e23b98dbdb4fc9f:0x15e7720c04dcee52!8m2!3d-1.5317541!4d105.5669604!16s%2Fg%2F11c44f4nvs!19sChIJn_y0vY25Iy4RUu7cBAxy5xU?authuser=0&hl=en&rclk=1,-1.5317541,105.5669604,biasa,646.0,granite,coconut,waves,blue sea water,white sand,,,,,,
Tanjung Pendam Beach,Bangka Belitung,4.5,https://www.google.com/maps/place/Tanjung+Pendam+Beach/data=!4m7!3m6!1s0x2e171660f94aa8e7:0xdb205eed8b15f1!8m2!3d-2.7411811!4d107.6246944!16s%2Fg%2F1ydp5gj9x!19sChIJ56hK-WAWFy4R8RWL7V4g2wA?authuser=0&hl=en&rclk=1,-2.7411811,107.6246944,biasa,493.0,beach in the city center,white sand,clam,shell hunting,morning run,,,,,,
Pantai Bukit Berahu,Bangka Belitung,4.5,https://www.google.com/maps/place/Pantai+Bukit+Berahu/data=!4m7!3m6!1s0x2e176a514bcdd00b:0xdb4514764fccf1eb!8m2!3d-2.6045809!4d107.6277231!16s%2Fg%2F11bvv04wfc!19sChIJC9DNS1FqFy4R6_HMT3YURds?authuser=0&hl=en&rclk=1,-2.6045809,107.6277231,biasa,407.0,free mineral water,swimming pool,hills,clean swimming pool,stairs to the beach,,,,,,
pantai cemara,Kalimantan Timur,4.5,https://www.google.com/maps/place/pantai+cemara/data=!4m7!3m6!1s0x2df145539c8403b1:0x94933bb63db7217e!8m2!3d-1.2251018!4d116.9704639!16s%2Fg%2F11rtw7brvy!19sChIJsQOEnFNF8S0RfiG3PbY7k5Q?authuser=0&hl=en&rclk=1,-1.2251018,116.9704639,biasa,331.0,gazebo,coconut,mosque,beach cleanliness,shady,,,,,,
Pantai Kalampayan,Sumatera Barat,4.5,https://www.google.com/maps/place/Pantai+Kalampayan/data=!4m7!3m6!1s0x2fd5045ae69fe3f7:0x1dadc0605ff1bc32!8m2!3d-0.4917978!4d100.0265254!16s%2Fg%2F11g9vvkdr0!19sChIJ9-Of5loE1S8RMrzxX2DArR0?authuser=0&hl=en&rclk=1,-0.4917978,100.0265254,biasa,35.0,,,,,,,,,,,
Kawasan Pantai Muaro Bantiang,Sumatera Barat,4.5,https://www.google.com/maps/place/Kawasan+Pantai+Muaro+Bantiang/data=!4m7!3m6!1s0x2fd350ca5d576b49:0x166a04e39f1f9985!8m2!3d-1.2706007!4d100.4635572!16s%2Fg%2F11c4bgncwy!19sChIJSWtXXcpQ0y8RhZkfn-MEahY?authuser=0&hl=en&rclk=1,-1.2706007,100.4635572,biasa,298.0,beach,pine,beach cleanliness,prayer room,sunset,,,,,,
Pantai Indah Cemara Laut,Sumatera Barat,4.5,https://www.google.com/maps/place/Pantai+Indah+Cemara+Laut/data=!4m7!3m6!1s0x2fd4c1ce6de15bdf:0x68068b3b1f4c92d7!8m2!3d-0.8353115!4d100.3115497!16s%2Fg%2F11hzpnfm72!19sChIJ31vhbc7B1C8R15JMHzuLBmg?authuser=0&hl=en&rclk=1,-0.8353115,100.3115497,biasa,97.0,beach,clean beach,small waves,pine trees,free entry,,,,,,
Pantai Ulakan,Sumatera Barat,4.5,https://www.google.com/maps/place/Pantai+Ulakan/data=!4m7!3m6!1s0x2fd4e68f5e5c6d29:0x2b0a4ceea9fa4df3!8m2!3d-0.6982931!4d100.1817757!16s%2Fg%2F11c460dcq3!19sChIJKW1cXo_m1C8R8036qe5MCis?authuser=0&hl=en&rclk=1,-0.6982931,100.1817757,biasa,124.0,beach,cleanliness of the beach,religion,atmosphere,wave,,,,,,
Pantai Kelaputan Kampung Baru,Kalimantan Utara,4.5,https://www.google.com/maps/place/Pantai+Kelaputan+Kampung+Baru/data=!4m7!3m6!1s0x3212f54a9f934907:0x5afdb27670d03242!8m2!3d2.4786284!4d117.9328797!16s%2Fg%2F11sy5g3pg0!19sChIJB0mTn0r1EjIRQjLQcHay_Vo?authuser=0&hl=en&rclk=1,2.4786284,117.9328797,biasa,40.0,healing,beach,fishing,Bang Rey  reviews ·  photos,sofyan Tanwiri  reviews ·  photos,,,,,,
Pantai Senipah,Kalimantan Timur,4.5,https://www.google.com/maps/place/Pantai+Senipah/data=!4m7!3m6!1s0x2df4031e3f9df223:0x6713824592df17d8!8m2!3d-0.9483037!4d117.1737824!16s%2Fg%2F11sqt306bt!19sChIJI_KdPx4D9C0R2BffkkWCE2c?authuser=0&hl=en&rclk=1,-0.9483037,117.1737824,biasa,180.0,gazebo,beach cleanliness,prayer room,no food vendors,not too crowded,,,,,,
Pantai Seraya Balikpapan,Kalimantan Timur,4.5,https://www.google.com/maps/place/Pantai+Seraya+Balikpapan/data=!4m7!3m6!1s0x2df145baf2759bb1:0xa837195ef0d37480!8m2!3d-1.2627384!4d116.9134311!16s%2Fg%2F11j0w83093!19sChIJsZt18rpF8S0RgHTT8F4ZN6g?authuser=0&hl=en&rclk=1,-1.2627384,116.9134311,biasa,796.0,beach cleanliness,airplane view,close to the airport,fishing boats,prayer room,,,,,,
Swadaya Beach,Kalimantan Timur,4.5,https://www.google.com/maps/place/Swadaya+Beach/data=!4m7!3m6!1s0x2df151ca8cf52791:0x2f77fe046ee53867!8m2!3d-1.1821916!4d117.012121!16s%2Fg%2F11m_p3qntr!19sChIJkSf1jMpR8S0RZzjlbgT-dy8?authuser=0&hl=en&rclk=1,-1.1821916,117.012121,biasa,44.0,villa,beach cleanliness,quiet atmosphere,weekend,beauty,,,,,,
Wisata Pantai Lapasi,Maluku Utara,4.5,https://www.google.com/maps/place/Wisata+Pantai+Lapasi/data=!4m7!3m6!1s0x329b4ff4a7002ee1:0xcbc7a4b3b0f7a1b0!8m2!3d1.1426036!4d127.4318864!16s%2Fg%2F11f5_jbx9f!19sChIJ4S4Ap_RPmzIRsKH3sLOkx8s?authuser=0&hl=en&rclk=1,1.1426036,127.4318864,biasa,122.0,beach 12,sunset 4,young coconut 2,peaceful place 3,friendly community 2,,,,,,
Jawai Laut Nautical Beach,Kalimantan Barat,4.5,https://www.google.com/maps/place/Jawai+Laut+Nautical+Beach/data=!4m7!3m6!1s0x31e491f2a40ccff5:0x1f4934585ad41181!8m2!3d1.2939901!4d109.0089028!16s%2Fg%2F11jn45244y!19sChIJ9c8MpPKR5DERgRHUWlg0SR8?authuser=0&hl=en&rclk=1,1.2939901,109.0089028,biasa,669.0,shade trees,beach cleanliness,environment,prayer room,shady trees,,,,,,
Pantai Tikus,Bangka Belitung,4.5,https://www.google.com/maps/place/Pantai+Tikus/data=!4m7!3m6!1s0x2e228d68bba10fcf:0x472261b174e46cae!8m2!3d-1.9018475!4d106.1859211!16s%2Fg%2F11cjg9c350!19sChIJzw-hu2iNIi4RrmzkdLFhIkc?authuser=0&hl=en&rclk=1,-1.9018475,106.1859211,biasa,3306.0,banana boat,area,white sand,flying fox,pine,,,,,,
Pantai Kaisarea,Papua Barat Daya,4.5,https://www.google.com/maps/place/Pantai+Kaisarea/data=!4m7!3m6!1s0x2d5eab3b0ef3e81b:0x81de37aec401be74!8m2!3d-0.8290469!4d131.2278666!16s%2Fg%2F11y1ld686w!19sChIJG-jzDjurXi0RdL4BxK433oE?authuser=0&hl=en&rclk=1,-0.8290469,131.2278666,biasa,89.0,beach 19,photo spots 6,beach cleanliness 4,tourist beach 3,sunset 3,,,,,,
Tanjung Beach,Sulawesi Tenggara,4.5,https://www.google.com/maps/place/Tanjung+Beach/data=!4m7!3m6!1s0x2da49e9767efff6d:0x13dd34e664109a1e!8m2!3d-5.48719!4d122.071716!16s%2Fg%2F11c52k6qh5!19sChIJbf_vZ5eepC0RHpoQZOY03RM?authuser=0&hl=en&rclk=1,-5.48719,122.071716,biasa,51.0,tour 3,nice place 2,Afdhal Markon 1 review · 4 photos,리마김Rima 2 reviews · 2 photos,Rahayu Nurul Alfa 2 reviews · 32 photos,,,,,,
Little Lake Habema,Papua Pegunungan,4.5,https://www.google.com/maps/place/Little+Lake+Habema/data=!4m7!3m6!1s0x683dd92fcb4c92e1:0xecaa917ad0c274d1!8m2!3d-4.1388286!4d138.7100761!16s%2Fg%2F11j8_wrctd!19sChIJ4ZJMyy_ZPWgR0XTC0HqRquw?authuser=0&hl=en&rclk=1,-4.1388286,138.7100761,biasa,16.0,Wamu Wamu 2 photos,Edi Soeroso 1 review · 1 photo,Iko wenda 2 photos,Ipanus Yelipele 1 photo,,,,,,,
Pantai Yadibur,Papua,4.5,https://www.google.com/maps/place/Pantai+Yadibur/data=!4m7!3m6!1s0x68039309f81ac549:0x9aea9e19437914d!8m2!3d-1.145139!4d136.018687!16s%2Fg%2F11h79sgtfv!19sChIJScUa-AmTA2gRTZE3lOGprgk?authuser=0&hl=en&rclk=1,-1.145139,136.018687,biasa,25.0,clear sea water 2,photo spot 2,strategic location 2,recreation spot 2,sunset 2,,,,,,
Bebas Beach Parapat,Sumatera Utara,4.5,https://www.google.com/maps/place/Bebas+Beach+Parapat/data=!4m7!3m6!1s0x3031ec1ce767b511:0x7a933989fde98bcc!8m2!3d2.6683978!4d98.9370427!16s%2Fg%2F11bv38pln4!19sChIJEbVn5xzsMTARzIvp_Yk5k3o?authuser=0&hl=en&rclk=1,2.6683978,98.9370427,biasa,8542.0,lake,ship,lake toba,batak,photo spot,,,,,,
Semolon Waterfall,Kalimantan Utara,4.5,https://www.google.com/maps/place/Semolon+Waterfall/data=!4m7!3m6!1s0x321728528e75e7dd:0xe682e32f75850e34!8m2!3d3.3211436!4d116.2777073!16s%2Fg%2F11by_dqqx_!19sChIJ3ed1jlIoFzIRNA6FdS_jguY?authuser=0&hl=en&rclk=1,3.3211436,116.2777073,biasa,71.0,hot springs,beautiful forest,natural tourist spot,natural atmosphere,for camping,,,,,,
Pantai Doro,Maluku Utara,4.5,https://www.google.com/maps/place/Pantai+Doro/data=!4m7!3m6!1s0x329ba936c33a3ead:0x71a579730de1cb9f!8m2!3d1.3298936!4d127.9966369!16s%2Fg%2F11rz4skd1n!19sChIJrT46wzapmzIRn8vhDXN5pXE?authuser=0&hl=en&rclk=1,1.3298936,127.9966369,biasa,15.0,beach 4,YANTOX FICKI 2 reviews · 6 photos,M Arif 1 review · 10 photos,Ai Kulbanz 1 review · 7 photos,Tity Kekete 1 review · 2 photos,,,,,,
Pantai Madina,Maluku Utara,4.5,https://www.google.com/maps/place/Pantai+Madina/data=!4m7!3m6!1s0x329a61effa8a456b:0x7a30b12e75f06df4!8m2!3d1.6985319!4d128.0222956!16s%2Fg%2F11swqrgmrk!19sChIJa0WK-u9hmjIR9G3wdS6xMHo?authuser=0&hl=en&rclk=1,1.6985319,128.0222956,biasa,6.0,TV66 CHANNEL 4 reviews · 24 photos,,,,,,,,,,
pantai doe masure,Maluku Utara,4.5,https://www.google.com/maps/place/pantai+doe+masure/data=!4m7!3m6!1s0x329cbfe688b9733f:0x5902aaaca73dfe93!8m2!3d0.7450286!4d127.56521!16s%2Fg%2F11js9tb660!19sChIJP3O5iOa_nDIRk_49p6yqAlk?authuser=0&hl=en&rclk=1,0.7450286,127.56521,biasa,61.0,cleanliness of the beach 4,sunset 2,young coconut 2,relaxing place 4,easy access 2,,,,,,
Pantai Ranowangko II Pantai Pantera,Sulawesi Utara,4.5,https://www.google.com/maps/place/Pantai+Ranowangko+II+Pantai+Pantera/data=!4m7!3m6!1s0x3287232db21f7f5b:0x3afcf8cbe94d0eb9!8m2!3d1.2073845!4d125.042343!16s%2Fg%2F11gcj_bnjq!19sChIJW38fsi0jhzIRuQ5N6cv4_Do?authuser=0&hl=en&rclk=1,1.2073845,125.042343,biasa,138.0,pool,turtle,photo spot,scenery,entrance fee,,,,,,
Wisata Pantai Desa Pasir Putih,Sulawesi Utara,4.5,https://www.google.com/maps/place/Wisata+Pantai+Desa+Pasir+Putih/data=!4m7!3m6!1s0x327e62613905bfdb:0xfcec71f88f16a0ad!8m2!3d0.8444187!4d123.8148226!16s%2Fg%2F11gfltkmf6!19sChIJ278FOWFifjIRraAWj_hx7Pw?authuser=0&hl=en&rclk=1,0.8444187,123.8148226,biasa,59.0,coast,shady,entrance fee,wide,person,,,,,,
Pantai Woka,Sulawesi Utara,4.5,https://www.google.com/maps/place/Pantai+Woka/data=!4m7!3m6!1s0x32809eaa0e8a737b:0x5c7ca0c37c14b272!8m2!3d0.6839655!4d124.5934136!16s%2Fg%2F11c2psjvgz!19sChIJe3OKDqqegDIRcrIUfMOgfFw?authuser=0&hl=en&rclk=1,0.6839655,124.5934136,biasa,41.0,Veronica Macbel  reviews ·  photos,Seren Bintang  reviews ·  photos,Yadi Mamonto  reviews ·  photos,,,,,,,,
Pantai Pasir Putih Batu Riri,Sulawesi Utara,4.5,https://www.google.com/maps/place/Pantai+Pasir+Putih+Batu+Riri/data=!4m7!3m6!1s0x3286ffda6ee278d9:0x7081116f9bb1ef1e!8m2!3d1.4627453!4d125.2385327!16s%2Fg%2F11lgq1jv1p!19sChIJ2Xjibtr_hjIRHu-xm28RgXA?authuser=0&hl=en&rclk=1,1.4627453,125.2385327,biasa,4.0,scenery,Aprilia Tulung  reviews ·  photo,Syahrial Zainal  reviews ·  photos,Nuwan Weligepola  review ·  photos,,,,,,,
Timang Beach,DI Yogyakarta,4.5,https://www.google.com/maps/place/Timang+Beach/data=!4m7!3m6!1s0x2e7bb36265782cf3:0x25efcb5e3a28afa8!8m2!3d-8.1760933!4d110.6624768!16s%2Fm%2F010hqb15!19sChIJ8yx4ZWKzey4RqK8oOl7L7yU?authuser=0&hl=en&rclk=1,-8.1760933,110.6624768,biasa,3553.0,,,,,,,,,,,
Indrayanti Beach,DI Yogyakarta,4.5,https://www.google.com/maps/place/Indrayanti+Beach/data=!4m7!3m6!1s0x2e7bba2bc08969f7:0x6df3fa2309bb186a!8m2!3d-8.1502919!4d110.6121188!16s%2Fg%2F12hkdw4v5!19sChIJ92mJwCu6ey4Rahi7CSP6820?authuser=0&hl=en&rclk=1,-8.1502919,110.6121188,biasa,10561.0,wave,white sand,gazebos,beach cleanliness,prayer room,,,,,,
Pantai Clungup,Jawa Timur,4.5,https://www.google.com/maps/place/Pantai+Clungup/data=!4m7!3m6!1s0x2dd629d2c631ade9:0xe22f557488b232c9!8m2!3d-8.4375315!4d112.6686107!16s%2Fg%2F1q613vm8q!19sChIJ6a0xxtIp1i0RyTKyiHRVL-I?authuser=0&hl=en&rclk=1,-8.4375315,112.6686107,biasa,548.0,mangrove,tide,calm waves,morning,three-colored beach,,,,,,
Pantai Klara 2,Lampung,4.5,https://www.google.com/maps/place/Pantai+Klara+2/data=!4m7!3m6!1s0x2e41291061f631f1:0x934e0b16141ea4f6!8m2!3d-5.5830403!4d105.218281!16s%2Fg%2F11ptlql9kg!19sChIJ8TH2YRApQS4R9qQeFBYLTpM?authuser=0&hl=en&rclk=1,-5.5830403,105.218281,biasa,990.0,Pantai Klara,waves,banana boat,gazebo,beach cleanliness,,,,,,
Labuhan Jukung Beach,Lampung,4.5,https://www.google.com/maps/place/Labuhan+Jukung+Beach/data=!4m7!3m6!1s0x2e4794d953e10d21:0xff5eeb33da649e64!8m2!3d-5.1901781!4d103.9316371!16s%2Fg%2F11cjk3bd0m!19sChIJIQ3hU9mURy4RZJ5k2jPrXv8?authuser=0&hl=en&rclk=1,-5.1901781,103.9316371,biasa,2713.0,surfing,young coconut,sound of waves,turists,prayer room,,,,,,
Pantai Semukuk,Lampung,4.5,https://www.google.com/maps/place/Pantai+Semukuk/data=!4m7!3m6!1s0x2e4111f95cfe4b53:0xa80e894cf82a3e7f!8m2!3d-5.7619913!4d105.5876704!16s%2Fg%2F11g9sv9nzv!19sChIJU0v-XPkRQS4Rfz4q-EyJDqg?authuser=0&hl=en&rclk=1,-5.7619913,105.5876704,biasa,681.0,,,,,,,,,,,
Pantai Tanjung Setia Krui Lampung,Lampung,4.5,https://www.google.com/maps/place/Pantai+Tanjung+Setia+Krui+Lampung/data=!4m7!3m6!1s0x2e47bc274e589569:0x9cf05766a6afbe85!8m2!3d-5.3038746!4d104.0001075!16s%2Fg%2F11g68ztl_m!19sChIJaZVYTie8Ry4Rhb6vpmZX8Jw?authuser=0&hl=en&rclk=1,-5.3038746,104.0001075,biasa,319.0,surf,big waves,coconut,surfing spot,challenging waves,,,,,,
Pantai Tanjung Binga,Bangka Belitung,4.5,https://www.google.com/maps/place/Pantai+Tanjung+Binga/data=!4m7!3m6!1s0x2e176a1e0c8bba93:0xb102d8fb4bee2cc6!8m2!3d-2.5887898!4d107.6427736!16s%2Fg%2F11b8b2p6b8!19sChIJk7qLDB5qFy4RxizuS_vYArE?authuser=0&hl=en&rclk=1,-2.5887898,107.6427736,biasa,281.0,pier,sunset,fisherman,white sand,fishing village,,,,,,
Pantai Pasir Putih,Sulawesi Utara,4.5,https://www.google.com/maps/place/Pantai+Pasir+Putih/data=!4m7!3m6!1s0x327e625c33b6e5cf:0x4382246ade4733d8!8m2!3d0.843066!4d123.8218363!16s%2Fg%2F11d_tf_gx6!19sChIJz-W2M1xifjIR2DNH3mokgkM?authuser=0&hl=en&rclk=1,0.843066,123.8218363,biasa,72.0,island,scenery,cool place,attractions,cleanliness,,,,,,
Pantai Pulisan/ Pulisan Beach,Sulawesi Utara,4.5,https://www.google.com/maps/place/Pantai+Pulisan%2F+Pulisan+Beach/data=!4m7!3m6!1s0x3287b3904c1d74fd:0xc9cdc448950d7f7f!8m2!3d1.6823783!4d125.1469885!16s%2Fg%2F11c3n1q332!19sChIJ_XQdTJCzhzIRf38NlUjEzck?authuser=0&hl=en&rclk=1,1.6823783,125.1469885,biasa,636.0,banana boat,hills,cave,white sand,clear seawater,,,,,,
Pantai Puruih Padang,Sumatera Barat,4.5,https://www.google.com/maps/place/Pantai+Puruih+Padang/data=!4m7!3m6!1s0x2fd4b916117c42f9:0x79b1b61b853d93b8!8m2!3d-0.9330346!4d100.3503536!16s%2Fg%2F11fnsdm1kr!19sChIJ-UJ8ERa51C8RuJM9hRu2sXk?authuser=0&hl=en&rclk=1,-0.9330346,100.3503536,biasa,1419.0,beach,beach cleanliness,waves,puruih beach,dusk,,,,,,
Pantai Padang,Sumatera Barat,4.5,https://www.google.com/maps/place/Pantai+Padang/data=!4m7!3m6!1s0x2fd4b953816f4fcd:0x62047dd24b799b54!8m2!3d-0.9611252!4d100.3528356!16s%2Fg%2F11gfj_xbhg!19sChIJzU9vgVO51C8RVJt5S9J9BGI?authuser=0&hl=en&rclk=1,-0.9611252,100.3528356,biasa,6466.0,dusk,mosque,sitting,young coconut,scenery,,,,,,
Padang Beach,Sumatera Barat,4.5,https://www.google.com/maps/place/Padang+Beach/data=!4m7!3m6!1s0x2fd4b93318fd31bf:0x15db501c7239061f!8m2!3d-0.9295716!4d100.3499566!16s%2Fg%2F11bzrg_ckn!19sChIJvzH9GDO51C8RHwY5chxQ2xU?authuser=0&hl=en&rclk=1,-0.9295716,100.3499566,biasa,9046.0,monkeys,surfing,entrance fee,crowded beach,beach access fee,,,,,,
Tureloto Beach Lahewa,Sumatera Utara,4.5,https://www.google.com/maps/place/Tureloto+Beach+Lahewa/data=!4m7!3m6!1s0x3025cdd5b366659b:0x5633ab195309e997!8m2!3d1.4296774!4d97.1427202!16s%2Fg%2F11b6tj50jc!19sChIJm2Vms9XNJTARl-kJUxmrM1Y?authuser=0&hl=en&rclk=1,1.4296774,97.1427202,biasa,233.0,corals,snorkeling,calm sea water,high salt content,soft sand,,,,,,
Pantai Sialang Buah,Sumatera Utara,4.5,https://www.google.com/maps/place/Pantai+Sialang+Buah/data=!4m7!3m6!1s0x303157387a750c35:0xf1a195961e2d5bbb!8m2!3d3.5707488!4d99.1210945!16s%2Fg%2F11gjs7qyxt!19sChIJNQx1ejhXMTARu1stHpaVofE?authuser=0&hl=en&rclk=1,3.5707488,99.1210945,biasa,394.0,seafood,area,fresh fish,sea atmosphere,huts,,,,,,
Pantai Bukit Aru Indah,Kalimantan Utara,4.5,https://www.google.com/maps/place/Pantai+Bukit+Aru+Indah/data=!4m7!3m6!1s0x32150b2d7674b267:0x7a83687305e8589f!8m2!3d4.1270081!4d117.9299189!16s%2Fg%2F11f6xyg_99!19sChIJZ7J0di0LFTIRn1joBXNog3o?authuser=0&hl=en&rclk=1,4.1270081,117.9299189,biasa,11.0,syahid naoval  review,Carolina RieLin  reviews ·  photos,Syafika comel  review,Asri Jaya  reviews,Samsidah Muh jafar  photos,,,,,,
Pantai pasir putih said dolok,Sumatera Utara,4.5,https://www.google.com/maps/place/Pantai+pasir+putih+said+dolok/data=!4m7!3m6!1s0x3031eda50f73766f:0x3bdeda721ffe8650!8m2!3d2.6809914!4d98.9242616!16s%2Fg%2F11p02mnxvt!19sChIJb3ZzD6XtMTARUIb-H3La3js?authuser=0&hl=en&rclk=1,2.6809914,98.9242616,biasa,23.0,quiet beach,summer vibes,camping,sunset,,,,,,,
Jayawijaya Mountains,Papua Pegunungan,4.5,https://www.google.com/maps/place/Jayawijaya+Mountains/data=!4m7!3m6!1s0x683faa7003406a75:0x350c517cab46fb07!8m2!3d-4.35!4d139.416667!16zL20vMDducjV5!19sChIJdWpAA3CqP2gRB_tGq3xRDDU?authuser=0&hl=en&rclk=1,-4.35,139.416667,biasa,502.0,eternal snow 6,snow mountain 3,prominence 4,scenery 2,hike 6,,,,,,
Pasir Putih Wamena,Papua Pegunungan,4.5,https://www.google.com/maps/place/Pasir+Putih+Wamena/data=!4m7!3m6!1s0x683e1384f35935b9:0xb7451fcd39daf555!8m2!3d-4.0413934!4d138.9530504!16s%2Fg%2F11qst9qyvs!19sChIJuTVZ84QTPmgRVfXaOc0fRbc?authuser=0&hl=en&rclk=1,-4.0413934,138.9530504,biasa,159.0,view of hills 6,white sand 9,white sand mountain 2,gazebo 2,sea sand 2,,,,,,
Pantai Sarawandori,Papua,4.5,https://www.google.com/maps/place/Pantai+Sarawandori/data=!4m7!3m6!1s0x681ca838cd2c4389:0x19b525c726fb1bc3!8m2!3d-1.8726789!4d136.1916924!16s%2Fg%2F11c51vxx72!19sChIJiUMszTioHGgRwxv7JscltRk?authuser=0&hl=en&rclk=1,-1.8726789,136.1916924,biasa,116.0,beach 14,coral reef 2,quiet atmosphere 3,snorkeling 2,friendly people 3,,,,,,
𝐋𝐚𝐛𝐮𝐡𝐚𝐧 𝐣𝐮𝐤𝐮𝐧𝐠 𝐁𝐞𝐚𝐜𝐡,Lampung,4.5,https://www.google.com/maps/place/%F0%9D%90%8B%F0%9D%90%9A%F0%9D%90%9B%F0%9D%90%AE%F0%9D%90%A1%F0%9D%90%9A%F0%9D%90%A7+%F0%9D%90%A3%F0%9D%90%AE%F0%9D%90%A4%F0%9D%90%AE%F0%9D%90%A7%F0%9D%90%A0+%F0%9D%90%81%F0%9D%90%9E%F0%9D%90%9A%F0%9D%90%9C%F0%9D%90%A1/data=!4m7!3m6!1s0x2e4794d855860b85:0xb5dce6222d97ea34!8m2!3d-5.1909103!4d103.9310314!16s%2Fg%2F11dxl7tyyh!19sChIJhQuGVdiURy4RNOqXLSLm3LU?authuser=0&hl=en&rclk=1,-5.1909103,103.9310314,biasa,2713.0,surfing,young coconut,sound of waves,turists,prayer room,,,,,,
Pantai Ketapang Bahari,Lampung,4.5,https://www.google.com/maps/place/Pantai+Ketapang+Bahari/data=!4m7!3m6!1s0x2e412622d828d503:0x13cf9e4f162a074b!8m2!3d-5.5907073!4d105.2338418!16s%2Fg%2F11f4kvztg7!19sChIJA9Uo2CImQS4RSwcqFk-ezxM?authuser=0&hl=en&rclk=1,-5.5907073,105.2338418,biasa,1559.0,coconut,clean beach,prayer room,white sand,gazebo,,,,,,
Pantai Melasti,Lampung,4.5,https://www.google.com/maps/place/Pantai+Melasti/data=!4m7!3m6!1s0x2e47ba849f6893f5:0x82124013a9c16ae3!8m2!3d-5.3906977!4d104.0637871!16s%2Fg%2F11dx8j17yx!19sChIJ9ZNon4S6Ry4R42rBqRNAEoI?authuser=0&hl=en&rclk=1,-5.3906977,104.0637871,biasa,25295.0,cliff,clean beach,white sand,photo spots,kecak dance,,,,,,
Pantai Kedung Tumpang,Jawa Timur,4.5,https://www.google.com/maps/place/Pantai+Kedung+Tumpang/data=!4m7!3m6!1s0x2e78db9da993b0df:0x23feb8338d981201!8m2!3d-8.3033462!4d112.0102501!16s%2Fg%2F11cjzffs83!19sChIJ37CTqZ3beC4RARKYjTO4_iM?authuser=0&hl=en&rclk=1,-8.3033462,112.0102501,biasa,2229.0,stairs,reef,wave,road to the beach,scenery,,,,,,
PANTAI KUALA PAREK,Aceh,4.5,https://www.google.com/maps/place/PANTAI+KUALA+PAREK/data=!4m7!3m6!1s0x3037ed4d82bd2dbd:0x13c87521035b3545!8m2!3d4.671696!4d97.975915!16s%2Fg%2F11cnxst0zd!19sChIJvS29gk3tNzARRTVbAyF1yBM?authuser=0&hl=en&rclk=1,4.671696,97.975915,biasa,30.0,sand,,,,,,,,,,
Pantai Ulee Lheue,Aceh,4.5,https://www.google.com/maps/place/Pantai+Ulee+Lheue/data=!4m7!3m6!1s0x304030c17e7189c1:0xf85086894a0f5897!8m2!3d5.5643903!4d95.2923091!16s%2Fg%2F11b_2sg65l!19sChIJwYlxfsEwQDARl1gPSomGUPg?authuser=0&hl=en&rclk=1,5.5643903,95.2923091,biasa,3850.0,leisure,scenery,sea view,sunset,beach cleanliness,,,,,,
Muddani pantai,Kalimantan Utara,4.5,https://www.google.com/maps/place/Muddani+pantai/data=!4m7!3m6!1s0x321251e83ec38c0b:0x7c96868625c1888a!8m2!3d2.6210203!4d117.8035047!16s%2Fg%2F11pzjp5glg!19sChIJC4zDPuhREjIRiojBJYaGlnw?authuser=0&hl=en&rclk=1,2.6210203,117.8035047,biasa,121.0,beachfront location,sea view,seashore,cafe,relaxing atmosphere,,,,,,
Pantai Lhoknga,Aceh,4.5,https://www.google.com/maps/place/Pantai+Lhoknga/data=!4m7!3m6!1s0x30403b5c6444b86d:0x1935d07abbbaad05!8m2!3d5.4460541!4d95.2421696!16s%2Fg%2F11b6_cgvyh!19sChIJbbhEZFw7QDARBa26u3rQNRk?authuser=0&hl=en&rclk=1,5.4460541,95.2421696,biasa,404.0,Beautiful beach and sunset. A bit dangerous wave. Good for experienced surfer. Not suitable for swimming.,"This beach is indeed one of the best places especially for surfing, the big and fierce waves of Lhoknga Beach have been famous among the international surfing community.  Generally, surfers know that there are two different types of waves at certain months on this beach. June to November when the West wind season is famous for its beach waves (beach break), while December to May when the East wind blows is famous for its reef waves (reef break). Glad to be able to visit this beautiful beach, I captured some unforgettable special moments.","Great beach, the sand clean, great place to hangout with your family 💜 …",One the best beach you can find in Aceh.,"Nice beach, near the main road of loknga. But a bit dirty of trashes",Lhoknga Beach,Lhoknga Beach,fierce waves,attractions,sunset,white sand
Lhoknga Beach,Aceh,4.5,https://www.google.com/maps/place/Lhoknga+Beach/data=!4m7!3m6!1s0x30403b5ea7556f7f:0xfe218df799c4f6b6!8m2!3d5.4643339!4d95.2418239!16s%2Fg%2F11b7q1591k!19sChIJf29Vp147QDARtvbEmfeNIf4?authuser=0&hl=en&rclk=1,5.4643339,95.2418239,biasa,0.0,,,,,,Gagal diekstrak (tidak masuk halaman detail),,,,,
Beach umbrella stone Yamluli village,Pulau Wetar,4.5,https://www.google.com/maps/place/Beach+umbrella+stone+Yamluli+village/data=!4m7!3m6!1s0x2d03beaaaaaaaaab:0xe7824dfcec43f4e!8m2!3d-7.7851588!4d126.3498097!16s%2Fg%2F11d_1n13d5!19sChIJq6qqqqq-Ay0RTj_Ezt8keA4?authuser=0&hl=en&rclk=1,-7.7851588,126.3498097,biasa,8.0,francisco balayong 1 review · 6 photos,Karan Batth 2 reviews · 1 photo,Dede Alisahid 5 reviews · 1 photo,Teos Robert 1 photo,Ferry Ginting 52 reviews · 545 photos,,,,,,
PANTAI LUARI BESAR,Maluku Utara,4.5,https://www.google.com/maps/place/PANTAI+LUARI+BESAR/data=!4m7!3m6!1s0x329a890020d20bdf:0x7df1c6e87e9ba270!8m2!3d1.8080261!4d127.925547!16s%2Fg%2F11vrl1d6lq!19sChIJ3wvSIACJmjIRcKKbfujG8X0?authuser=0&hl=en&rclk=1,1.8080261,127.925547,biasa,2.0,,,,,,,,,,,
Pancora Beach,Maluku Utara,4.5,https://www.google.com/maps/place/Pancora+Beach/data=!4m7!3m6!1s0x329b27006b0fe1ab:0xdedb1c6926df0de3!8m2!3d1.4289412!4d127.5191722!16s%2Fg%2F11y2wwstr6!19sChIJq-EPawAnmzIR4w3fJmkc294?authuser=0&hl=en&rclk=1,1.4289412,127.5191722,biasa,26.0,mangrove 2,scenery 3,sunset 3,Mr Dapit 1 review · 5 photos,Muya Bustomi 1 review · 1 photo,,,,,,
Goa China Beach,Jawa Timur,4.5,https://www.google.com/maps/place/Goa+China+Beach/data=!4m7!3m6!1s0x2dd601b24c3ffecf:0x8a9dd5320a0a08d8!8m2!3d-8.4471919!4d112.6537097!16s%2Fg%2F11bbqqfhpp!19sChIJz_4_TLIB1i0R2AgKCjLVnYo?authuser=0&hl=en&rclk=1,-8.4471919,112.6537097,biasa,1284.0,Goa China Beach,white sand,wave,cave,chinese cave,,,,,,
Pantai Pasir Dua Jayapura,Papua,4.5,https://www.google.com/maps/place/Pantai+Pasir+Dua+Jayapura/data=!4m7!3m6!1s0x686c57132524d12d:0x762527cffa35a806!8m2!3d-2.5033309!4d140.7304769!16s%2Fg%2F11c1n1rhrh!19sChIJLdEkJRNXbGgRBqg1-s8nJXY?authuser=0&hl=en&rclk=1,-2.5033309,140.7304769,biasa,70.0,scenery 3,beach 5,Lanang Satrio 10 reviews · 14 photos,RBZ 013 Local Guide · 24 reviews · 3 photos,Adi Miguel 6 reviews · 3 photos,,,,,,
Pantai Kimi,Papua Tengah,4.5,https://www.google.com/maps/place/Pantai+Kimi/data=!4m7!3m6!1s0x681fa7cb7a046029:0x34e00294979fc84c!8m2!3d-3.2726917!4d135.5649817!16s%2Fg%2F11f03l6cyj!19sChIJKWAEesunH2gRTMifl5QC4DQ?authuser=0&hl=en&rclk=1,-3.2726917,135.5649817,biasa,6.0,Chan Rhizzal 7 reviews,Day Raunsai 11 reviews · 6 photos,Dkp Nabire 4 reviews · 8 photos,Fajar Sabar 1 review,,,,,,,
Pantai Kiel,Papua Tengah,4.5,https://www.google.com/maps/place/Pantai+Kiel/data=!4m7!3m6!1s0x681f9809a1ac6df9:0xf2a819909d6151df!8m2!3d-3.375399!4d135.4626294!16s%2Fg%2F11c2l06hmq!19sChIJ-W2soQmYH2gR31FhnZAZqPI?authuser=0&hl=en&rclk=1,-3.375399,135.4626294,biasa,34.0,view 2,rina wati 6 reviews · 1 photo,Agus tbn 2 reviews,Axel manibuy 5 reviews · 1 photo,Martha Mawar Cendana Samberi 6 reviews · 15 photos,,,,,,
Pantai Amban,Papua Barat,4.5,https://www.google.com/maps/place/Pantai+Amban/data=!4m7!3m6!1s0x2d540c843693e3dd:0xc0bdc353211c9cc5!8m2!3d-0.8109268!4d134.0637334!16s%2Fg%2F11hbh7_3xs!19sChIJ3eOTNoQMVC0RxZwcIVPDvcA?authuser=0&hl=en&rclk=1,-0.8109268,134.0637334,biasa,110.0,waves 7,sand 10,black sand beach 2,sunset 7,sea view 2,,,,,,
Pantai Pasir Putih Cihara,Banten,4.5,https://www.google.com/maps/place/Pantai+Pasir+Putih+Cihara/data=!4m7!3m6!1s0x2e42f5da3191edd7:0x8031acf2196df428!8m2!3d-6.8471992!4d106.0707493!16s%2Fg%2F11cms98s09!19sChIJ1-2RMdr1Qi4RKPRtGfKsMYA?authuser=0&hl=en&rclk=1,-6.8471992,106.0707493,biasa,964.0,white sand,beach cleanliness,waves,gazebo,rocky beach,,,,,,
Pantai Batu Hideung Pandeglang Banten,Banten,4.5,https://www.google.com/maps/place/Pantai+Batu+Hideung+Pandeglang+Banten/data=!4m7!3m6!1s0x2e43b51223baec27:0xd44e7d5a0ed5de42!8m2!3d-6.5342434!4d105.6249079!16s%2Fg%2F11c468vzlq!19sChIJJ-y6IxK1Qy4RQt7VDlp9TtQ?authuser=0&hl=en&rclk=1,-6.5342434,105.6249079,biasa,393.0,reef,batu hideung beach,black stones,natural beach,photo spots,,,,,,
Pantai Prawean,Jawa Tengah,4.5,https://www.google.com/maps/place/Pantai+Prawean/data=!4m7!3m6!1s0x2e711ed243db61c7:0x742f513c4fc97457!8m2!3d-6.5631615!4d110.6533645!16s%2Fg%2F11c20b6b_p!19sChIJx2HbQ9IecS4RV3TJTzxRL3Q?authuser=0&hl=en&rclk=1,-6.5631615,110.6533645,biasa,647.0,waves,clean beach,Bandengan Beach,white sand,sunset,,,,,,
Pantai Sawangan,Jawa Tengah,4.5,https://www.google.com/maps/place/Pantai+Sawangan/data=!4m7!3m6!1s0x2e65374b9b8a2c01:0xab1aff19df0ea33a!8m2!3d-7.7583733!4d109.3984663!16s%2Fg%2F11ckvnqv96!19sChIJASyKm0s3ZS4ROqMO3xn_Gqs?authuser=0&hl=en&rclk=1,-7.7583733,109.3984663,biasa,360.0,cliffs,cave,nature,path to the beach,access to the beach,,,,,,
Pantai Citepus,Jawa Barat,4.5,https://www.google.com/maps/place/Pantai+Citepus/data=!4m7!3m6!1s0x2e429d4cb809fb15:0xf166ef1493587dbc!8m2!3d-6.9691445!4d106.5186337!16s%2Fg%2F11b_2t1k9l!19sChIJFfsJuEydQi4RvH1YkxTvZvE?authuser=0&hl=en&rclk=1,-6.9691445,106.5186337,biasa,5629.0,citepus beach,young coconut,atv,waves not too big,sound of waves,,,,,,
Banyu Tibo Beach,Jawa Tengah,4.5,https://www.google.com/maps/place/Banyu+Tibo+Beach/data=!4m7!3m6!1s0x2e7bdcd043d5f735:0x26ba0106db152686!8m2!3d-8.2125725!4d110.9131448!16s%2Fg%2F11b7l4cs3s!19sChIJNffVQ9Dcey4RhiYV2wYBuiY?authuser=0&hl=en&rclk=1,-8.2125725,110.9131448,biasa,2964.0,unique beach,cliff,road access,photo spots,scenery,,,,,,
Pantai Ombak Mati,Jawa Tengah,4.5,https://www.google.com/maps/place/Pantai+Ombak+Mati/data=!4m7!3m6!1s0x2e7117fe4ca67a8f:0x4ed8f043b0765266!8m2!3d-6.46867!4d110.7135291!16s%2Fg%2F119x6_l6g!19sChIJj3qmTP4XcS4RZlJ2sEPw2E4?authuser=0&hl=en&rclk=1,-6.46867,110.7135291,biasa,409.0,waves,white sand,clean beach,sunset,photo spots,,,,,,
Turkish Kebon Kalapa,Jawa Barat,4.5,https://www.google.com/maps/place/Turkish+Kebon+Kalapa/data=!4m7!3m6!1s0x2e42834486efa9a1:0xfad50e028ef89b6f!8m2!3d-6.9551498!4d106.455124!16s%2Fg%2F11df0n16s_!19sChIJoanvhkSDQi4Rb5v4jgIO1fo?authuser=0&hl=en&rclk=1,-6.9551498,106.455124,biasa,567.0,gyros,baklava,adana kebap,lamb shish kebap,rice pudding,,,,,,
Pantai Nampu,Jawa Tengah,4.5,https://www.google.com/maps/place/Pantai+Nampu/data=!4m7!3m6!1s0x2e7bc35eaaaaaaab:0x10dbfa317c783634!8m2!3d-8.2101472!4d110.9027687!16s%2Fg%2F11c54p45jk!19sChIJq6qqql7Dey4RNDZ4fDH62xA?authuser=0&hl=en&rclk=1,-8.2101472,110.9027687,biasa,4352.0,white sand,beach cleanliness,waves,access to the beach,private beach,,,,,,
Pantai Pasir Putih Wates Rembang,Jawa Tengah,4.4,https://www.google.com/maps/place/Pantai+Pasir+Putih+Wates+Rembang/data=!4m7!3m6!1s0x2e77298ce4396145:0x79d73300c7c75817!8m2!3d-6.689504!4d111.2825842!16s%2Fg%2F11ghsgg27s!19sChIJRWE55Iwpdy4RF1jHxwAz13k?authuser=0&hl=en&rclk=1,-6.689504,111.2825842,biasa,2977.0,beach,white sand,beach cleanliness,photo spots,gazebo,,,,,,
Jodo Beach,Jawa Tengah,4.4,https://www.google.com/maps/place/Jodo+Beach/data=!4m7!3m6!1s0x2e7041f5e15f92d3:0x60be912ede79cc43!8m2!3d-6.9220855!4d109.9988126!16s%2Fg%2F11ghs9ps62!19sChIJ05Jf4fVBcC4RQ8x53i6RvmA?authuser=0&hl=en&rclk=1,-6.9220855,109.9988126,biasa,547.0,trees,seats,train,ATV,pine trees,,,,,,
Pantai Muara Kecil,Banten,4.4,https://www.google.com/maps/place/Pantai+Muara+Kecil/data=!4m7!3m6!1s0x2e6a04c2495fbc57:0x1501e9196af2a01e!8m2!3d-6.0308819!4d106.7024498!16s%2Fg%2F11cn9495b7!19sChIJV7xfScIEai4RHqDyahnpARU?authuser=0&hl=en&rclk=1,-6.0308819,106.7024498,biasa,526.0,mangroves,beach cleanliness,prayer room,fishing spot,crab view,,,,,,
Pantai Pamayangsari,Jawa Barat,4.4,https://www.google.com/maps/place/Pantai+Pamayangsari/data=!4m7!3m6!1s0x2e65dfaeef6a8443:0xac7e13f635d942f7!8m2!3d-7.7716245!4d108.0863278!16s%2Fg%2F11bt_kbgtb!19sChIJQ4Rq767fZS4R90LZNfYTfqw?authuser=0&hl=en&rclk=1,-7.7716245,108.0863278,biasa,2363.0,waves,coast,fish auction hall,fishing boats,pamayangsari beach,,,,,,
Pantai Binalatung,Kalimantan Utara,4.4,https://www.google.com/maps/place/Pantai+Binalatung/data=!4m7!3m6!1s0x32147747882be6df:0xd02e4f3daaea189e!8m2!3d3.3209356!4d117.6580412!16s%2Fg%2F11pqy2sm76!19sChIJ3-YriEd3FDIRnhjqqj1PLtA?authuser=0&hl=en&rclk=1,3.3209356,117.6580412,biasa,27.0,beach,PKBM Al Marhamah  reviews ·  photos,Ardhi Normawan  reviews ·  photos,Kenzie Aryasatya  reviews ·  photos,joyo simbolon  reviews ·  photos,,,,,,
Tanah Kuning 2 Beach,Kalimantan Utara,4.4,https://www.google.com/maps/place/Tanah+Kuning+2+Beach/data=!4m7!3m6!1s0x32125b6232e8c3f5:0x51750e1639308794!8m2!3d2.5975664!4d117.8267766!16s%2Fg%2F11h313q5nr!19sChIJ9cPoMmJbEjIRlIcwORYOdVE?authuser=0&hl=en&rclk=1,2.5975664,117.8267766,biasa,65.0,Tanah Kuning  Beach,relaxing place,cleanliness,comfortable,beach,,,,,,
Toko INDO HAIKAL H2,Kalimantan Utara,4.4,https://www.google.com/maps/place/Toko+INDO+HAIKAL+H2/data=!4m7!3m6!1s0x32138921e50d2385:0xab0beda2d9c533e5!8m2!3d3.2886158!4d117.6548391!16s%2Fg%2F11j9nmfmtk!19sChIJhSMN5SGJEzIR5TPF2aLtC6s?authuser=0&hl=en&rclk=1,3.2886158,117.6548391,biasa,238.0,gazebo,kapa clams,amal beach,beach atmosphere,beauty of the beach,,,,,,
Pantai Tabanio,Kalimantan Utara,4.4,https://www.google.com/maps/place/Pantai+Tabanio/data=!4m7!3m6!1s0x2de6ebf267614583:0xc4bbebba0cb72852!8m2!3d-3.759538!4d114.6088775!16s%2Fg%2F11cn0ld54_!19sChIJg0VhZ_Lr5i0RUii3DLrru8Q?authuser=0&hl=en&rclk=1,-3.759538,114.6088775,biasa,1587.0,beach,gazebo,beach cleanliness,shade trees,prayer room,,,,,,
Pantai Ambalat Samboja,Kalimantan Utara,4.4,https://www.google.com/maps/place/Pantai+Ambalat+Samboja/data=!4m7!3m6!1s0x2df153b10193ac37:0xa3fe814d075a96dc!8m2!3d-1.1248784!4d117.0410214!16s%2Fg%2F11bw1pq9kr!19sChIJN6yTAbFT8S0R3JZaB02B_qM?authuser=0&hl=en&rclk=1,-1.1248784,117.0410214,biasa,1103.0,gazebo,beach cleanliness,gazebo rental,prayer room,wide beach,,,,,,
Pantai Kenangan,Sumatera Utara,4.4,https://www.google.com/maps/place/Pantai+Kenangan/data=!4m7!3m6!1s0x3031bfb2b0f312ed:0xdb7db92344469a08!8m2!3d2.7841487!4d98.8040926!16s%2Fg%2F11d_1ssn7l!19sChIJ7RLzsLK_MTARCJpGRCO5fds?authuser=0&hl=en&rclk=1,2.7841487,98.8040926,biasa,135.0,banana boat,lake,camping,steep road,comfortable atmosphere,,,,,,
Manggar Beach,Kalimantan Utara,4.4,https://www.google.com/maps/place/Manggar+Beach/data=!4m7!3m6!1s0x2df14f816ad571b5:0xacb7c2e8d6cfbd97!8m2!3d-1.21281!4d116.9813748!16s%2Fg%2F11ny4gtqx1!19sChIJtXHVaoFP8S0Rl73P1ujCt6w?authuser=0&hl=en&rclk=1,-1.21281,116.9813748,biasa,616.0,banana boat,beach cleanliness,swimming,tarpaulin,beach atmosphere,,,,,,
Baloy Mayo Adat Tidung Kalimantan,Kalimantan Utara,4.4,https://www.google.com/maps/place/Baloy+Mayo+Adat+Tidung+Kalimantan/data=!4m7!3m6!1s0x3214754c22cc4325:0x15c099196f1abbbe!8m2!3d3.3326137!4d117.5545709!16s%2Fg%2F11clz_1ygw!19sChIJJUPMIkx1FDIRvrsabxmZwBU?authuser=0&hl=en&rclk=1,3.3326137,117.5545709,biasa,450.0,rumah adat,fish pond,tidung kalimantan people vibes,feeding fish,fish,,,,,,
Pantai Ciwidig - South Cianjur,Jawa Barat,4.4,https://www.google.com/maps/place/Pantai+Ciwidig+-+South+Cianjur/data=!4m7!3m6!1s0x2e662bb4d1850df3:0x522fdb2b10339411!8m2!3d-7.4934993!4d107.3186917!16s%2Fg%2F11h801lghg!19sChIJ8w2F0bQrZi4REZQzECvbL1I?authuser=0&hl=en&rclk=1,-7.4934993,107.3186917,biasa,127.0,waves,beach,quiet beach,beach cleanliness,caterpillar,,,,,,
Juwata Airport,Kalimantan Utara,4.4,https://www.google.com/maps/place/Juwata+Airport/data=!4m7!3m6!1s0x3214755b16b90273:0xdf222fd1284342d5!8m2!3d3.3241072!4d117.5681613!16s%2Fm%2F02pkf2d!19sChIJcwK5Flt1FDIR1UJDKNEvIt8?authuser=0&hl=en&rclk=1,3.3241072,117.5681613,biasa,2426.0,jet bridge,check in time,city center,not too crowded,seat,,,,,,
Pantai Munir,Banten,4.4,https://www.google.com/maps/place/Pantai+Munir/data=!4m7!3m6!1s0x2e4193b0d528b76f:0x361cc58fb368a475!8m2!3d-5.9217345!4d106.1393727!16s%2Fg%2F11gr1_ts9b!19sChIJb7co1bCTQS4RdaRos4_FHDY?authuser=0&hl=en&rclk=1,-5.9217345,106.1393727,biasa,62.0,beautiful corals,boat,weekend,crowded,clear water,,,,,,
Pantai Sausapor,Papua Barat,4.4,https://www.google.com/maps/place/Pantai+Sausapor/data=!4m7!3m6!1s0x2d59b207a9f51bd5:0xb3c55e618eb1bda4!8m2!3d-0.4998706!4d132.0787229!16s%2Fg%2F11fzwr7yhp!19sChIJ1Rv1qQeyWS0RpL2xjmFexbM?authuser=0&hl=en&rclk=1,-0.4998706,132.0787229,biasa,12.0,Fransiscus Sedik 2 reviews · 1 photo,YOHANES WURIN PLATIN 20 photos,ismail sinar 7 reviews,BOBBYE IRIJANAN KEI 3 reviews,,,,,,,
Pantai Maruni,Papua Barat,4.4,https://www.google.com/maps/place/Pantai+Maruni/data=!4m7!3m6!1s0x2d53f13738227e8b:0xd9f40a9272beaf33!8m2!3d-0.9771256!4d134.01967!16s%2Fg%2F11q97l71p5!19sChIJi34iODfxUy0RM6--cpIK9Nk?authuser=0&hl=en&rclk=1,-0.9771256,134.01967,biasa,13.0,beach cleanliness 2,beach 4,coconut 2,Jeldy Waldy Takarendengan 5 photos,Galuh Karyandi 1 review · 6 photos,,,,,,
PANTAI MARIMOI,Papua,4.4,https://www.google.com/maps/place/PANTAI+MARIMOI/data=!4m7!3m6!1s0x681efd4af74bb899:0x79e637ed69bcf0e1!8m2!3d-3.1477274!4d135.7033822!16s%2Fg%2F11np49drhb!19sChIJmbhL90r9HmgR4fC8ae035nk?authuser=0&hl=en&rclk=1,-3.1477274,135.7033822,biasa,92.0,beach 10,comfortable atmosphere 4,family tourism 2,tour 2,place of worship 2,,,,,,
Pantai Bakaro,Papua Barat,4.4,https://www.google.com/maps/place/Pantai+Bakaro/data=!4m7!3m6!1s0x2d5475707efe1521:0x2a78078185e78e10!8m2!3d-0.8631213!4d134.1267559!16s%2Fg%2F11c6qm09g6!19sChIJIRX-fnB1VC0REI7nhYEHeCo?authuser=0&hl=en&rclk=1,-0.8631213,134.1267559,biasa,222.0,waves 10,white sand 5,sea view 4,fish 12,coral 4,,,,,,
Tanjung Jaya Beach,Banten,4.4,https://www.google.com/maps/place/Tanjung+Jaya+Beach/data=!4m7!3m6!1s0x2e43b7cecea621cf:0x2867bacbf95d49bb!8m2!3d-6.5170289!4d105.6335084!16s%2Fg%2F11bxf62k9j!19sChIJzyGmzs63Qy4Ru0ld-cu6Zyg?authuser=0&hl=en&rclk=1,-6.5170289,105.6335084,biasa,233.0,cool atmosphere,sunset,scenery,quiet,relaxing,,,,,,
Teluk Jantang Beach,Aceh,4.4,https://www.google.com/maps/place/Teluk+Jantang+Beach/data=!4m7!3m6!1s0x304010bf8a86b4ed:0x15df23eb4b06038c!8m2!3d5.2687475!4d95.247531!16s%2Fg%2F11fzyy7cd7!19sChIJ7bSGir8QQDARjAMGS-sj3xU?authuser=0&hl=en&rclk=1,5.2687475,95.247531,biasa,80.0,beauty of the beach,fresh fish,tour,family gathering,trawl,,,,,,
Batuhoda Beach,Sumatera Utara,4.4,https://www.google.com/maps/place/Batuhoda+Beach/data=!4m7!3m6!1s0x3031c715b0bed547:0x346964c80c83147!8m2!3d2.759845!4d98.725414!16s%2Fg%2F11rtsn0zhj!19sChIJR9W-sBXHMTARRzHIgEyWRgM?authuser=0&hl=en&rclk=1,2.759845,98.725414,biasa,1735.0,mineral water,photo spots,beach cleanliness,gazebo,lake,,,,,,
Pantai Wali Kota,Sumatera Utara,4.4,https://www.google.com/maps/place/Pantai+Wali+Kota/data=!4m7!3m6!1s0x303125861a4018db:0xc09842ee74a67433!8m2!3d3.5026046!4d98.5970519!16s%2Fg%2F11rf79hgs1!19sChIJ2xhAGoYlMTARM3SmdO5CmMA?authuser=0&hl=en&rclk=1,3.5026046,98.5970519,biasa,49.0,river,scenery,budget,coffee,healing,,,,,,
Barus Pantai,Sumatera Utara,4.4,https://www.google.com/maps/place/Barus+Pantai/data=!4m7!3m6!1s0x302fb3d50fbd44a5:0xfb69d5099bdf9f3d!8m2!3d2.007521!4d98.3983969!16s%2Fg%2F11b_25z1mb!19sChIJpUS9D9WzLzARPZ_fmwnVafs?authuser=0&hl=en&rclk=1,2.007521,98.3983969,biasa,202.0,port,scenery,fishing,friendly people,tour,,,,,,
Pantai Ujuang Batu,Sumatera Barat,4.4,https://www.google.com/maps/place/Pantai+Ujuang+Batu/data=!4m7!3m6!1s0x2fd4c0c37a14dc4f:0x37b178f4a7280868!8m2!3d-0.8648099!4d100.3323228!16s%2Fg%2F11cs24qqql!19sChIJT9wUesPA1C8RaAgop_R4sTc?authuser=0&hl=en&rclk=1,-0.8648099,100.3323228,biasa,485.0,beach cleanliness,dusk,shady trees,surfing,pine trees,,,,,,
Pantai Tabing Pasir Putih,Sumatera Barat,4.4,https://www.google.com/maps/place/Pantai+Tabing+Pasir+Putih/data=!4m7!3m6!1s0x2fd4c0c40ab1d23d:0x9e816c6da1a5b22c!8m2!3d-0.8663698!4d100.3329957!16s%2Fg%2F11byyftq73!19sChIJPdKxCsTA1C8RLLKloW1sgZ4?authuser=0&hl=en&rclk=1,-0.8663698,100.3329957,biasa,636.0,clean beach,sunset,white sand beach,beauty of the beach,quiet beach,,,,,,
Pantai Pandawa,Aceh,4.4,https://www.google.com/maps/place/Pantai+Pandawa/data=!4m7!3m6!1s0x304793ff74eb2fc9:0xb1979686bbb2ca82!8m2!3d5.2246785!4d97.4318208!16s%2Fg%2F11sgqj70cm!19sChIJyS_rdP-TRzARgsqyu4aWl7E?authuser=0&hl=en&rclk=1,5.2246785,97.4318208,biasa,11265.0,"There’s an entry fee to this beach, obviously higher for tourists. I like the road leading to the beach but the beach itself is a bit average. I also didn’t find much clean compared to other beaches I’ve visited in Bali.","The beach is clean, less crowded compared to other popular beaches in Bali, and great for swimming, taking photos, or simply sitting and enjoying the ocean view. There are also small cafes and local shops nearby, which makes the experience even better.","entrance fee 50k for 2 persons and a bike. Not cheap but the beach is really worth it, not many people, we walked to the end of the cliff and found a perfect spot to swim. Wave is not too big, water is so clear and beach is clean. Careful with many small rocks on the way","It's a good beach, not much to see or to do other than taking pictures or crash to one of the beach clubs nearby. It has some statues but I don't really see why you want to visit the place just for the beach and we just go to the nearby theater to watch the kecak dancer which are way way more interesting than the beach itself. Also the food that are served to us is delicious.","A larger and more crowded beach in the South area
- Cater to large buses and groups
- Plus points: FREE Kecak Dance at 6-7 PM. Definitely good option considering the paid one on Uluwatu Temple
- Can rent Canoe
- Love the drive to the area, with lots of large statues on the side of the wall
- Paid ticket but not expensive for scooter",canoe,canoe,cliff,paragliding,white sand,photo spots
Pantai Pasir Putih Lhok Mee,Aceh,4.4,https://www.google.com/maps/place/Pantai+Pasir+Putih+Lhok+Mee/data=!4m7!3m6!1s0x30404faea56f841f:0x969732c6861cc322!8m2!3d5.6138203!4d95.556308!16s%2Fg%2F11qzvvs71y!19sChIJH4Rvpa5PQDARIsMchsYyl5Y?authuser=0&hl=en&rclk=1,5.6138203,95.556308,biasa,671.0,white sand,mangrove,waves not too big,scenery,ikan bakar,,,,,,
Pantai Sumur Tiga,Aceh,4.4,https://www.google.com/maps/place/Pantai+Sumur+Tiga/data=!4m7!3m6!1s0x3041c7290d02b861:0x5bfd2bd2be3a4850!8m2!3d5.89276!4d95.3395224!16s%2Fg%2F11qfkncgw3!19sChIJYbgCDSnHQTARUEg6vtIr_Vs?authuser=0&hl=en&rclk=1,5.89276,95.3395224,biasa,1019.0,fresh water,coconut,prayer room,white sand,sunrise,,,,,,
Taplau Pantai Padang,Sumatera Barat,4.4,https://www.google.com/maps/place/Taplau+Pantai+Padang/data=!4m7!3m6!1s0x2fd4b9d15026f397:0x268a9aee3e7b83ea!8m2!3d-0.9484478!4d100.3518922!16s%2Fg%2F11s8vkf6ch!19sChIJl_MmUNG51C8R6oN7Pu6aiiY?authuser=0&hl=en&rclk=1,-0.9484478,100.3518922,biasa,480.0,beach cleanliness,sound of waves,sunset,photo spots,sea view,,,,,,
Carocok Beach,Sumatera Barat,4.4,https://www.google.com/maps/place/Carocok+Beach/data=!4m7!3m6!1s0x2fd34d9d1b26aafd:0xab73edf3dfc631c8!8m2!3d-1.3529706!4d100.5733473!16s%2Fg%2F121l0tzn!19sChIJ_aomG51N0y8RyDHG3_Ptc6s?authuser=0&hl=en&rclk=1,-1.3529706,100.5733473,biasa,1057.0,Carocok Beach,floating mosque,banana boat,bridge,crossing to the island,,,,,,
Manase Beach,Papua Tengah,4.4,https://www.google.com/maps/place/Manase+Beach/data=!4m7!3m6!1s0x681fa364b532c6fd:0xff4e2751c3a623d9!8m2!3d-3.3702062!4d135.477506!16s%2Fg%2F11fm172fjx!19sChIJ_cYytWSjH2gR2SOmw1EnTv8?authuser=0&hl=en&rclk=1,-3.3702062,135.477506,biasa,318.0,photo spots 15,beauty of the beach 2,lamp decorations 3,children's play area 2,family entertainment venue 3,,,,,,
Pantai Erari,Papua Tengah,4.4,https://www.google.com/maps/place/Pantai+Erari/data=!4m7!3m6!1s0x681f0174446993fd:0xc6ef0642aa62ca02!8m2!3d-3.1649837!4d135.6448855!16s%2Fg%2F11jmxvxpnj!19sChIJ_ZNpRHQBH2gRAspiqkIG78Y?authuser=0&hl=en&rclk=1,-3.1649837,135.6448855,biasa,201.0,beach 20,scenery 8,gazebo 3,beach bathing 2,clear water 12,,,,,,
Pantai Sawadori,Papua,4.4,https://www.google.com/maps/place/Pantai+Sawadori/data=!4m7!3m6!1s0x68040d8500545cbd:0x69d0dbe9cb660a2c!8m2!3d-1.0672918!4d136.3551328!16s%2Fg%2F11f3978x5n!19sChIJvVxUAIUNBGgRLApmy-nb0Gk?authuser=0&hl=en&rclk=1,-1.0672918,136.3551328,biasa,7.0,Christyne Mayor 1 review · 5 photos,rumbrapuk isak 2 reviews · 13 photos,,,,,,,,,
Pantai Pasir Putih Dan Goa Belanda,Jawa Tengah,4.4,https://www.google.com/maps/place/Pantai+Pasir+Putih+Dan+Goa+Belanda/data=!4m7!3m6!1s0x2e6512346032b6e3:0x526f1cf7858c0aae!8m2!3d-7.7603992!4d109.0422966!16s%2Fg%2F11bwffzs1t!19sChIJ47YyYDQSZS4RrgqMhfccb1I?authuser=0&hl=en&rclk=1,-7.7603992,109.0422966,biasa,483.0,forest,fort,road to the beach,white sand,monkeys,,,,,,
Pantai Jetis,Jawa Tengah,4.4,https://www.google.com/maps/place/Pantai+Jetis/data=!4m7!3m6!1s0x2e6537875bbd2925:0x805c3c7982a3dad7!8m2!3d-7.7188877!4d109.3820574!16s%2Fg%2F11c542_5f6!19sChIJJSm9W4c3ZS4R19qjgnk8XIA?authuser=0&hl=en&rclk=1,-7.7188877,109.3820574,biasa,1132.0,waves,beach cleanliness,jetis beach,mangrove,gentle beach,,,,,,
Pantai Cemara Sewu,DI Yogyakarta,4.4,https://www.google.com/maps/place/Pantai+Cemara+Sewu/data=!4m7!3m6!1s0x2e7b0091730db80b:0x7d9e86821039d85!8m2!3d-8.019114!4d110.3145616!16s%2Fg%2F11clt0wlfy!19sChIJC7gNc5EAey4RhZ0DIWjo2Qc?authuser=0&hl=en&rclk=1,-8.019114,110.3145616,biasa,6289.0,shade trees,sand dune,pine trees,gazebo,prayer room,,,,,,
Pantai Parangkusumo,DI Yogyakarta,4.4,https://www.google.com/maps/place/Pantai+Parangkusumo/data=!4m7!3m6!1s0x2e7a57a33fc75981:0x2e7c4822b7f9d4b2!8m2!3d-8.022769!4d110.324995!16s%2Fg%2F1pzq050yj!19sChIJgVnHP6NXei4RstT5tyJIfC4?authuser=0&hl=en&rclk=1,-8.022769,110.324995,biasa,6336.0,sand dunes,shadow Puppets,area,dogcart,waves,,,,,,
Gesing Beach,DI Yogyakarta,4.4,https://www.google.com/maps/place/Gesing+Beach/data=!4m7!3m6!1s0x2e7baf7729055893:0xfaf1f0102bac9342!8m2!3d-8.1085778!4d110.4679367!16s%2Fg%2F1pzx97hv2!19sChIJk1gFKXevey4RQpOsKxDw8fo?authuser=0&hl=en&rclk=1,-8.1085778,110.4679367,biasa,6893.0,cliff,Nguluran Beach Glass Terrace,fishing boats,white sand,photo spots,,,,,,
Pantai Kedu Kalianda,Lampung,4.4,https://www.google.com/maps/place/Pantai+Kedu+Kalianda/data=!4m7!3m6!1s0x2e411032ea88491f:0x59a00a7d266b9b14!8m2!3d-5.722807!4d105.58097!16s%2Fg%2F11g65dr8lk!19sChIJH0mI6jIQQS4RFJtrJn0KoFk?authuser=0&hl=en&rclk=1,-5.722807,105.58097,biasa,756.0,shipwreck,view of mount rajabasa,big waves,kedu beach,spacious beach,,,,,,
Tanjung Lesung Beach,Banten,4.4,https://www.google.com/maps/place/Tanjung+Lesung+Beach/data=!4m7!3m6!1s0x2e43c9b86a346b9d:0xec0d502e94af8656!8m2!3d-6.4786315!4d105.6557853!16s%2Fg%2F11fj45fq1n!19sChIJnWs0arjJQy4RVoavlC5QDew?authuser=0&hl=en&rclk=1,-6.4786315,105.6557853,biasa,2478.0,Tanjung Lesung Beach,banana boat,coral reef,white sand,photo spots,,,,,,
PANTAI JESBRI BORATEI,Papua Tengah,4.4,https://www.google.com/maps/place/PANTAI+JESBRI+BORATEI/data=!4m7!3m6!1s0x681fa7e6a1fbfd83:0x9e097b77a7e66693!8m2!3d-3.2639375!4d135.5570625!16s%2Fg%2F11t4_x3px9!19sChIJg_37oeanH2gRk2bmp3d7CZ4?authuser=0&hl=en&rclk=1,-3.2639375,135.5570625,biasa,22.0,beautiful view 2,tasya natasya 1 review,Veronica Petege 4 reviews,Irnand Mulqi 9 reviews,Kiti Wattimena 1 review,,,,,,
Lorentz National Park,Papua Pegunungan,4.4,https://www.google.com/maps/place/Lorentz+National+Park/data=!4m7!3m6!1s0x683ada72cad8bf5b:0xe5acb2b81cad387f!8m2!3d-4.6297633!4d137.9726829!16zL20vMDJ4MW14!19sChIJW7_YynLaOmgRfzitHLiyrOU?authuser=0&hl=en&rclk=1,-4.6297633,137.9726829,biasa,356.0,swamp 2,scenery 9,plants 3,beauty 5,natural 11,,,,,,
Tablanusu,Papua,4.4,https://www.google.com/maps/place/Tablanusu/data=!4m7!3m6!1s0x686cddf4b0489a7b:0xc1d2796a0f6d1ed6!8m2!3d-2.4624454!4d140.3437349!16s%2Fg%2F120mhz5m!19sChIJe5pIsPTdbGgR1h5tD2p50sE?authuser=0&hl=en&rclk=1,-2.4624454,140.3437349,biasa,267.0,pebble beach 2,water cleanliness 2,gravel 8,rocky beach 2,lodging fee 2,,,,,,
Anggopi Beach,Papua,4.4,https://www.google.com/maps/place/Anggopi+Beach/data=!4m7!3m6!1s0x680473bf7b765569:0x969240124bfe0f52!8m2!3d-1.141597!4d136.3077747!16s%2Fg%2F11c6m3hv6l!19sChIJaVV2e79zBGgRUg_-SxJAkpY?authuser=0&hl=en&rclk=1,-1.141597,136.3077747,biasa,353.0,fresh water 35,brackish water 5,white sand 11,coral reef 4,cold freshwater river 2,,,,,,
Pantai Batakan,Kalimantan Timur,4.4,https://www.google.com/maps/place/Pantai+Batakan/data=!4m7!3m6!1s0x2df14590a8138cab:0xc9ee34fb1c4a5447!8m2!3d-1.2367999!4d116.9534352!16s%2Fg%2F11qh7dzhyc!19sChIJq4wTqJBF8S0RR1RKHPs07sk?authuser=0&hl=en&rclk=1,-1.2367999,116.9534352,biasa,19.0,EmyRiski maulana Milarosa  reviews ·  photo,ᗷᗩᗷY ᑎIᑕE  reviews ·  photos,Puji. Raharjo  reviews,Khoiron Rizali  reviews,,,,,,,
Gandoriah Beach,Sumatera Barat,4.4,https://www.google.com/maps/place/Gandoriah+Beach/data=!4m7!3m6!1s0x2fd4e2fcb7497303:0xe94c5e99bef3f23c!8m2!3d-0.6252124!4d100.1149368!16s%2Fg%2F1224zlpc!19sChIJA3NJt_zi1C8RPPLzvpleTOk?authuser=0&hl=en&rclk=1,-0.6252124,100.1149368,biasa,6721.0,merchant,angso duo island,tabuik event,photo spots,area,,,,,,
"Pasir Putih Beach, Lhok Mee",Aceh,4.4,"https://www.google.com/maps/place/Pasir+Putih+Beach,+Lhok+Mee/data=!4m7!3m6!1s0x30404e0f4820b1b1:0xbdb15f8c9233af96!8m2!3d5.6137342!4d95.5501536!16s%2Fg%2F11c5h1zt_g!19sChIJsbEgSA9OQDARlq8zkoxfsb0?authuser=0&hl=en&rclk=1",5.6137342,95.5501536,biasa,671.0,Masha Allah Tabarakallah waht a beautiful beach white sands. It was early in the morning at 7 beeing here to feel the air and fresh air to breathe. What a lovely place to visit. Its good for hangout with family love one and friends. It worth to visit we will serves by good view on the way to this beach. 👌 🌊 …,"A lil bit far from the city, but worth to visit. No need to find the best place, cz along the beach the stores and sellers open a small gazebo for visitors. White sand, relaxing wind, and coconut are the perfect combo, enjoy!","Not actually a hidden gem, it's relatively, altough dozens miles from city centre, quite easy to access. The shops are ""uniformed"", pretty similar one of each others. Enough space for two-three small families to gather. Bring your own foods, beach gears and toys while drink-wise let those shops handle it. Phone signal was pretty poor here but what the heck... As usual, please, please upgrade a bit for the public toilets","Hidden spot to escape, you have to visit this place. And please keep this place clean.

Jangan buang sampah sembarangan","Instantly fell in love with this beach when i visit it. If you are in aceh, you need to visit this beach. The water is very clear and very relaxing",white sand,,,,,
Ulee Lheue Beach,Aceh,4.4,https://www.google.com/maps/place/Ulee+Lheue+Beach/data=!4m7!3m6!1s0x304030eb48882ffb:0x3ab153b2c7c6f86e!8m2!3d5.5597522!4d95.2852583!16s%2Fg%2F11b6gldcxr!19sChIJ-y-ISOswQDARbvjGx7JTsTo?authuser=0&hl=en&rclk=1,5.5597522,95.2852583,biasa,3850.0,,,,,,leisure,,,,,
Pantai Cermin,Sumatera Barat,4.4,https://www.google.com/maps/place/Pantai+Cermin/data=!4m7!3m6!1s0x2fd4e306fe8dde7d:0xa221d43bbd7c985d!8m2!3d-0.6355283!4d100.1221831!16s%2Fg%2F11b6_d8dm6!19sChIJfd6N_gbj1C8RXZh8vTvUIaI?authuser=0&hl=en&rclk=1,-0.6355283,100.1221831,biasa,0.0,,,,,,,,,,,
Pantai Padang Purus,Sumatera Barat,4.4,https://www.google.com/maps/place/Pantai+Padang+Purus/data=!4m7!3m6!1s0x2fd4b9bffffffff9:0x990f13dbea9337aa!8m2!3d-0.9295254!4d100.3500354!16s%2Fg%2F11f_3j72n4!19sChIJ-f___7-51C8RqjeT6tsTD5k?authuser=0&hl=en&rclk=1,-0.9295254,100.3500354,biasa,150.0,mosque,beach view,sunset,beach cleanliness,jogging,,,,,,
Toko taman ayu nganteb (TAN),Jawa Timur,4.4,https://www.google.com/maps/place/Toko+taman+ayu+nganteb+%28TAN%29/data=!4m7!3m6!1s0x2e78a9824293d1d1:0x8a2c143bb31c8e29!8m2!3d-8.406741!4d112.5726644!16s%2Fg%2F1q610sjc8!19sChIJ0dGTQoKpeC4RKY4cszsULIo?authuser=0&hl=en&rclk=1,-8.406741,112.5726644,biasa,950.0,taman ayu beach,ikan bakar,gazebo,private beach,clean beach,,,,,,
Pantai Pelangi,DI Yogyakarta,4.4,https://www.google.com/maps/place/Pantai+Pelangi/data=!4m7!3m6!1s0x2e7b0093e5fc9ec9:0x479064d3c86c0ef7!8m2!3d-8.0180583!4d110.3083697!16s%2Fg%2F11bwny02hg!19sChIJyZ785ZMAey4R9w5syNNkkEc?authuser=0&hl=en&rclk=1,-8.0180583,110.3083697,biasa,687.0,sea turtle,turtle conservation,turtle sanctuary,turtle release,big waves,,,,,,
Papuma Beach,Jawa Timur,4.4,https://www.google.com/maps/place/Papuma+Beach/data=!4m7!3m6!1s0x2dd682a6a4b5cd8d:0xb9c242f3a09e2d2e!8m2!3d-8.4300871!4d113.5536464!16s%2Fg%2F11bwy_gg5k!19sChIJjc21pKaC1i0RLi2eoPNCwrk?authuser=0&hl=en&rclk=1,-8.4300871,113.5536464,biasa,5564.0,monkeys,white sand,photo spots,blue sea water,scenery,,,,,,
Danau Emfote,Papua Pegunungan,4.4,https://www.google.com/maps/place/Danau+Emfote/data=!4m7!3m6!1s0x686c8d16ab4bbdb5:0x82f9bba1f39708a6!8m2!3d-2.6608739!4d140.5396897!16s%2Fg%2F11bw7v5sgz!19sChIJtb1LqxaNbGgRpgiX86G7-YI?authuser=0&hl=en&rclk=1,-2.6608739,140.5396897,biasa,226.0,view 18,love lake 2,imfote lake 2,savanna hills 2,quiet atmosphere 2,,,,,,
Pantai Karang Bolong,Lampung,4.4,https://www.google.com/maps/place/Pantai+Karang+Bolong/data=!4m7!3m6!1s0x2e46d9704a4bf4a5:0x23d8b6ca504dc19!8m2!3d-5.6104052!4d104.7887242!16s%2Fg%2F11d_d39brf!19sChIJpfRLSnDZRi4RGdwEpWyLPQI?authuser=0&hl=en&rclk=1,-5.6104052,104.7887242,biasa,1433.0,Karang Bolong Beach,photo spots,banana boat,salted fish,view from the top of the hill,,,,,,
Pantai Pancur Permai,Lampung,4.4,https://www.google.com/maps/place/Pantai+Pancur+Permai/data=!4m7!3m6!1s0x2e4130422e4e92a7:0x45138ccc820c96f4!8m2!3d-5.7199394!4d105.1936747!16s%2Fg%2F11ddxf5hxk!19sChIJp5JOLkIwQS4R9JYMgsyME0U?authuser=0&hl=en&rclk=1,-5.7199394,105.1936747,biasa,64.0,asri atmosphere,white sand,,,,,,,,,
Pantai Salido,Sumatera Barat,4.4,https://www.google.com/maps/place/Pantai+Salido/data=!4m7!3m6!1s0x2fd3526630af0553:0x6079df98877c6df8!8m2!3d-1.327039!4d100.5643871!16s%2Fg%2F11hd6m8v6t!19sChIJUwWvMGZS0y8R-G18h5jfeWA?authuser=0&hl=en&rclk=1,-1.327039,100.5643871,biasa,49.0,scenery,afternoon,,,,,,,,,
"Pantai Kemala, Kalimantan Timur",Kalimantan Timur,4.4,"https://www.google.com/maps/place/Pantai+Kemala,+Kalimantan+Timur/data=!4m7!3m6!1s0x2df14748c4554b4b:0x63928fb8e11c567a!8m2!3d-1.2811536!4d116.8153803!16s%2Fg%2F11g8xjtb5r!19sChIJS0tVxEhH8S0RelYc4biPkmM?authuser=0&hl=en&rclk=1",-1.2811536,116.8153803,biasa,640.0,beach cleanliness,scenery,leisure,entrance fee,white sand,,,,,,
Pantai Talawaan Bajo,Sulawesi Utara,4.4,https://www.google.com/maps/place/Pantai+Talawaan+Bajo/data=!4m7!3m6!1s0x3287a2a2f01ae1e1:0xf5000a15c29afec5!8m2!3d1.616799!4d124.8713338!16s%2Fg%2F11hcfl19kv!19sChIJ4eEa8KKihzIRxf6awhUKAPU?authuser=0&hl=en&rclk=1,1.616799,124.8713338,biasa,176.0,beach atmosphere,fishing,friendly people,sunset,tree,,,,,,
pantai batu itam,Maluku Utara,4.4,https://www.google.com/maps/place/pantai+batu+itam/data=!4m7!3m6!1s0x32844fbc04ae0fb3:0xa77925175579dbe2!8m2!3d1.3506521!4d126.3869726!16s%2Fg%2F11kph_m2vs!19sChIJsw-uBLxPhDIR4tt5VRcleac?authuser=0&hl=en&rclk=1,1.3506521,126.3869726,biasa,11.0,Official JUAN BALAK 1 review · 7 photos,Crevando Poene 2 reviews · 8 photos,Pehino Furkon 1 review,Vina Sangadji 1 review · 10 photos,Rio Freldy 2 photos,,,,,,
Pantai Lakban Ratatotok,Sulawesi Utara,4.4,https://www.google.com/maps/place/Pantai+Lakban+Ratatotok/data=!4m7!3m6!1s0x3280bae8313be087:0x1d362364493ea449!8m2!3d0.8492183!4d124.7086886!16s%2Fg%2F11bwcf4ndh!19sChIJh-A7Mei6gDIRSaQ-SWQjNh0?authuser=0&hl=en&rclk=1,0.8492183,124.7086886,biasa,459.0,mangrove forests,gold mining,calm sea,white sand,beautiful atmosphere,,,,,,
Pantai Malalayang,Sulawesi Utara,4.4,https://www.google.com/maps/place/Pantai+Malalayang/data=!4m7!3m6!1s0x328774393408552f:0x7fd2a1cdf718aaf4!8m2!3d1.4601924!4d124.7947918!16s%2Fg%2F11btvb9vwt!19sChIJL1UINDl0hzIR9KoY982h0n8?authuser=0&hl=en&rclk=1,1.4601924,124.7947918,biasa,1511.0,beach,snorkling,scenery,sea view,sunset,,,,,,
Pantai Maitara,Maluku Utara,4.4,https://www.google.com/maps/place/Pantai+Maitara/data=!4m7!3m6!1s0x329cb5dadfd0afb5:0xed219d3d716cbd72!8m2!3d0.7407009!4d127.3733519!16s%2Fg%2F11d_84pcdd!19sChIJta_Q39q1nDIRcr1scT2dIe0?authuser=0&hl=en&rclk=1,0.7407009,127.3733519,biasa,99.0,snorkeling 6,mangrove area 2,swimming 4,maitara island tourism 3,calm atmosphere 2,,,,,,
Pantai Cindakir Bungus,Sumatera Barat,4.4,https://www.google.com/maps/place/Pantai+Cindakir+Bungus/data=!4m7!3m6!1s0x2fd4a53a7c90f68d:0x45eea674bbd7364a!8m2!3d-1.0511048!4d100.4090544!16s%2Fg%2F11c6wp92rh!19sChIJjfaQfDql1C8RSjbXu3Sm7kU?authuser=0&hl=en&rclk=1,-1.0511048,100.4090544,biasa,26.0,,,,,,,,,,,
Pantai One Wanta,Sulawesi Tenggara,4.4,https://www.google.com/maps/place/Pantai+One+Wanta/data=!4m7!3m6!1s0x2da4764b9bd49133:0x2620a987b27b9765!8m2!3d-5.427277!4d122.58587!16s%2Fg%2F11bw3c69dd!19sChIJM5HUm0t2pC0RZZd7soepICY?authuser=0&hl=en&rclk=1,-5.427277,122.58587,biasa,14.0,lina lovewili 5 reviews · 2 photos,Wa Kaine 1 review,,,,,,,,,
Pantai Pelangi,Sulawesi Tenggara,4.4,https://www.google.com/maps/place/Pantai+Pelangi/data=!4m7!3m6!1s0x2d97054671e697ed:0x5971188bfc167e98!8m2!3d-3.6579239!4d120.9961217!16s%2Fg%2F11py0bn09x!19sChIJ7ZfmcUYFly0RmH4W_IsYcVk?authuser=0&hl=en&rclk=1,-3.6579239,120.9961217,biasa,17.0,cleanliness 2,beautiful place 2,Ucil junior 2 reviews,Lukman hera Lukman 2 reviews · 18 photos,Shoel_ Syamsul 2 reviews · 18 photos,,,,,,
"Pasir Timbul, Pantai Sari Ringgung, Pesawaran. Lampung",Lampung,4.4,"https://www.google.com/maps/place/Pasir+Timbul,+Pantai+Sari+Ringgung,+Pesawaran.+Lampung/data=!4m7!3m6!1s0x2e41265328db17b9:0xf67af64b69828580!8m2!3d-5.5704752!4d105.2578201!16s%2Fg%2F11c48b_yl6!19sChIJuRfbKFMmQS4RgIWCaUv2evY?authuser=0&hl=en&rclk=1",-5.5704752,105.2578201,biasa,470.0,snorkeling,sandbar,couch for relaxing,clean sand,boat rental,,,,,,
Pantai Karang Putih Cukuh Balak,Lampung,4.4,https://www.google.com/maps/place/Pantai+Karang+Putih+Cukuh+Balak/data=!4m7!3m6!1s0x2e46d0560d3f58f7:0x55957b72b49eb27e!8m2!3d-5.6624557!4d104.8856897!16s%2Fg%2F11cp7fwnn5!19sChIJ91g_DVbQRi4RfrKetHJ7lVU?authuser=0&hl=en&rclk=1,-5.6624557,104.8856897,biasa,510.0,waves,coconut,beach,prayer room,clean beach,,,,,,
Pantai Cemara Indah,Lampung,4.4,https://www.google.com/maps/place/Pantai+Cemara+Indah/data=!4m7!3m6!1s0x2e4057da8186b1e3:0x56610743c7969c5a!8m2!3d-5.4203581!4d105.821719!16s%2Fg%2F11qqmv7jlz!19sChIJ47GGgdpXQC4RWpyWx0MHYVY?authuser=0&hl=en&rclk=1,-5.4203581,105.821719,biasa,413.0,sand,gazebo,free gazebo,beach cleanliness,free huts,,,,,,
Pantai Gasan,Sumatera Barat,4.4,https://www.google.com/maps/place/Pantai+Gasan/data=!4m7!3m6!1s0x2fd5060ffcdc6437:0xeb27c7acd40d9079!8m2!3d-0.4532397!4d99.9802493!16s%2Fg%2F11g02w0snj!19sChIJN2Tc_A8G1S8ReZAN1KzHJ-s?authuser=0&hl=en&rclk=1,-0.4532397,99.9802493,biasa,39.0,,,,,,,,,,,
Pantai Muaro Pasar Baru,Sumatera Barat,4.4,https://www.google.com/maps/place/Pantai+Muaro+Pasar+Baru/data=!4m7!3m6!1s0x2fd3519c286d7e47:0x253a9af07134c319!8m2!3d-1.3082886!4d100.5128361!16s%2Fg%2F11crzxdyhv!19sChIJR35tKJxR0y8RGcM0cfCaOiU?authuser=0&hl=en&rclk=1,-1.3082886,100.5128361,biasa,71.0,bicycling,,,,,,,,,,
"Tapakis Ulakan beach, Padang Pariaman",Sumatera Barat,4.4,"https://www.google.com/maps/place/Tapakis+Ulakan+beach,+Padang+Pariaman/data=!4m7!3m6!1s0x2fd4e7d1227c0d0d:0x1ab69615f59646ab!8m2!3d-0.7354992!4d100.2230603!16s%2Fg%2F11gdkxqvjh!19sChIJDQ18ItHn1C8Rq0aW9RWWtho?authuser=0&hl=en&rclk=1",-0.7354992,100.2230603,biasa,247.0,beach view,gentle beach,natural beach,clean beach,tranquility,,,,,,
Pulau Angso Duo,Sumatera Barat,4.4,https://www.google.com/maps/place/Pulau+Angso+Duo/data=!4m7!3m6!1s0x2fd4e3e551fa5995:0x97aeeaa18c2fa2a4!8m2!3d-0.6327099!4d100.0996971!16s%2Fg%2F11ks1_nsnq!19sChIJlVn6UeXj1C8RpKIvjKHqrpc?authuser=0&hl=en&rclk=1,-0.6327099,100.0996971,biasa,125.0,sand,gazebo,clean beach,photo spots,snorkeling,,,,,,
Pantai Bale Bale,Riau,4.4,https://www.google.com/maps/place/Pantai+Bale+Bale/data=!4m7!3m6!1s0x31d98924504ad691:0x757a8cc5396c6251!8m2!3d1.1706384!4d104.0698885!16s%2Fg%2F11hg9zs0ql!19sChIJkdZKUCSJ2TERUWJsOcWMenU?authuser=0&hl=en&rclk=1,1.1706384,104.0698885,biasa,373.0,gazebo,mangrove forest,beach,beach cleanliness,sunset,,,,,,
Pantai Tugulufa,Maluku Utara,4.4,https://www.google.com/maps/place/Pantai+Tugulufa/data=!4m7!3m6!1s0x329cc897ed3fcedd:0x820b09cb74b2cc35!8m2!3d0.6703023!4d127.4548649!16s%2Fg%2F11cn3pq0xm!19sChIJ3c4_7ZfInDIRNcyydMsJC4I?authuser=0&hl=en&rclk=1,0.6703023,127.4548649,biasa,522.0,beach 33,tugulufa beach 3,clear beach 5,children's play area 2,sunset view 2,,,,,,
Wisata Pantai Poigar,Sulawesi Utara,4.4,https://www.google.com/maps/place/Wisata+Pantai+Poigar/data=!4m7!3m6!1s0x327de2ea4c80a7ed:0x3add582c9ccb284e!8m2!3d1.0199181!4d124.3062221!16s%2Fg%2F11c5b3wbvx!19sChIJ7aeATOrifTIRTijLnCxY3To?authuser=0&hl=en&rclk=1,1.0199181,124.3062221,biasa,43.0,cleanliness,government,village,vio vilsy  reviews,Brown'S Leon  reviews ·  photos,,,,,,
Pantai ROR,Sulawesi Utara,4.4,https://www.google.com/maps/place/Pantai+ROR/data=!4m7!3m6!1s0x328731a95d8fcc63:0x108c75644f1c12bf!8m2!3d1.0734079!4d124.9689859!16s%2Fg%2F11q2x6nf92!19sChIJY8yPXakxhzIRvxIcT2R1jBA?authuser=0&hl=en&rclk=1,1.0734079,124.9689859,biasa,55.0,supporting facilities,best beach,location,beach,sand,,,,,,
Obyek Wisata Pantai Batu Pinagut,Sulawesi Utara,4.4,https://www.google.com/maps/place/Obyek+Wisata+Pantai+Batu+Pinagut/data=!4m7!3m6!1s0x327ea583485c9c21:0x54d3a6958ab7304c!8m2!3d0.9202904!4d123.269432!16s%2Fg%2F11bzt6zspd!19sChIJIZxcSIOlfjIRTDC3ipWm01Q?authuser=0&hl=en&rclk=1,0.9202904,123.269432,biasa,270.0,gazebo,white sand,quiet beach,scenery,calm waves,,,,,,
"Pantai Pulau Tiga, Bio",Bangka Belitung,4.4,"https://www.google.com/maps/place/Pantai+Pulau+Tiga,+Bio/data=!4m7!3m6!1s0x2e225f6051d12aa3:0xf10eb017ba4d1166!8m2!3d-1.7583468!4d106.0899553!16s%2Fg%2F11c539nz_l!19sChIJoyrRUWBfIi4RZhFNuhewDvE?authuser=0&hl=en&rclk=1",-1.7583468,106.0899553,biasa,251.0,beach,gazebo,prayer room,rocks,coconut trees,,,,,,
Klara Beach Pesawaran Lampung,Lampung,4.4,https://www.google.com/maps/place/Klara+Beach+Pesawaran+Lampung/data=!4m7!3m6!1s0x2e412884e2b18a41:0xbdbde9a49735eb99!8m2!3d-5.5799026!4d105.2131419!16s%2Fg%2F11bc7pfmfz!19sChIJQYqx4oQoQS4Rmes1l6Tpvb0?authuser=0&hl=en&rclk=1,-5.5799026,105.2131419,biasa,3813.0,banana boat,beach cleanliness,coconut trees,photo spots,gazebo,,,,,,
Pantai Ketang,Lampung,4.4,https://www.google.com/maps/place/Pantai+Ketang/data=!4m7!3m6!1s0x2e41104703c24f89:0xb0e6257f62e1bbe5!8m2!3d-5.7113763!4d105.5682214!16s%2Fg%2F11b75dny23!19sChIJiU_CA0cQQS4R5bvhYn8l5rA?authuser=0&hl=en&rclk=1,-5.7113763,105.5682214,biasa,762.0,free beach,view of mount rajabasa,morning,free entry,photo spot,,,,,,
Pantai Pasir Putih Pitulua,Sulawesi Tenggara,4.4,https://www.google.com/maps/place/Pantai+Pasir+Putih+Pitulua/data=!4m7!3m6!1s0x2d96e1cdbc563665:0x15168173b9ef3fac!8m2!3d-3.5321483!4d120.8826968!16s%2Fg%2F11b6tcywfz!19sChIJZTZWvM3hli0RrD_vuXOBFhU?authuser=0&hl=en&rclk=1,-3.5321483,120.8826968,biasa,166.0,white sand 2,tourist location 3,clear water 2,nature 2,atmosphere 2,,,,,,
"Pantai Batu Payung, Kertasari Taliwang",Nusa Tenggara Barat,4.4,"https://www.google.com/maps/place/Pantai+Batu+Payung,+Kertasari+Taliwang/data=!4m7!3m6!1s0x2dcc5d12f27f3f0b:0x12905d4560a7ea24!8m2!3d-8.7265517!4d116.7710004!16s%2Fg%2F11c5_pzmwv!19sChIJCz9_8hJdzC0RJOqnYEVdkBI?authuser=0&hl=en&rclk=1",-8.7265517,116.7710004,biasa,35.0,surfing 2,Slbek Youu 4 reviews,Sean Garlic 4 reviews · 4 photos,Maskur Yono 2 reviews · 4 photos,hermansyah dh 1 review,,,,,,
Pantai Labuhanpade,Nusa Tenggara Barat,4.4,https://www.google.com/maps/place/Pantai+Labuhanpade/data=!4m7!3m6!1s0x2dcc08de52992cd9:0xf93c7fdf8de4b603!8m2!3d-8.3933!4d117.0990638!16s%2Fg%2F11f24wz1yg!19sChIJ2SyZUt4IzC0RA7bkjd9_PPk?authuser=0&hl=en&rclk=1,-8.3933,117.0990638,biasa,244.0,area 7,pulau bedil 2,banana boat 2,beachfront location 2,photo spot 2,,,,,,
Pantai torobulu,Sulawesi Tenggara,4.4,https://www.google.com/maps/place/Pantai+torobulu/data=!4m7!3m6!1s0x2da26545ddd42da1:0xa92ff880a84b491e!8m2!3d-4.4481101!4d122.4487578!16s%2Fg%2F11kk75gk6f!19sChIJoS3U3UVloi0RHklLqID4L6k?authuser=0&hl=en&rclk=1,-4.4481101,122.4487578,biasa,22.0,view 2,Acang Embun 7 reviews · 10 photos,kendari shopping 1 review · 5 photos,Inna Isj 3 reviews,Zul Fadly 1 review · 10 photos,,,,,,
WISATA TAMENDAO BEACH,Gorontalo,4.4,https://www.google.com/maps/place/WISATA+TAMENDAO+BEACH/data=!4m7!3m6!1s0x3278d59d67032543:0xeab266e8f8a9699b!8m2!3d0.5002305!4d123.0674662!16s%2Fg%2F11pk9z37rg!19sChIJQyUDZ53VeDIRm2mp-Ohmsuo?authuser=0&hl=en&rclk=1,0.5002305,123.0674662,biasa,862.0,,,,,,,,,,,
Pantai Tanjung Kramat,Gorontalo,4.4,https://www.google.com/maps/place/Pantai+Tanjung+Kramat/data=!4m7!3m6!1s0x3278d57010944fb1:0x1709094d4ecbabaa!8m2!3d0.4955779!4d123.0443574!16s%2Fg%2F11hbn67t3r!19sChIJsU-UEHDVeDIRqqvLTk0JCRc?authuser=0&hl=en&rclk=1,0.4955779,123.0443574,biasa,58.0,fishing spot,view,Taufik Aziz Djafar  reviews,isna isna nusi  review ·  photos,,,,,,,
Kurenai Beach Resort,Gorontalo,4.4,https://www.google.com/maps/place/Kurenai+Beach+Resort/data=!4m7!3m6!1s0x327f2ad07e638801:0x401779c988b96e41!8m2!3d0.478259!4d123.08986!16s%2Fg%2F11g8vp5txj!19sChIJAYhjftAqfzIRQW65iMl5F0A?authuser=0&hl=en&rclk=1,0.478259,123.08986,biasa,1574.0,sunset,white sand,beach cleanliness,beauty of the beach,shady trees,,,,,,
Wisata Pantai leato utara,Gorontalo,4.4,https://www.google.com/maps/place/Wisata+Pantai+leato+utara/data=!4m7!3m6!1s0x3278d5d45d875b47:0xa724659dd1f8aca8!8m2!3d0.5000639!4d123.0678258!16s%2Fg%2F11rdsmz375!19sChIJR1uHXdTVeDIRqKz40Z1lJKc?authuser=0&hl=en&rclk=1,0.5000639,123.0678258,biasa,7.0,shelmi habibie  reviews,berny romeo  reviews ·  photos,,,,,,,,,
Sulamadaha Beach,Maluku Utara,4.4,https://www.google.com/maps/place/Sulamadaha+Beach/data=!4m7!3m6!1s0x329cad09200274f9:0x64b606f612904124!8m2!3d0.8625545!4d127.3361518!16s%2Fg%2F1ptydqptx!19sChIJ-XQCIAmtnDIRJEGQEvYGtmQ?authuser=0&hl=en&rclk=1,0.8625545,127.3361518,biasa,533.0,Sulamadaha Beach 4,coconut 10,snorkel gear rental 5,snorkeling 41,coral reef 9,,,,,,
Pantai Karlen,Maluku Utara,4.4,https://www.google.com/maps/place/Pantai+Karlen/data=!4m7!3m6!1s0x329a5fd3789d1d5d:0x7ad2107bfeeef515!8m2!3d1.685985!4d128.0181788!16s%2Fg%2F11g6yqkt71!19sChIJXR2deNNfmjIRFfXu_nsQ0no?authuser=0&hl=en&rclk=1,1.685985,128.0181788,biasa,25.0,Messsi Lefaraaa 1 review · 1 photo,,,,,,,,,,
"Pantai Nongsa, Batam Kepri",Riau,4.4,"https://www.google.com/maps/place/Pantai+Nongsa,+Batam+Kepri/data=!4m7!3m6!1s0x31da271346eb3155:0xb13d0aeea45bdf37!8m2!3d1.1953919!4d104.0883723!16s%2Fg%2F11ry0ly1xr!19sChIJVTHrRhMn2jERN99bpO4KPbE?authuser=0&hl=en&rclk=1",1.1953919,104.0883723,biasa,1303.0,banana boat,crossing to putri island,prayer room,deep beach,scenery,,,,,,
Pantai Wisata Raja Kecik,Riau,4.4,https://www.google.com/maps/place/Pantai+Wisata+Raja+Kecik/data=!4m7!3m6!1s0x31d16b5e83a66d4f:0x7b07eb5ab382e85b!8m2!3d1.5320819!4d102.4163633!16s%2Fg%2F11q23fjxxt!19sChIJT22mg15r0TERW-iCs1rrB3s?authuser=0&hl=en&rclk=1,1.5320819,102.4163633,biasa,209.0,bridge,mangroves,sea view,new tourist location,family tourism,,,,,,
Pantai Ketam,Riau,4.4,https://www.google.com/maps/place/Pantai+Ketam/data=!4m7!3m6!1s0x31d751eca6eaab01:0x4b1e046c3681b275!8m2!3d1.0902555!4d103.3810001!16s%2Fg%2F11b88vt48d!19sChIJAavqpuxR1zERdbKBNmwEHks?authuser=0&hl=en&rclk=1,1.0902555,103.3810001,biasa,638.0,beach,gazebo,beach cleanliness,white sand,gently sloping beach,,,,,,
Pantai Katembe,Sulawesi Tenggara,4.4,https://www.google.com/maps/place/Pantai+Katembe/data=!4m7!3m6!1s0x2da3878b6c2afaf1:0x61ef6fd02033b90d!8m2!3d-5.4063177!4d122.5127077!16s%2Fg%2F11clwpjtcj!19sChIJ8foqbIuHoy0RDbkzINBv72E?authuser=0&hl=en&rclk=1,-5.4063177,122.5127077,biasa,0.0,,,,,,,,,,,
Pantai Cemara,Sulawesi Tenggara,4.4,https://www.google.com/maps/place/Pantai+Cemara/data=!4m7!3m6!1s0x2da136b6534c90d5:0x3ed0e1de921750c7!8m2!3d-5.2614874!4d123.5199772!16s%2Fg%2F11cnnzymb4!19sChIJ1ZBMU7Y2oS0Rx1AXkt7h0D4?authuser=0&hl=en&rclk=1,-5.2614874,123.5199772,biasa,473.0,dive center 5,blue sea view 2,white sand 9,diving 17,gazebo 2,,,,,,
Balad Beach,Nusa Tenggara Barat,4.4,https://www.google.com/maps/place/Balad+Beach/data=!4m7!3m6!1s0x2dcc5df0e7624bd3:0xff47e06f041c304b!8m2!3d-8.7653961!4d116.7936899!16s%2Fg%2F11gg6zc03f!19sChIJ00ti5_BdzC0RSzAcBG_gR_8?authuser=0&hl=en&rclk=1,-8.7653961,116.7936899,biasa,393.0,clean beach 19,banana boat 3,comfortable beach atmosphere 3,private beach 2,paragliding 2,,,,,,
Pantai Pasir Putih Lunyuk,Nusa Tenggara Barat,4.4,https://www.google.com/maps/place/Pantai+Pasir+Putih+Lunyuk/data=!4m7!3m6!1s0x2dcc9dd798979401:0xc7373ddc5fef8d2e!8m2!3d-9.0683928!4d117.1368201!16s%2Fg%2F11h9xndvrk!19sChIJAZSXmNedzC0RLo3vX9w9N8c?authuser=0&hl=en&rclk=1,-9.0683928,117.1368201,biasa,34.0,soft white sand 3,clean beach 2,Rizwandy GrogisX 12 reviews · 6 photos,Arif Pasadita 9 reviews · 7 photos,,,,,,,
Pantai Tg Kalian Muntok Bangka,Bangka Belitung,4.4,https://www.google.com/maps/place/Pantai+Tg+Kalian+Muntok+Bangka/data=!4m7!3m6!1s0x2e23677b849b94b9:0xd8ae914bf53935be!8m2!3d-2.0846895!4d105.1313841!16s%2Fg%2F11b7wn2_xy!19sChIJuZSbhHtnIy4RvjU59UuRrtg?authuser=0&hl=en&rclk=1,-2.0846895,105.1313841,biasa,179.0,shipwreck,light house,historical,tidy place,natural charm,,,,,,
Pantai Batu Dinding Belinyu Bangka,Bangka Belitung,4.4,https://www.google.com/maps/place/Pantai+Batu+Dinding+Belinyu+Bangka/data=!4m7!3m6!1s0x2e23ada084542649:0x8371d22892e424d8!8m2!3d-1.6307453!4d105.7386127!16s%2Fg%2F11c1q7nvxn!19sChIJSSZUhKCtIy4R2CTkkijScYM?authuser=0&hl=en&rclk=1,-1.6307453,105.7386127,biasa,768.0,granite,rock view,tin mining boats,fish pier,clean beach,,,,,,
Pantai Trikora 4,Riau,4.4,https://www.google.com/maps/place/Pantai+Trikora+4/data=!4m7!3m6!1s0x31d96199215a6063:0x6a3c1c207c7d6a4e!8m2!3d1.1414438!4d104.5855911!16s%2Fg%2F11dy_h4dxy!19sChIJY2BaIZlh2TERTmp9fCAcPGo?authuser=0&hl=en&rclk=1,1.1414438,104.5855911,biasa,630.0,Pantai Trikora,clear sea water,small waves,white sand,gentle beach,,,,,,
Pantai Floren,Riau,4.4,https://www.google.com/maps/place/Pantai+Floren/data=!4m7!3m6!1s0x31da27594b44133f:0xe4d458d04754b7e!8m2!3d1.1944984!4d104.0912306!16s%2Fg%2F11rzrgg81p!19sChIJPxNES1kn2jERfkt1BI1FTQ4?authuser=0&hl=en&rclk=1,1.1944984,104.0912306,biasa,69.0,beach,beach cleanliness,white sand,sunset,camping,,,,,,
Pantai Indah Kalasey,Sulawesi Utara,4.4,https://www.google.com/maps/place/Pantai+Indah+Kalasey/data=!4m7!3m6!1s0x328776a27609c03f:0x973fa2ea93d0592f!8m2!3d1.4576317!4d124.7682625!16s%2Fg%2F11g8p8_6v5!19sChIJP8AJdqJ2hzIRL1nQk-qiP5c?authuser=0&hl=en&rclk=1,1.4576317,124.7682625,biasa,198.0,garden party,wedding,lush place,scenery,clean place,,,,,,
Pantai Istana Amal Penajam,Kalimantan Timur,4.4,https://www.google.com/maps/place/Pantai+Istana+Amal+Penajam/data=!4m7!3m6!1s0x2df1399ac5d84c93:0x1860b4088127146!8m2!3d-1.2715376!4d116.7656118!16s%2Fg%2F11j6qzqxsf!19sChIJk0zYxZo58S0RRnESiEALhgE?authuser=0&hl=en&rclk=1,-1.2715376,116.7656118,biasa,1392.0,area,prayer room,beach cleanliness,gazebo,beach atmosphere,,,,,,
Pantai Melayu,Kepulauan Riau,4.4,https://www.google.com/maps/place/Pantai+Melayu/data=!4m7!3m6!1s0x31d9a3d84df3fcf3:0xc77330b00cf29e74!8m2!3d0.856606!4d104.1460206!16s%2Fg%2F11rws9nnkl!19sChIJ8_zzTdij2TERdJ7yDLAwc8c?authuser=0&hl=en&rclk=1,0.856606,104.1460206,biasa,1041.0,area,banana boat,prayer room,shady,many shady trees,,,,,,
PANTAI AURDURI,Jambi,4.4,https://www.google.com/maps/place/PANTAI+AURDURI/data=!4m7!3m6!1s0x2e2589e461092281:0x696926f44b6796f2!8m2!3d-1.5695936!4d103.5516904!16s%2Fg%2F11gj4gyym3!19sChIJgSIJYeSJJS4R8pZnS_QmaWk?authuser=0&hl=en&rclk=1,-1.5695936,103.5516904,biasa,152.0,river,sand expanse,dry season,photo spots,hangout spot,,,,,,
Pantai Panjang Bengkulu,Bengkulu,4.4,https://www.google.com/maps/place/Pantai+Panjang+Bengkulu/data=!4m7!3m6!1s0x2e36ba980f1c23ed:0xc3299f0206b24ca3!8m2!3d-3.8085034!4d102.262839!16s%2Fg%2F12ht1lx39!19sChIJ7SMcD5i6Ni4Ro0yyBgKfKcM?authuser=0&hl=en&rclk=1,-3.8085034,102.262839,biasa,388.0,Panjang Beach,big waves,free entry,playing in the water,white sand,,,,,,
Pantai Leato Selatan,Gorontalo,4.4,https://www.google.com/maps/place/Pantai+Leato+Selatan/data=!4m7!3m6!1s0x3278d54d229d4405:0xd5882558fdcd9740!8m2!3d0.4915004!4d123.0784076!16s%2Fg%2F11fntw0j77!19sChIJBUSdIk3VeDIRQJfN_VgliNU?authuser=0&hl=en&rclk=1,0.4915004,123.0784076,biasa,58.0,white sand,sunset,sand,meysi djafar  review ·  photo,Khoiru Ulul Azmi  reviews ·  photos,,,,,,
Pantai Botutonuo,Gorontalo,4.4,https://www.google.com/maps/place/Pantai+Botutonuo/data=!4m7!3m6!1s0x327f2b41027fd665:0xdabb907a65aa3174!8m2!3d0.4469501!4d123.1259472!16s%2Fg%2F11bwf6yjx5!19sChIJZdZ_AkErfzIRdDGqZXqQu9o?authuser=0&hl=en&rclk=1,0.4469501,123.1259472,biasa,789.0,sunset,beach cleanliness,rocky beach,gazebo,coconut,,,,,,
Taman Lahilote,Gorontalo,4.4,https://www.google.com/maps/place/Taman+Lahilote/data=!4m7!3m6!1s0x32792b6ab29587d7:0x9e1d515944e9c08!8m2!3d0.5519297!4d123.0555861!16s%2Fg%2F11by__8r2y!19sChIJ14eVsmoreTIRCJxOlBXV4Qk?authuser=0&hl=en&rclk=1,0.5519297,123.0555861,biasa,330.0,sports facilities,easy to find,socializing,strategic location,running,,,,,,
Pantai Ratu,Gorontalo,4.4,https://www.google.com/maps/place/Pantai+Ratu/data=!4m7!3m6!1s0x3278fe289a8da249:0x8a211ed2694be868!8m2!3d0.5054229!4d122.4126164!16s%2Fg%2F11fzbkjjf8!19sChIJSaKNmij-eDIRaOhLadIeIYo?authuser=0&hl=en&rclk=1,0.5054229,122.4126164,biasa,406.0,white sand,mangroves,sunset,beach cleanliness,beauty of the beach,,,,,,
Pantai Lito Mohinggito,Gorontalo,4.4,https://www.google.com/maps/place/Pantai+Lito+Mohinggito/data=!4m7!3m6!1s0x32795b1099c857e3:0x9059a1c667419daf!8m2!3d0.9250021!4d122.8767918!16s%2Fg%2F11rgg222x7!19sChIJ41fImRBbeTIRr51BZ8ahWZA?authuser=0&hl=en&rclk=1,0.9250021,122.8767918,biasa,22.0,white sand,entrance fee,fee,beach,facilities,,,,,,
Penyabong Beach,Bangka Belitung,4.4,https://www.google.com/maps/place/Penyabong+Beach/data=!4m7!3m6!1s0x2e16eaea22792319:0x4c0dd823f4fbd9ca!8m2!3d-3.2385128!4d107.6402168!16s%2Fg%2F11b7ldmwlb!19sChIJGSN5IurqFi4Rytn79CPYDUw?authuser=0&hl=en&rclk=1,-3.2385128,107.6402168,biasa,735.0,jetty,surau,keropok lekor,chalet,fried fish,,,,,,
Tanjung Pesona Beach,Bangka Belitung,4.4,https://www.google.com/maps/place/Tanjung+Pesona+Beach/data=!4m7!3m6!1s0x2e228d266458907d:0xec26572cc3b7be26!8m2!3d-1.8760552!4d106.1717633!16s%2Fg%2F1q5ghpfbv!19sChIJfZBYZCaNIi4RJr63wyxXJuw?authuser=0&hl=en&rclk=1,-1.8760552,106.1717633,biasa,288.0,photo spots,full beach,blue sea,room,area,,,,,,
Pantai Tongaci,Bangka Belitung,4.4,https://www.google.com/maps/place/Pantai+Tongaci/data=!4m7!3m6!1s0x2e22f482ec33604f:0xa22eec0d016d7b!8m2!3d-1.8336792!4d106.1221837!16s%2Fg%2F11bwm3xjfm!19sChIJT2Az7IL0Ii4Re20BDewuogA?authuser=0&hl=en&rclk=1,-1.8336792,106.1221837,biasa,3923.0,sea turtle,turtle sanctuary,photo spots,entrance fee,turtle breeding ground,,,,,,
Pantai Pasir Mayang,Kalimantan Barat,4.4,https://www.google.com/maps/place/Pantai+Pasir+Mayang/data=!4m7!3m6!1s0x2e049831e53202d3:0x72f090be9138be4d!8m2!3d-1.2747618!4d109.9914875!16s%2Fg%2F11c5wl4n08!19sChIJ0wIy5TGYBC4RTb44kb6Q8HI?authuser=0&hl=en&rclk=1,-1.2747618,109.9914875,biasa,220.0,children's swimming pool,beach atmosphere,clean beach,freshwater swimming pool,private beach,,,,,,
Pantai Tengkuyung,Kalimantan Barat,4.4,https://www.google.com/maps/place/Pantai+Tengkuyung/data=!4m7!3m6!1s0x2e1d1fd37e7c1a03:0x50e1ff8aabbd53a!8m2!3d-0.5636156!4d109.1430652!16s%2Fg%2F11f3y1xmfs!19sChIJAxp8ftMfHS4ROtW7qvgfDgU?authuser=0&hl=en&rclk=1,-0.5636156,109.1430652,biasa,30.0,infrastructure,Farul Cenna  review,adrian adrian  reviews ·  photos,is kandar  reviews ·  photos,Revan  reviews ·  photos,,,,,,
Mandala Ria Beach,Sulawesi Selatan,4.4,https://www.google.com/maps/place/Mandala+Ria+Beach/data=!4m7!3m6!1s0x2dbc0a1009d360f9:0x14cc3836f78155c8!8m2!3d-5.5200583!4d120.4473083!16s%2Fg%2F11f3p1n452!19sChIJ-WDTCRAKvC0RyFWB9zY4zBQ?authuser=0&hl=en&rclk=1,-5.5200583,120.4473083,biasa,336.0,shipbuilding,white sand,phinisi boat building,sunrise,private beach,,,,,,
"Pantai Merdeka, Simpang Empat",Kalimantan Barat,4.4,"https://www.google.com/maps/place/Pantai+Merdeka,+Simpang+Empat/data=!4m7!3m6!1s0x31e4e8bc81fc1853:0xd586d110261f1e1b!8m2!3d1.5725352!4d109.1107295!16s%2Fg%2F11f2wlp1vh!19sChIJUxj8gbzo5DERGx4fJhDRhtU?authuser=0&hl=en&rclk=1",1.5725352,109.1107295,biasa,22.0,budy fever  reviews ·  photos,Robet Onymos  review ·  photos,Rizki Heriyanto  review ·  photos,,,,,,,,
Pantai Belitang,Sumatera Selatan,4.4,https://www.google.com/maps/place/Pantai+Belitang/data=!4m7!3m6!1s0x2e3913f0ace13225:0x2bfdd5465f25b570!8m2!3d-3.9752246!4d104.5344592!16s%2Fg%2F11vhj0hnmp!19sChIJJTLhrPATOS4RcLUlX0bV_Ss?authuser=0&hl=en&rclk=1,-3.9752246,104.5344592,biasa,5.0,,,,,,,,,,,
Pantai Goa Landak,Nusa Tenggara Barat,4.4,https://www.google.com/maps/place/Pantai+Goa+Landak/data=!4m7!3m6!1s0x2dcd97d1214101bd:0x269aef55226ec2ce!8m2!3d-8.719929!4d116.0326557!16s%2Fg%2F11c2pb3z87!19sChIJvQFBIdGXzS0RzsJuIlXvmiY?authuser=0&hl=en&rclk=1,-8.719929,116.0326557,biasa,157.0,beach 17,seaview 4,coral hill 2,pura goa landak 2,white sand 3,,,,,,
Pantai Mali,Nusa Tenggara Timur,4.4,https://www.google.com/maps/place/Pantai+Mali/data=!4m7!3m6!1s0x2d0080d3c09ff77d:0x84e1ed0e0deae8!8m2!3d-8.146273!4d124.5929777!16s%2Fg%2F11dfjylwqs!19sChIJffefwNOAAC0R6OoNDu3hhAA?authuser=0&hl=en&rclk=1,-8.146273,124.5929777,biasa,201.0,dugong 8,white sand 5,beach cleanliness 5,view 2,quiet beach 4,,,,,,
Pantai Oesina,Nusa Tenggara Timur,4.4,https://www.google.com/maps/place/Pantai+Oesina/data=!4m7!3m6!1s0x2c56966d8a93d597:0xf5467a462c93b13d!8m2!3d-10.3383403!4d123.4648584!16s%2Fg%2F11fxf0644z!19sChIJl9WTim2WViwRPbGTLEZ6RvU?authuser=0&hl=en&rclk=1,-10.3383403,123.4648584,biasa,642.0,beach 32,seaweed 10,white sand 13,beach cleanliness 12,sunset 20,,,,,,
Tanjung Pero Beach,Sulawesi Selatan,4.4,https://www.google.com/maps/place/Tanjung+Pero+Beach/data=!4m7!3m6!1s0x2dbc2d84595bf7cd:0x41be599bbea990de!8m2!3d-4.9696934!4d120.3024357!16s%2Fg%2F11p3wc9t7c!19sChIJzfdbWYQtvC0R3pCpvptZvkE?authuser=0&hl=en&rclk=1,-4.9696934,120.3024357,biasa,50.0,sea atmosphere,camping,comfort,beach,Saifuladrian  reviews ·  photos,,,,,,
Tongaci Beach,Bangka Belitung,4.4,https://www.google.com/maps/place/Tongaci+Beach/data=!4m7!3m6!1s0x2e22f482c806127f:0xc27ae9378365d430!8m2!3d-1.83357!4d106.121966!16s%2Fg%2F11c47yk73g!19sChIJfxIGyIL0Ii4RMNRlgzfpesI?authuser=0&hl=en&rclk=1,-1.83357,106.121966,biasa,3923.0,sea turtle,turtle sanctuary,photo spots,entrance fee,turtle breeding ground,,,,,,
Pantai Tanjung Kerasak Bangka Selatan,Bangka Belitung,4.4,https://www.google.com/maps/place/Pantai+Tanjung+Kerasak+Bangka+Selatan/data=!4m7!3m6!1s0x2e1631ec46d5a99f:0xa5d5a961475545e3!8m2!3d-3.0564189!4d106.7428244!16s%2Fg%2F11cs6b7hqy!19sChIJn6nVRuwxFi4R40VVR2Gp1aU?authuser=0&hl=en&rclk=1,-3.0564189,106.7428244,biasa,572.0,access to the beach,solar eclipse museum,museum,white sand,photo spots,,,,,,
Pantai Tikus Emas,Bangka Belitung,4.4,https://www.google.com/maps/place/Pantai+Tikus+Emas/data=!4m7!3m6!1s0x2e228d3952a5c399:0x6220ec7874def469!8m2!3d-1.886576!4d106.1756851!16s%2Fg%2F11b_1sg8p3!19sChIJmcOlUjmNIi4RafTedHjsIGI?authuser=0&hl=en&rclk=1,-1.886576,106.1756851,biasa,3306.0,banana boat,area,white sand,flying fox,pine,,,,,,
Wisata Bahari Pantai Jikumerasa,Pulau Buru,4.4,https://www.google.com/maps/place/Wisata+Bahari+Pantai+Jikumerasa/data=!4m7!3m6!1s0x2d7216c68b3a0211:0xd839f0e6dcacbcd3!8m2!3d-3.1661664!4d127.0264159!16s%2Fg%2F11btxgy226!19sChIJEQI6i8YWci0R07ys3ObwOdg?authuser=0&hl=en&rclk=1,-3.1661664,127.0264159,biasa,74.0,sand 4,recreation 3,,,,,,,,,
Wisata Pantai Masnana,Pulau Buru,4.4,https://www.google.com/maps/place/Wisata+Pantai+Masnana/data=!4m7!3m6!1s0x2d72ddc1cf9d0ec7:0x8d201a0d68ebf108!8m2!3d-3.8525994!4d126.7408173!16s%2Fg%2F11ns4w3b2f!19sChIJxw6dz8Hdci0RCPHraA0aII0?authuser=0&hl=en&rclk=1,-3.8525994,126.7408173,biasa,21.0,scenery 2,playing soccer 2,wide 2,beach 2,Shilman Awk 3 reviews · 3 photos,,,,,,
Water Sport Objek Wisata Pantai Molotabu,Gorontalo,4.4,https://www.google.com/maps/place/Water+Sport+Objek+Wisata+Pantai+Molotabu/data=!4m7!3m6!1s0x327f2b87735eb2e1:0x98da829d957feef9!8m2!3d0.4412439!4d123.1319708!16s%2Fg%2F11c2p_hwj4!19sChIJ4bJec4crfzIR-e5_lZ2C2pg?authuser=0&hl=en&rclk=1,0.4412439,123.1319708,biasa,77.0,beach,rock,Sang Pejuang merah putih  reviews,Sakura Osamu  reviews ·  photos,,,,,,,
Pantai Pasir Putih Pinomontiga,Gorontalo,4.4,https://www.google.com/maps/place/Pantai+Pasir+Putih+Pinomontiga/data=!4m7!3m6!1s0x327f3084e7965f9f:0xa30ebdfb97137db9!8m2!3d0.3381391!4d123.2509542!16s%2Fg%2F11h9rdy6jn!19sChIJn1-W54QwfzIRuX0Tl_u9DqM?authuser=0&hl=en&rclk=1,0.3381391,123.2509542,biasa,23.0,Erpa Inombi Eva  reviews ·  photos,Andreas Munu  reviews,Nur baiti Mobia  reviews,,,,,,,,
Pantai Kayubulan,Gorontalo,4.4,https://www.google.com/maps/place/Pantai+Kayubulan/data=!4m7!3m6!1s0x3278d5ef8b7f7eab:0x8453ff70f2e78865!8m2!3d0.4953823!4d123.0004346!16s%2Fg%2F11f4m2f4pc!19sChIJq35_i-_VeDIRZYjn8nD_U4Q?authuser=0&hl=en&rclk=1,0.4953823,123.0004346,biasa,62.0,beach,birth place,star,Nabila Balu  reviews,Eman Pordiansah  review ·  photos,,,,,,
Pantai Borneo Beach Jorong,Kalimantan Selatan,4.4,https://www.google.com/maps/place/Pantai+Borneo+Beach+Jorong/data=!4m7!3m6!1s0x2de7ab2719557a8f:0xaf4a6bc17f11235e!8m2!3d-4.0283757!4d114.9482081!16s%2Fg%2F11ksrshsyt!19sChIJj3pVGSer5y0RXiMRf8FrSq8?authuser=0&hl=en&rclk=1,-4.0283757,114.9482081,biasa,225.0,gazebo,beach cleanliness,glamping,food court,prayer room,,,,,,
Pantai puting belayung,Kalimantan Selatan,4.4,https://www.google.com/maps/place/Pantai+puting+belayung/data=!4m7!3m6!1s0x2de6e3fdf13704e3:0x6683906d5eba3406!8m2!3d-3.929871!4d114.619698!16s%2Fg%2F11gcnlfrjq!19sChIJ4wQ38f3j5i0RBjS6Xm2Qg2Y?authuser=0&hl=en&rclk=1,-3.929871,114.619698,biasa,9.0,Dayrin el fishing  reviews ·  photos,Abang joker  review,riyani zainal  reviews ·  photo,Slamet wkwk  review ·  photos,,,,,,,
Objek Wisata Teluk Jagung Kotabaru kalimantan selatan,Kalimantan Selatan,4.4,https://www.google.com/maps/place/Objek+Wisata+Teluk+Jagung+Kotabaru+kalimantan+selatan/data=!4m7!3m6!1s0x2de85e1db33f4421:0x6353898bc85718a7!8m2!3d-4.0121241!4d116.0441637!16s%2Fg%2F11dz1xyrtz!19sChIJIUQ_sx1e6C0RpxhXyIuJU2M?authuser=0&hl=en&rclk=1,-4.0121241,116.0441637,biasa,160.0,beach,gazebo,beach cleanliness,rocks,sunset,,,,,,
Pantai Tanah Merah Tanjung Harapan,Kalimantan Timur,4.4,https://www.google.com/maps/place/Pantai+Tanah+Merah+Tanjung+Harapan/data=!4m7!3m6!1s0x2df6ab735b908dff:0x774f7840679eb1aa!8m2!3d-1.0491887!4d117.1017607!16s%2Fg%2F11b7c8mp3p!19sChIJ_42QW3Or9i0RqrGeZ0B4T3c?authuser=0&hl=en&rclk=1,-1.0491887,117.1017607,biasa,1839.0,shade trees,for camping,scenery,prayer room,clean beach,,,,,,
Bogam Gulf Beach,Kalimantan Tengah,4.4,https://www.google.com/maps/place/Bogam+Gulf+Beach/data=!4m7!3m6!1s0x2e0919e86c6d145f:0xa671d806b4ebec40!8m2!3d-3.0153396!4d111.5516618!16s%2Fg%2F11c1ttxynm!19sChIJXxRtbOgZCS4RQOzrtAbYcaY?authuser=0&hl=en&rclk=1,-3.0153396,111.5516618,biasa,439.0,sunset,clean beach,white sand,bogam beach,sunrise,,,,,,
Gaul Beach,Kalimantan Tengah,4.4,https://www.google.com/maps/place/Gaul+Beach/data=!4m7!3m6!1s0x2de2112ba2f54811:0x466d34e740b487aa!8m2!3d-3.2789818!4d112.848088!16s%2Fg%2F11qqf8vcm7!19sChIJEUj1oisR4i0Rqoe0QOc0bUY?authuser=0&hl=en&rclk=1,-3.2789818,112.848088,biasa,46.0,photo spots,cleanliness,view,beach,,,,,,,
Liang Bala Beach,Nusa Tenggara Timur,4.4,https://www.google.com/maps/place/Liang+Bala+Beach/data=!4m7!3m6!1s0x2db315e75677e285:0x354356eaec1940a3!8m2!3d-8.8350473!4d120.6138768!16s%2Fg%2F11f5dgscjg!19sChIJheJ3VucVsy0Ro0AZ7OpWQzU?authuser=0&hl=en&rclk=1,-8.8350473,120.6138768,biasa,66.0,cave 4,white sand 9,family camping 2,close to the city 2,road access 2,,,,,,
Pantai NangaLala Ende,Nusa Tenggara Timur,4.4,https://www.google.com/maps/place/Pantai+NangaLala+Ende/data=!4m7!3m6!1s0x2db2a1a2713ebb5f:0x8926c5ef029ef6e!8m2!3d-8.8001932!4d121.5602472!16s%2Fg%2F11gdk_1r75!19sChIJX7s-caKhsi0Rbu8p8F5skgg?authuser=0&hl=en&rclk=1,-8.8001932,121.5602472,biasa,41.0,albert ab 3 reviews · 7 photos,,,,,,,,,,
Pantai Biru,Sumatera Selatan,4.4,https://www.google.com/maps/place/Pantai+Biru/data=!4m7!3m6!1s0x2e2d25f8ffbb069b:0xd3460467ef75d61d!8m2!3d-1.8989821!4d100.8507066!16s%2Fg%2F11rv3064gk!19sChIJmwa7__glLS4RHdZ172cERtM?authuser=0&hl=en&rclk=1,-1.8989821,100.8507066,biasa,1385.0,gazebo,beach cleanliness,banana boat,gazebo rental,mosque,,,,,,
Pantai Wisata Pasir Ganting,Sumatera Selatan,4.4,https://www.google.com/maps/place/Pantai+Wisata+Pasir+Ganting/data=!4m7!3m6!1s0x2e2d3be4d9ea4357:0x9a1c533ff7cc4518!8m2!3d-2.02232!4d100.8777864!16s%2Fg%2F11f3s4k39w!19sChIJV0Pq2eQ7LS4RGEXM9z9THJo?authuser=0&hl=en&rclk=1,-2.02232,100.8777864,biasa,37.0,,,,,,,,,,,
Pantai Tenda Biru,Kalimantan Barat,4.4,https://www.google.com/maps/place/Pantai+Tenda+Biru/data=!4m7!3m6!1s0x31e4ddf33700987b:0x8ab3e8ab01c9593b!8m2!3d1.6173778!4d109.1937362!16s%2Fg%2F11sfvh03_0!19sChIJe5gAN_Pd5DERO1nJAavos4o?authuser=0&hl=en&rclk=1,1.6173778,109.1937362,biasa,34.0,Budhy Amiarso  reviews,,,,,,,,,,
Lentera Merah Beach,Bengkulu,4.4,https://www.google.com/maps/place/Lentera+Merah+Beach/data=!4m7!3m6!1s0x2e36bc9b7eb879cb:0xb1ee0b9656e67292!8m2!3d-3.8982971!4d102.2788642!16s%2Fg%2F11cn3t7bz_!19sChIJy3m4fpu8Ni4RknLmVpYL7rE?authuser=0&hl=en&rclk=1,-3.8982971,102.2788642,biasa,312.0,fishing,fishing spot,red lantern,red lantern beach,secluded location,,,,,,
Pantai Tapak Paderi,Bengkulu,4.4,https://www.google.com/maps/place/Pantai+Tapak+Paderi/data=!4m7!3m6!1s0x2e36afd66f58d72f:0x2b0fbbf390cdfbda!8m2!3d-3.7849049!4d102.2534603!16s%2Fg%2F11cn_j3cty!19sChIJL9dYb9avNi4R2vvNkPO7Dys?authuser=0&hl=en&rclk=1,-3.7849049,102.2534603,biasa,458.0,sunset,beginner surfing,clean beach,long coastline,relaxing atmosphere,,,,,,
pantai talise,Sulawesi Tengah,4.4,https://www.google.com/maps/place/pantai+talise/data=!4m7!3m6!1s0x2d8bedfdc2c240b9:0x3f524a53b5678792!8m2!3d-0.8553425!4d119.8787667!16s%2Fg%2F11tn0mspqz!19sChIJuUDCwv3tiy0RkodntVNKUj8?authuser=0&hl=en&rclk=1,-0.8553425,119.8787667,biasa,44.0,hangout spot,beach atmosphere,swimming,cafe,Beautiful,,,,,,
Pantai Yeh Gangga,Bali,4.4,https://www.google.com/maps/place/Pantai+Yeh+Gangga/data=!4m7!3m6!1s0x2dd23738397832e5:0x3825e71b720cf6f5!8m2!3d-8.5922388!4d115.0695354!16s%2Fg%2F11bv30mpff!19sChIJ5TJ4OTg30i0R9fYMchvnJTg?authuser=0&hl=en&rclk=1,-8.5922388,115.0695354,biasa,1320.0,warung 27,beauty of the beach 14,black sand beach 6,surfing 21,tipat cantok 3,,,,,,
Pantai Kelating,Bali,4.4,https://www.google.com/maps/place/Pantai+Kelating/data=!4m7!3m6!1s0x2dd2372cd328b009:0xbdc6df53e5522a70!8m2!3d-8.5791106!4d115.0559311!16s%2Fg%2F1pzrbn125!19sChIJCbAo0yw30i0RcCpS5VPfxr0?authuser=0&hl=en&rclk=1,-8.5791106,115.0559311,biasa,575.0,black sand beach 10,bat cave 3,atvs 3,wide sand 3,caves 4,,,,,,
Pantai Cucukan BALI TS,Bali,4.4,https://www.google.com/maps/place/Pantai+Cucukan+BALI+TS/data=!4m7!3m6!1s0x2dd214436f917399:0xe7c4142b086532d6!8m2!3d-8.5883123!4d115.3497462!16s%2Fg%2F11c0xnj1sd!19sChIJmXORb0MU0i0R1jJlCCsUxOc?authuser=0&hl=en&rclk=1,-8.5883123,115.3497462,biasa,117.0,coral 2,sea view 2,family spot 2,villas 2,entrance fee 2,,,,,,
Pantai Paserputih,Pulau Buru,4.4,https://www.google.com/maps/place/Pantai+Paserputih/data=!4m7!3m6!1s0x2d72172baf48600d:0xa311ab234c8050ee!8m2!3d-3.1691545!4d127.0269014!16s%2Fg%2F11llhk2c01!19sChIJDWBIrysXci0R7lCATCOrEaM?authuser=0&hl=en&rclk=1,-3.1691545,127.0269014,biasa,13.0,white sand 2,cleanliness 2,sand 2,,,,,,,,
Pantai Kaluku,Sulawesi Tengah,4.4,https://www.google.com/maps/place/Pantai+Kaluku/data=!4m7!3m6!1s0x2d8bbbe9d125d127:0x82bbe5f0392baabe!8m2!3d-0.7033762!4d119.6842912!16s%2Fg%2F11c44zbb66!19sChIJJ9El0em7iy0RvqorOfDlu4I?authuser=0&hl=en&rclk=1,-0.7033762,119.6842912,biasa,256.0,coconut,gazebo,pretty cottages,sea sand,white sand,,,,,,
Pusat Laut Donggala,Sulawesi Tengah,4.4,https://www.google.com/maps/place/Pusat+Laut+Donggala/data=!4m7!3m6!1s0x2d8bbb91647d205f:0x7dcd04772e66efbc!8m2!3d-0.7096954!4d119.6668974!16s%2Fg%2F11ckvv5fyj!19sChIJXyB9ZJG7iy0RvO9mLncEzX0?authuser=0&hl=en&rclk=1,-0.7096954,119.6668974,biasa,580.0,well,gazebo,donggala,viewing tower,white sand,,,,,,
Pantai siw’one,Sulawesi Tengah,4.4,https://www.google.com/maps/place/Pantai+siw%E2%80%99one/data=!4m7!3m6!1s0x2d9a8de1389caf1b:0x22727b5434e9910a!8m2!3d-2.5175303!4d121.9581335!16s%2Fg%2F11m_gfsq95!19sChIJG6-cOOGNmi0RCpHpNFR7ciI?authuser=0&hl=en&rclk=1,-2.5175303,121.9581335,biasa,35.0,beach,coconut,seller,recreation,JULKER NAEEM  reviews ·  photos,,,,,,
Madale Beach,Sulawesi Tengah,4.4,https://www.google.com/maps/place/Madale+Beach/data=!4m7!3m6!1s0x2d8ee138cd00480f:0x754e4cbc16a10640!8m2!3d-1.3546551!4d120.8210086!16s%2Fg%2F11c1v1b8kk!19sChIJD0gAzTjhji0RQAahFrxMTnU?authuser=0&hl=en&rclk=1,-1.3546551,120.8210086,biasa,5.0,,,,,,,,,,,
Pantai Kualo Bengkulu,Bengkulu,4.4,https://www.google.com/maps/place/Pantai+Kualo+Bengkulu/data=!4m7!3m6!1s0x2e36b02d25555555:0xdc14df007c8aea5f!8m2!3d-3.7800021!4d102.2615623!16s%2Fg%2F11gglmwvqp!19sChIJVVVVJS2wNi4RX-qKfADfFNw?authuser=0&hl=en&rclk=1,-3.7800021,102.2615623,biasa,70.0,beach,hangout spot,bathe,play,sand,,,,,,
Pantai Teluk Sepang,Bengkulu,4.4,https://www.google.com/maps/place/Pantai+Teluk+Sepang/data=!4m7!3m6!1s0x2e36bd1f72a2a627:0xcde8909e56944ab1!8m2!3d-3.9398918!4d102.2790261!16s%2Fg%2F11hbnz4nj8!19sChIJJ6aich-9Ni4RsUqUVp6Q6M0?authuser=0&hl=en&rclk=1,-3.9398918,102.2790261,biasa,99.0,waves,white sand,quiet atmosphere,spacious,City center,,,,,,
Pero Beach,Nusa Tenggara Timur,4.4,https://www.google.com/maps/place/Pero+Beach/data=!4m7!3m6!1s0x2c4abe45d1c3292d:0xa44174accca7ddfa!8m2!3d-9.6073407!4d118.9853512!16s%2Fg%2F11bz_03g4k!19sChIJLSnD0UW-SiwR-t2nzKx0QaQ?authuser=0&hl=en&rclk=1,-9.6073407,118.9853512,biasa,292.0,,,,,,,,,,,
Pantai Marumasa,Sulawesi Selatan,4.4,https://www.google.com/maps/place/Pantai+Marumasa/data=!4m7!3m6!1s0x2dbbf4480787b96b:0xcde001b5fdc36971!8m2!3d-5.5753658!4d120.4593842!16s%2Fg%2F11bw1prn_0!19sChIJa7mHB0j0uy0RcWnD_bUB4M0?authuser=0&hl=en&rclk=1,-5.5753658,120.4593842,biasa,507.0,cliff,beach,white sand,beach cleanliness,clear beach water,,,,,,
Kasuso,Sulawesi Selatan,4.4,https://www.google.com/maps/place/Kasuso/data=!4m7!3m6!1s0x2dbbf5d1befbc613:0x6869705bdc29f2d!8m2!3d-5.5610113!4d120.4456342!16s%2Fg%2F11b7trcw6g!19sChIJE8b7vtH1uy0RLZ_CvQWXhgY?authuser=0&hl=en&rclk=1,-5.5610113,120.4456342,biasa,218.0,reef,fishing beach,white sand,large rock,good photo spots,,,,,,
Pantai Katubiri,Sulawesi Selatan,4.4,https://www.google.com/maps/place/Pantai+Katubiri/data=!4m7!3m6!1s0x2db92ccc0c5b18e7:0x8e2946f577284db9!8m2!3d-5.5840981!4d119.5402559!16s%2Fg%2F11c5sfpgg_!19sChIJ5xhbDMwsuS0RuU0od_VGKY4?authuser=0&hl=en&rclk=1,-5.5840981,119.5402559,biasa,34.0,sunset,Andi Karmak official  review ·  photos,Citra Cita A. Wijaya  review ·  photo,Rhezz Gaming  reviews ·  photos,muhammad ipul  reviews ·  photos,,,,,,
Pantai Warna Kota Kupang NTT,Nusa Tenggara Timur,4.4,https://www.google.com/maps/place/Pantai+Warna+Kota+Kupang+NTT/data=!4m7!3m6!1s0x2c569b9874a0ed6d:0x9f9d8347194960a2!8m2!3d-10.1424452!4d123.653825!16s%2Fg%2F11g4jhcj__!19sChIJbe2gdJibViwRomBJGUeDnZ8?authuser=0&hl=en&rclk=1,-10.1424452,123.653825,biasa,50.0,coast 4,polychrome 2,hangout spot 2,surface 2,cleanliness 3,,,,,,
Pasir Putih Atapupu Beach,Nusa Tenggara Timur,4.4,https://www.google.com/maps/place/Pasir+Putih+Atapupu+Beach/data=!4m7!3m6!1s0x2cffc1824602880f:0x3f955ffc6f138f8d!8m2!3d-8.9725527!4d124.9044855!16s%2Fg%2F11csqrxbgd!19sChIJD4gCRoLB_ywRjY8Tb_xflT8?authuser=0&hl=en&rclk=1,-8.9725527,124.9044855,biasa,250.0,mangrove 6,white sand 8,beach cleanliness 8,brown sand 2,family entertainment 6,,,,,,
Nipah Katingan Beach,Kalimantan Tengah,4.4,https://www.google.com/maps/place/Nipah+Katingan+Beach/data=!4m7!3m6!1s0x2de237f90899aceb:0xe61214180e09a325!8m2!3d-3.201334!4d113.282286!16s%2Fg%2F11hzpjwh1z!19sChIJ66yZCPk34i0RJaMJDhgUEuY?authuser=0&hl=en&rclk=1,-3.201334,113.282286,biasa,6.0,Herry Shama  reviews,Khusus Jual  review,,,,,,,,,
Pantai Saputra,Kalimantan Tengah,4.4,https://www.google.com/maps/place/Pantai+Saputra/data=!4m7!3m6!1s0x2e091f001ea1ed63:0xac101dea75839dd0!8m2!3d-2.9404242!4d111.4818888!16s%2Fg%2F11wwm6_zw4!19sChIJY-2hHgAfCS4R0J2DdeodEKw?authuser=0&hl=en&rclk=1,-2.9404242,111.4818888,biasa,19.0,clean beach,Reynard Richard Chow  reviews,Eva Furnika  review ·  photos,busro lana  review ·  photo,San Tia  review,,,,,,
Maspari Island,Sumatera Selatan,4.4,https://www.google.com/maps/place/Maspari+Island/data=!4m7!3m6!1s0x2e3d943008915fdb:0x46b8e4550c9a6fc8!8m2!3d-3.2166667!4d106.2166667!16s%2Fg%2F11c2r0cnwk!19sChIJ21-RCDCUPS4RyG-aDFXkuEY?authuser=0&hl=en&rclk=1,-3.2166667,106.2166667,biasa,101.0,beach,tolls,island,cleanliness,attractions,,,,,,
Tebing kalap Beach,Kalimantan Tengah,4.4,https://www.google.com/maps/place/Tebing+kalap+Beach/data=!4m7!3m6!1s0x2de217e516c3e2ef:0x5c714de7d17eac8e!8m2!3d-3.2288956!4d112.9305063!16s%2Fg%2F11rdb6nv96!19sChIJ7-LDFuUX4i0Rjqx-0edNcVw?authuser=0&hl=en&rclk=1,-3.2288956,112.9305063,biasa,319.0,beach cleanliness,prayer room,place to stay,cliffside location,photo spots,,,,,,
Mertasari Beach,Bali,4.4,https://www.google.com/maps/place/Mertasari+Beach/data=!4m7!3m6!1s0x2dd24196daee874b:0x7baf80e112bad8ca!8m2!3d-8.7125026!4d115.2517831!16s%2Fg%2F1q62g5t4r!19sChIJS4fu2pZB0i0Ryti6EuGAr3s?authuser=0&hl=en&rclk=1,-8.7125026,115.2517831,biasa,5823.0,kite 186,sunrise 120,canoeing 45,kite festival 17,lumpia 23,,,,,,
TWA Pantai Panjang dan Pulau Baai,Bengkulu,4.4,https://www.google.com/maps/place/TWA+Pantai+Panjang+dan+Pulau+Baai/data=!4m7!3m6!1s0x2e36ba92890c32c1:0xee53846963f88b54!8m2!3d-3.834655!4d102.2881668!16s%2Fg%2F11c2k_z0xb!19sChIJwTIMiZK6Ni4RVIv4Y2mEU-4?authuser=0&hl=en&rclk=1,-3.834655,102.2881668,biasa,107.0,cleanliness,tent,sunset,enjoying nature,beach,,,,,,
Pantai Pasar Ikan Sore,Bengkulu,4.4,https://www.google.com/maps/place/Pantai+Pasar+Ikan+Sore/data=!4m7!3m6!1s0x2e36b10c70e095b7:0x875a9d9301e77c9b!8m2!3d-3.7747648!4d102.2627911!16s%2Fg%2F11v3jfkgy0!19sChIJt5XgcAyxNi4Rm3znAZOdWoc?authuser=0&hl=en&rclk=1,-3.7747648,102.2627911,biasa,14.0,,,,,,,,,,,
Tanjung Keluang,Kalimantan Tengah,4.4,https://www.google.com/maps/place/Tanjung+Keluang/data=!4m7!3m6!1s0x2e0902f09803f403:0x6d29775c2d129f14!8m2!3d-2.9054347!4d111.7064762!16s%2Fg%2F11cs3zfxrh!19sChIJA_QDmPACCS4RFJ8SLVx3KW0?authuser=0&hl=en&rclk=1,-2.9054347,111.7064762,biasa,443.0,turtles,turtle sanctuary,turtle breeding ground,waves,white sand,,,,,,
pantai teres,Nusa Tenggara Timur,4.4,https://www.google.com/maps/place/pantai+teres/data=!4m7!3m6!1s0x2c5665d9472429d1:0x90a77c7346ea838d!8m2!3d-10.2982647!4d123.9138116!16s%2Fg%2F11c5qspf07!19sChIJ0SkkR9llViwRjYPqRnN8p5A?authuser=0&hl=en&rclk=1,-10.2982647,123.9138116,biasa,119.0,road access 3,entrance fee 2,clean beach 2,cleanliness 2,location 2,,,,,,
Pantai Bota,Nusa Tenggara Timur,4.4,https://www.google.com/maps/place/Pantai+Bota/data=!4m7!3m6!1s0x2daa872070ab0045:0x2c62f56eefa6a934!8m2!3d-8.2330344!4d124.3997048!16s%2Fg%2F11f2xykdyw!19sChIJRQCrcCCHqi0RNKmm7271Yiw?authuser=0&hl=en&rclk=1,-8.2330344,124.3997048,biasa,50.0,clear sea water 2,view 3,cleanliness 3,beautiful place 2,Ruslan Yunus 4 reviews,,,,,,
Pantai Susteran Sarotari,Nusa Tenggara Timur,4.4,https://www.google.com/maps/place/Pantai+Susteran+Sarotari/data=!4m7!3m6!1s0x2dac7e221e1bc65d:0x1c228208b2150bee!8m2!3d-8.3229551!4d123.012474!16s%2Fg%2F11gcx_s4q8!19sChIJXcYbHiJ-rC0R7gsVsgiCIhw?authuser=0&hl=en&rclk=1,-8.3229551,123.012474,biasa,99.0,coconut ice 4,relaxing place 6,strategic location 2,beautiful scenery 3,family recreation 2,,,,,,
Pantai Paradiso,Nusa Tenggara Timur,4.4,https://www.google.com/maps/place/Pantai+Paradiso/data=!4m7!3m6!1s0x2c5683294eaf4d3b:0xf446c6083f36fe0!8m2!3d-10.1409587!4d123.6266006!16s%2Fg%2F11fy92rnjx!19sChIJO02vTimDViwR4G_zg2BsRA8?authuser=0&hl=en&rclk=1,-10.1409587,123.6266006,biasa,436.0,beach 27,sunset 9,photo spot 4,free entry 3,quiet atmosphere 4,,,,,,
Wisata Pasir Putih Makkerre,Sulawesi Barat,4.4,https://www.google.com/maps/place/Wisata+Pasir+Putih+Makkerre/data=!4m7!3m6!1s0x2d9461d5f447d233:0x64b28fc4fdac35a6!8m2!3d-3.4751384!4d119.4328964!16s%2Fg%2F11hq9m6dxd!19sChIJM9JH9NVhlC0RpjWs_cSPsmQ?authuser=0&hl=en&rclk=1,-3.4751384,119.4328964,biasa,13.0,white sand,beach,Perdi Story  reviews ·  photos,Dika  reviews ·  photos,Syahrul Syahrul  review,,,,,,
Tepi Laut Mamuju,Sulawesi Barat,4.4,https://www.google.com/maps/place/Tepi+Laut+Mamuju/data=!4m7!3m6!1s0x2d92d9e17396dadb:0xc73032900c3de721!8m2!3d-2.677864!4d118.8803761!16s%2Fg%2F11h_vc6ftm!19sChIJ29qWc-HZki0RIec9DJAyMMc?authuser=0&hl=en&rclk=1,-2.677864,118.8803761,biasa,10.0,view,ikrar alfitrah Ikrar  review ·  photos,Far Du  review,nur latifa  photos,Risaldi Fatul Rahmat  reviews ·  photos,,,,,,
Pantai Weri,Nusa Tenggara Timur,4.4,https://www.google.com/maps/place/Pantai+Weri/data=!4m7!3m6!1s0x2dac7e45d500fcb1:0x71d745ba2e0dc453!8m2!3d-8.3032517!4d123.0199684!16s%2Fg%2F11cr__18s8!19sChIJsfwA1UV-rC0RU8QNLrpF13E?authuser=0&hl=en&rclk=1,-8.3032517,123.0199684,biasa,222.0,cleanliness of the beach 2,white sand 3,scenery 6,sunrise 5,sunset 4,,,,,,
Sport Center Pantai Panjang,Bengkulu,4.4,https://www.google.com/maps/place/Sport+Center+Pantai+Panjang/data=!4m7!3m6!1s0x2e315f62be4d3e41:0x4e16bdb56d10ee97!8m2!3d-3.8073365!4d102.2640353!16s%2Fg%2F11k0m4lhc_!19sChIJQT5NvmJfMS4Rl-4QbbW9Fk4?authuser=0&hl=en&rclk=1,-3.8073365,102.2640353,biasa,1960.0,beach,clean beach,area,waves,field,,,,,,
Kura-kura Boneoge Beach Club,Sulawesi Tengah,4.4,https://www.google.com/maps/place/Kura-kura+Boneoge+Beach+Club/data=!4m7!3m6!1s0x2d8bb94aceeab64d:0x9e9a65a3b4689d24!8m2!3d-0.6531396!4d119.7260598!16s%2Fg%2F11s8wdf699!19sChIJTbbqzkq5iy0RJJ1otKNlmp4?authuser=0&hl=en&rclk=1,-0.6531396,119.7260598,biasa,362.0,sunset,white sand,prayer room,clean beach,gazebo,,,,,,
Pantai Wisata Pandanwangi,Sulawesi Tengah,4.4,https://www.google.com/maps/place/Pantai+Wisata+Pandanwangi/data=!4m7!3m6!1s0x2d85aa5f841bc303:0x3feaffabf0fbe9a7!8m2!3d-1.5301092!4d122.3103689!16s%2Fg%2F11gfdkn55f!19sChIJA8MbhF-qhS0Rp-n78Kv_6j8?authuser=0&hl=en&rclk=1,-1.5301092,122.3103689,biasa,22.0,Lalu Sai  review ·  photos,Iqbal Pamungkas  reviews ·  photos,Fajar Ramadhan  reviews ·  photos,,,,,,,,
Pantai Pasar Bengkulu,Bengkulu,4.4,https://www.google.com/maps/place/Pantai+Pasar+Bengkulu/data=!4m7!3m6!1s0x2e36b02cfc555559:0x9149b6987af17eb8!8m2!3d-3.7790792!4d102.2633719!16s%2Fg%2F11f0kzz9zy!19sChIJWVVV_CywNi4RuH7xepi2SZE?authuser=0&hl=en&rclk=1,-3.7790792,102.2633719,biasa,33.0,,,,,,,,,,,
Pantai Kota Raja,Nusa Tenggara Timur,4.4,https://www.google.com/maps/place/Pantai+Kota+Raja/data=!4m7!3m6!1s0x2dad59f7ae24dc97:0x46bdc3b0251abfd7!8m2!3d-8.84276!4d121.6426273!16s%2Fg%2F11rn595k90!19sChIJl9wkrvdZrS0R178aJbDDvUY?authuser=0&hl=en&rclk=1,-8.84276,121.6426273,biasa,260.0,sunset 34,beach view 6,mountains 5,beach cleanliness 5,leisure 10,,,,,,
Pantai Lamungang Batu Malunda,Sulawesi Barat,4.4,https://www.google.com/maps/place/Pantai+Lamungang+Batu+Malunda/data=!4m7!3m6!1s0x2d9347d7d0427ba1:0xb2a2883ddd985e32!8m2!3d-3.0239434!4d118.8602852!16s%2Fg%2F11cnd9d30w!19sChIJoXtC0NdHky0RMl6Y3T2IorI?authuser=0&hl=en&rclk=1,-3.0239434,118.8602852,biasa,134.0,beach,view,Farid Rachman  reviews ·  photos,mibaik journey  reviews ·  photos,MUH ANWAR HARIS  reviews,,,,,,
Tanjung Ngalo Mamuju,Sulawesi Barat,4.4,https://www.google.com/maps/place/Tanjung+Ngalo+Mamuju/data=!4m7!3m6!1s0x2d9331f70a940d95:0x540e408443d754ff!8m2!3d-2.8666905!4d118.7693474!16s%2Fg%2F11gf0qcmtd!19sChIJlQ2UCvcxky0R_1TXQ4RADlQ?authuser=0&hl=en&rclk=1,-2.8666905,118.7693474,biasa,96.0,white sand,road access,clear water,camping,cleanliness,,,,,,
Anjungan Pantai Manakarra,Sulawesi Barat,4.4,https://www.google.com/maps/place/Anjungan+Pantai+Manakarra/data=!4m7!3m6!1s0x2d92d9b0da6a308d:0xbfe8b1a7d47cac19!8m2!3d-2.6716032!4d118.8889317!16s%2Fg%2F11b8_pxwys!19sChIJjTBq2rDZki0RGax81Kex6L8?authuser=0&hl=en&rclk=1,-2.6716032,118.8889317,biasa,2273.0,island,strategic location,view of karampuang island,sea view,kids' play area,,,,,,
Pantai Semawang,Bali,4.4,https://www.google.com/maps/place/Pantai+Semawang/data=!4m7!3m6!1s0x2dd241c02bf1d9c7:0x8ee3c09346d05b45!8m2!3d-8.7071293!4d115.2627048!16s%2Fg%2F11cm3tx5fw!19sChIJx9nxK8BB0i0RRVvQRpPA444?authuser=0&hl=en&rclk=1,-8.7071293,115.2627048,biasa,2259.0,sunrise 73,canoe 28,canoe rental 7,beach chair rental 3,local cafes 11,,,,,,
Pantai Nyanyi,Bali,4.4,https://www.google.com/maps/place/Pantai+Nyanyi/data=!4m7!3m6!1s0x2dd2382115f7f5f9:0x929870a0c1008d3a!8m2!3d-8.6336624!4d115.0978348!16s%2Fg%2F11bv30gntw!19sChIJ-fX3FSE40i0ROo0AwaBwmJI?authuser=0&hl=en&rclk=1,-8.6336624,115.0978348,biasa,976.0,black sand beach 22,big waves 10,cliffs 10,wedding photos 12,sparkling black sand 5,,,,,,
Anjungan Pantai Matano,Sulawesi Tengah,4.4,https://www.google.com/maps/place/Anjungan+Pantai+Matano/data=!4m7!3m6!1s0x2d9a8d62882ed57f:0x7c2b93bcd7ea6be8!8m2!3d-2.5399696!4d121.9697133!16s%2Fg%2F11ghpn83k6!19sChIJf9UuiGKNmi0R6Gvq17yTK3w?authuser=0&hl=en&rclk=1,-2.5399696,121.9697133,biasa,84.0,hangout spot,garden,relaxing place,snacks,scenery,,,,,,
PANTAI MANAKARRA,Sulawesi Barat,4.4,https://www.google.com/maps/place/PANTAI+MANAKARRA/data=!4m7!3m6!1s0x2d92d918947ee97f:0x32047bf287834b7f!8m2!3d-2.6711153!4d118.8892481!16s%2Fg%2F11tbnm09s3!19sChIJf-l-lBjZki0Rf0uDh_J7BDI?authuser=0&hl=en&rclk=1,-2.6711153,118.8892481,biasa,227.0,kids,area,photo spots,friendly sellers,lighting,,,,,,
Pantai Sungai Lohan,Kalimantan Selatan,4.4,https://www.google.com/maps/place/Pantai+Sungai+Lohan/data=!4m7!3m6!1s0x2de8a28a369d16fb:0x798644d5a10b23ee!8m2!3d-3.6335635!4d115.8315551!16s%2Fg%2F11bw1_8p29!19sChIJ-xadNoqi6C0R7iMLodVEhnk?authuser=0&hl=en&rclk=1,-3.6335635,115.8315551,biasa,109.0,beach,cypress,beach cleanliness,pendopo,strategic location,,,,,,
Karang Tepas Beach,Jawa Barat,4.4,https://www.google.com/maps/place/Karang+Tepas+Beach/data=!4m7!3m6!1s0x2e66258a38a6f6e1:0x9c3e144f152745bb!8m2!3d-7.5375471!4d107.4814247!16s%2Fg%2F11f32zpt__!19sChIJ4famOIolZi4Ru0UnFU8UPpw?authuser=0&hl=en&rclk=1,-7.5375471,107.4814247,biasa,205.0,reef,ikan bakar,roadside stall,natural scenery,low tide,,,,,,
wisata pantai ciwidig,Jawa Barat,4.4,https://www.google.com/maps/place/wisata+pantai+ciwidig/data=!4m7!3m6!1s0x2e662b16b7b30785:0x58ee12c413c07c8e!8m2!3d-7.4940837!4d107.3196429!16s%2Fg%2F11c4549mc4!19sChIJhQeztxYrZi4RjnzAE8QS7lg?authuser=0&hl=en&rclk=1,-7.4940837,107.3196429,biasa,154.0,passing cows,comfortable beach,prayer room,no swimming,sand dunes,,,,,,
Pantai Cidora,Jawa Barat,4.4,https://www.google.com/maps/place/Pantai+Cidora/data=!4m7!3m6!1s0x2e662f57a8a0cb3f:0x533c951ff05bf26e!8m2!3d-7.5214616!4d107.4768595!16s%2Fg%2F11byxg0t8b!19sChIJP8ugqFcvZi4RbvJb8B-VPFM?authuser=0&hl=en&rclk=1,-7.5214616,107.4768595,biasa,562.0,reef,ranca buaya,for motorcycle,big waves,cidora beach,,,,,,
Pantai Cemara Cipanglay,Jawa Barat,4.4,https://www.google.com/maps/place/Pantai+Cemara+Cipanglay/data=!4m7!3m6!1s0x2e662bdc0d02262b:0x9a0fba408e1e23f2!8m2!3d-7.4994863!4d107.3529147!16s%2Fg%2F11fs1lqv8k!19sChIJKyYCDdwrZi4R8iMejkC6D5o?authuser=0&hl=en&rclk=1,-7.4994863,107.3529147,biasa,1963.0,waves,beach cleanliness,pine trees,prayer room,no swimming allowed,,,,,,
Karang Nini Beach,Jawa Barat,4.4,https://www.google.com/maps/place/Karang+Nini+Beach/data=!4m7!3m6!1s0x2e659f31bfa11405:0x42debc1fd19f3b2!8m2!3d-7.6825886!4d108.7346245!16s%2Fg%2F11btxcwjyn!19sChIJBRShvzGfZS4RsvMZ_cHrLQQ?authuser=0&hl=en&rclk=1,-7.6825886,108.7346245,biasa,554.0,waves,beach cleanliness,prayer room,sea view,road access,,,,,,
Pantai Muaragatah,Jawa Barat,4.4,https://www.google.com/maps/place/Pantai+Muaragatah/data=!4m7!3m6!1s0x2e65c6ce967f5891:0xbbddc206a559575a!8m2!3d-7.8152869!4d108.3650747!16s%2Fg%2F11cn8s_f5n!19sChIJkVh_ls7GZS4RWldZpQbC3bs?authuser=0&hl=en&rclk=1,-7.8152869,108.3650747,biasa,220.0,fish auction place,family recreation,comfortable place,tour,boat,,,,,,
Pantai Ciparanti,Jawa Barat,4.4,https://www.google.com/maps/place/Pantai+Ciparanti/data=!4m7!3m6!1s0x2e65c737fed84fb7:0x27c961f41c01b890!8m2!3d-7.8171357!4d108.409484!16s%2Fg%2F11gcnjh0gt!19sChIJt0_Y_jfHZS4RkLgBHPRhySc?authuser=0&hl=en&rclk=1,-7.8171357,108.409484,biasa,274.0,pristine beach,warung,free entry,cool atmosphere,photo spot,,,,,,
Pantai Meuraxa,Aceh,4.4,https://www.google.com/maps/place/Pantai+Meuraxa/data=!4m7!3m6!1s0x3040309151893b3d:0x2f05fbc75e8b072d!8m2!3d5.5550504!4d95.2827012!16s%2Fg%2F11fy2lhmgz!19sChIJPTuJUZEwQDARLQeLXsf7BS8?authuser=0&hl=en&rclk=1,5.5550504,95.2827012,biasa,32.0,small waves,playing in the sand,cool beach,fish,inhabitant,,,,,,
Pantai Dewaruci Jatimalang,Jawa Tengah,4.4,https://www.google.com/maps/place/Pantai+Dewaruci+Jatimalang/data=!4m7!3m6!1s0x2e7ae73cc53b4007:0xcc620eef919e0be!8m2!3d-7.879616!4d109.9830355!16s%2Fg%2F11b6tmp2sl!19sChIJB0A7xTznei4RvuAZ-e4gxgw?authuser=0&hl=en&rclk=1,-7.879616,109.9830355,biasa,8907.0,,,,,,,,,,,
Ancol beach,DKI Jakarta,4.4,https://www.google.com/maps/place/Ancol+beach/data=!4m7!3m6!1s0x2e6a1e3c1ca938d1:0x1ccccec14fd711af!8m2!3d-6.1194215!4d106.8502435!16s%2Fg%2F1pty45vqg!19sChIJ0TipHDweai4RrxHXT8HOzBw?authuser=0&hl=en&rclk=1,-6.1194215,106.8502435,biasa,16040.0,playing in the sand,prayer room,area,banana boat,photo spots,,,,,,
Pantai Ancol,DKI Jakarta,4.4,https://www.google.com/maps/place/Pantai+Ancol/data=!4m7!3m6!1s0x2e6a1e17be3a41fd:0xbf379f603e3bf0ef!8m2!3d-6.1236638!4d106.8399162!16s%2Fg%2F1q5bn1dz8!19sChIJ_UE6vhceai4R7_A7PmCfN78?authuser=0&hl=en&rclk=1,-6.1236638,106.8399162,biasa,16040.0,playing in the sand,prayer room,area,banana boat,photo spots,,,,,,
Coral Coast Paranje,Jawa Barat,4.4,https://www.google.com/maps/place/Coral+Coast+Paranje/data=!4m7!3m6!1s0x2e6613c6e1199215:0xed9806d9d3449908!8m2!3d-7.6841298!4d107.7948894!16s%2Fg%2F11b7ljkfds!19sChIJFZIZ4cYTZi4RCJlE09kGmO0?authuser=0&hl=en&rclk=1,-7.6841298,107.7948894,biasa,958.0,waves,karang paranje beach,beach cleanliness,coral reef,quiet beach,,,,,,
Karang Jahe Beach,Jawa Tengah,4.4,https://www.google.com/maps/place/Karang+Jahe+Beach/data=!4m7!3m6!1s0x2e7723ee3b1d601d:0xcb19b602a4ee84d9!8m2!3d-6.6873643!4d111.4119539!16s%2Fg%2F11b7bzpbh6!19sChIJHWAdO-4jdy4R2YTupAK2Gcs?authuser=0&hl=en&rclk=1,-6.6873643,111.4119539,biasa,16349.0,inflatable boat,wave,clean beach,ATV,merchant,,,,,,
Pantai Wayob,Papua Barat,4.4,https://www.google.com/maps/place/Pantai+Wayob/data=!4m7!3m6!1s0x2d466b4ac8a29c57:0x550778f4a339cae4!8m2!3d-2.9779178!4d132.2233277!16s%2Fg%2F11jl40rjzt!19sChIJV5yiyEprRi0R5Mo5o_R4B1U?authuser=0&hl=en&rclk=1,-2.9779178,132.2233277,biasa,22.0,beach 2,Biman Zoning 6 reviews · 17 photos,Indra Yunus 3 reviews,Waode Lilis 1 review,Han mady Han mady 1 review · 2 photos,,,,,,
Pantai SorBar,Papua Barat,4.4,https://www.google.com/maps/place/Pantai+SorBar/data=!4m7!3m6!1s0x2d5ead7326435bd9:0x8c026eb4ef96fa4f!8m2!3d-0.8300285!4d131.2296996!16s%2Fg%2F11qqqt70nn!19sChIJ2VtDJnOtXi0RT_qW77RuAow?authuser=0&hl=en&rclk=1,-0.8300285,131.2296996,biasa,56.0,sunset 3,kid-friendly 2,cleanliness 4,cool atmosphere 2,Byran N Tauran 5 reviews · 1 photo,,,,,,
Pantai Sayang Heulang,Jawa Barat,4.4,https://www.google.com/maps/place/Pantai+Sayang+Heulang/data=!4m7!3m6!1s0x2e663d647d0c588f:0x892cbd184524733!8m2!3d-7.6688756!4d107.6966831!16s%2Fg%2F11c5wwr2_0!19sChIJj1gMfWQ9Zi4RM0dShNHLkgg?authuser=0&hl=en&rclk=1,-7.6688756,107.6966831,biasa,4130.0,Pantai Sayang Heulang,coral reef,photo spots,gazebo,desert,,,,,,
Lampon Beach,Jawa Tengah,4.4,https://www.google.com/maps/place/Lampon+Beach/data=!4m7!3m6!1s0x2e653125699d767d:0x7d0ef924674093b3!8m2!3d-7.7699227!4d109.4361408!16s%2Fg%2F11b7q4sh27!19sChIJfXadaSUxZS4Rs5NAZyT5Dn0?authuser=0&hl=en&rclk=1,-7.7699227,109.4361408,biasa,864.0,cliffs,hills,photo spots,cave,area,,,,,,
Empu Rancak Beach,Jawa Tengah,4.3,https://www.google.com/maps/place/Empu+Rancak+Beach/data=!4m7!3m6!1s0x2e71228980d4d6bd:0x7da3bf99f965f9e!8m2!3d-6.4859835!4d110.6944613!16s%2Fg%2F120z6zq7!19sChIJvdbUgIkicS4Rnl-Wn_k72gc?authuser=0&hl=en&rclk=1,-6.4859835,110.6944613,biasa,2257.0,waves,coast,clean beach,white sand,pindang serani,,,,,,
Pantai Watu Bale Kebumen,Jawa Tengah,4.3,https://www.google.com/maps/place/Pantai+Watu+Bale+Kebumen/data=!4m7!3m6!1s0x2e653130da3356ef:0xf42dc410eeef3d01!8m2!3d-7.766217!4d109.4412467!16s%2Fg%2F11b6mfd3zp!19sChIJ71Yz2jAxZS4RAT3v7hDELfQ?authuser=0&hl=en&rclk=1,-7.766217,109.4412467,biasa,1961.0,waves,cliffs,photo spots,Menganti Beach,clean beach,,,,,,
Frog Island Beach,Jawa Tengah,4.3,https://www.google.com/maps/place/Frog+Island+Beach/data=!4m7!3m6!1s0x2e6fb798ed43d699:0x356e1cfd3ecc3379!8m2!3d-6.8446761!4d109.1587684!16s%2Fg%2F11f2v9bg_y!19sChIJmdZD7Zi3by4ReTPMPv0cbjU?authuser=0&hl=en&rclk=1,-6.8446761,109.1587684,biasa,3049.0,coast,beach cleanliness,mendoan,gazebo,leisure,,,,,,
Pantai Teluk Penyu Cilacap,Jawa Tengah,4.3,https://www.google.com/maps/place/Pantai+Teluk+Penyu+Cilacap/data=!4m7!3m6!1s0x2e651269f14e262d:0xe5a2f5d787704f88!8m2!3d-7.7518308!4d109.0204765!16s%2Fg%2F11cmzkl5tg!19sChIJLSZO8WkSZS4RiE9wh9f1ouU?authuser=0&hl=en&rclk=1,-7.7518308,109.0204765,biasa,3840.0,teluk penyu beach,mendoan,sunrise,salted fish,young coconut,,,,,,
The Lamp One Beach,Papua Selatan,4.3,https://www.google.com/maps/place/The+Lamp+One+Beach/data=!4m7!3m6!1s0x69b5156fb5cafd57:0x95e2d63b0f7f8492!8m2!3d-8.5110648!4d140.3777131!16s%2Fg%2F11gbnknkkk!19sChIJV_3KtW8VtWkRkoR_DzvW4pU?authuser=0&hl=en&rclk=1,-8.5110648,140.3777131,biasa,378.0,sunset 49,beach cleanliness 7,lampu satu beach 3,wide beach 3,free seating 2,,,,,,
"Pantai Saoka, Kota Sorong, Papua Barat",Papua Barat,4.3,"https://www.google.com/maps/place/Pantai+Saoka,+Kota+Sorong,+Papua+Barat/data=!4m7!3m6!1s0x2d5ead16e8a64799:0xcb1760357c6254e0!8m2!3d-0.8152075!4d131.2572794!16s%2Fg%2F11f3s7c2jx!19sChIJmUem6BatXi0R4FRifDVgF8s?authuser=0&hl=en&rclk=1",-0.8152075,131.2572794,biasa,51.0,attractions 2,Ardianta Peranginangin 16 reviews,Lamria Sibuea 3 reviews · 3 photos,Christy Omkarsba 3 reviews · 2 photos,Abram 3 reviews · 6 photos,,,,,,
Wisata Pantai Papim,Jawa Barat,4.3,https://www.google.com/maps/place/Wisata+Pantai+Papim/data=!4m7!3m6!1s0x2e65c47585825d15:0xc8db2beaf79697e8!8m2!3d-7.8104795!4d108.3052747!16s%2Fg%2F11c4542jqb!19sChIJFV2ChXXEZS4R6JeW9-or28g?authuser=0&hl=en&rclk=1,-7.8104795,108.3052747,biasa,5564.0,monkeys,white sand,photo spots,blue sea water,scenery,,,,,,
Pantai Pasir Putih PIK 2,DKI Jakarta,4.3,https://www.google.com/maps/place/Pantai+Pasir+Putih+PIK+2/data=!4m7!3m6!1s0x2e6a03d2ab6c60bd:0xec52cbac35c458d5!8m2!3d-6.0745483!4d106.7172717!16s%2Fg%2F11kbr34gcs!19sChIJvWBsq9IDai4R1VjENazLUuw?authuser=0&hl=en&rclk=1,-6.0745483,106.7172717,biasa,3321.0,Pantai Pasir Putih PIK,white sand,scenery,artificial beach,prayer room,,,,,,
Pantai Cemara Mangkupadi,Kalimantan Utara,4.3,https://www.google.com/maps/place/Pantai+Cemara+Mangkupadi/data=!4m7!3m6!1s0x32125905c16c399f:0xb892fb41d1598bd!8m2!3d2.5567576!4d117.8680164!16s%2Fg%2F11g6916hmz!19sChIJnzlswQVZEjIRvZgVHbQviQs?authuser=0&hl=en&rclk=1,2.5567576,117.8680164,biasa,149.0,beach,beach cleanliness,white sand,clean water,atmosphere,,,,,,
Teluk Awur Beach,Jawa Tengah,4.3,https://www.google.com/maps/place/Teluk+Awur+Beach/data=!4m7!3m6!1s0x2e711e6afec1a2f7:0x80a153b8978e4fbf!8m2!3d-6.6174807!4d110.6467488!16s%2Fg%2F11fx8_9sdn!19sChIJ96LB_moecS4Rv0-Ol7hToYA?authuser=0&hl=en&rclk=1,-6.6174807,110.6467488,biasa,2978.0,beach cleanliness,coast,sunset,white sand,environment,,,,,,
Pantai Blang Kijue,Aceh,4.3,https://www.google.com/maps/place/Pantai+Blang+Kijue/data=!4m7!3m6!1s0x3040b2bbc507ff4d:0x8179feb89b4120e7!8m2!3d5.2094406!4d96.3938921!16s%2Fg%2F11c2lh1d3r!19sChIJTf8HxbuyQDAR5yBBm7j-eYE?authuser=0&hl=en&rclk=1,5.2094406,96.3938921,biasa,125.0,new beach,clean place,relaxing with family,comfortable place,relaxing with friends,,,,,,
Pantai Cicalobak,Jawa Barat,4.3,https://www.google.com/maps/place/Pantai+Cicalobak/data=!4m7!3m6!1s0x2e66244eaaaaaaab:0x492a9b59f41f797a!8m2!3d-7.5457328!4d107.5295512!16s%2Fg%2F11bw5ygq2j!19sChIJq6qqqk4kZi4Renkf9FmbKkk?authuser=0&hl=en&rclk=1,-7.5457328,107.5295512,biasa,908.0,Pantai Cicalobak,selfie spot,corals,sunset view,sea view,,,,,,
Pantai Cijeruk Indah,Jawa Barat,4.3,https://www.google.com/maps/place/Pantai+Cijeruk+Indah/data=!4m7!3m6!1s0x2e65fba2a017818b:0xef7badd2836c50e2!8m2!3d-7.706096!4d107.8356724!16s%2Fg%2F11bxvhg94c!19sChIJi4EXoKL7ZS4R4lBsg9Kte-8?authuser=0&hl=en&rclk=1,-7.706096,107.8356724,biasa,717.0,river mouth,pristine beach,boat crossing,white sand,access to the beach,,,,,,
"Pantai Cibangban, Pelabuhan Ratu",Jawa Barat,4.3,"https://www.google.com/maps/place/Pantai+Cibangban,+Pelabuhan+Ratu/data=!4m7!3m6!1s0x2e4284bbb30606e9:0xa959efbb7a12ac74!8m2!3d-6.958683!4d106.4249!16s%2Fg%2F11c4bgc8nd!19sChIJ6QYGs7uEQi4RdKwServvWak?authuser=0&hl=en&rclk=1",-6.958683,106.4249,biasa,1752.0,leisure,gazebo,gentle beach,swimming for kids,shipwreck,,,,,,
Pantai Lumban Bul Bul,Sumatera Utara,4.3,https://www.google.com/maps/place/Pantai+Lumban+Bul+Bul/data=!4m7!3m6!1s0x302e04746a9d2759:0x6db93fac96bc4a60!8m2!3d2.3479207!4d99.0752046!16s%2Fg%2F11b77fznqv!19sChIJWSedanQELjARYEq8lqw_uW0?authuser=0&hl=en&rclk=1,2.3479207,99.0752046,biasa,3064.0,banana boat,lake,lake toba,ATV,canoeing,,,,,,
Pantai Pandansari,Kalimantan Selatan,4.3,https://www.google.com/maps/place/Pantai+Pandansari/data=!4m7!3m6!1s0x2de64d89c7b678b1:0xe246bdb9ac6de41d!8m2!3d-3.9396156!4d115.1815723!16s%2Fg%2F11k6xz42ny!19sChIJsXi2x4lN5i0RHeRtrLm9RuI?authuser=0&hl=en&rclk=1,-3.9396156,115.1815723,biasa,21.0,camping,Tommy Putra  reviews ·  photos,abah dadung comedy  review,,,,,,,,
Rental Atv Pantai Batakan Baru,Kalimantan Selatan,4.3,https://www.google.com/maps/place/Rental+Atv+Pantai+Batakan+Baru/data=!4m7!3m6!1s0x2de71b612609abf1:0x9eab45a4f49d3bbd!8m2!3d-4.0852189!4d114.6286618!16s%2Fg%2F11qh5kb_1t!19sChIJ8asJJmEb5y0RvTud9KRFq54?authuser=0&hl=en&rclk=1,-4.0852189,114.6286618,biasa,782.0,beach cleanliness,free gazebo,banana boat,prayer room,beach arrangement,,,,,,
Coast Edge Pandaran,Kalimantan Selatan,4.3,https://www.google.com/maps/place/Coast+Edge+Pandaran/data=!4m7!3m6!1s0x2de23fd85038c2f5:0x7c572d297a87a019!8m2!3d-3.1700627!4d113.0002416!16s%2Fg%2F11b7gp82b_!19sChIJ9cI4UNg_4i0RGaCHeiktV3w?authuser=0&hl=en&rclk=1,-3.1700627,113.0002416,biasa,354.0,place for family,camping,natural beauty,place to relax,waves,,,,,,
Pantai Bubuhan,Kalimantan Selatan,4.3,https://www.google.com/maps/place/Pantai+Bubuhan/data=!4m7!3m6!1s0x2de8a301239775a3:0x1c53853d6b902fb9!8m2!3d-3.6335331!4d115.8302458!16s%2Fg%2F11mqfljq5k!19sChIJo3WXIwGj6C0RuS-Qaz2FUxw?authuser=0&hl=en&rclk=1,-3.6335331,115.8302458,biasa,64.0,sound of waves,stopover,ambience,relieving fatigue,journey,,,,,,
Taman Wisata Bahari Polewali Mandar,Sulawesi Barat,4.3,https://www.google.com/maps/place/Taman+Wisata+Bahari+Polewali+Mandar/data=!4m7!3m6!1s0x2d9488e0920fc239:0x9566d4da58d013b2!8m2!3d-3.4392793!4d119.3495065!16s%2Fg%2F11b7hjzs8_!19sChIJOcIPkuCIlC0RshPQWNrUZpU?authuser=0&hl=en&rclk=1,-3.4392793,119.3495065,biasa,1241.0,beach,sunset,clean beach,beach atmosphere,sea view,,,,,,
Pantai Palippis,Sulawesi Barat,4.3,https://www.google.com/maps/place/Pantai+Palippis/data=!4m7!3m6!1s0x2d94944dcd861f5f:0x5778f8e01f58bbb7!8m2!3d-3.5106073!4d119.0976082!16s%2Fg%2F11c55jj4q8!19sChIJXx-GzU2UlC0Rt7tYH-D4eFc?authuser=0&hl=en&rclk=1,-3.5106073,119.0976082,biasa,249.0,white sand,scenery,beach cleanliness,coral reef,beach atmosphere,,,,,,
Pantai Wisata Lapeo,Sulawesi Barat,4.3,https://www.google.com/maps/place/Pantai+Wisata+Lapeo/data=!4m7!3m6!1s0x2d949408c8930d19:0x4f6ea05257af2e5c!8m2!3d-3.4948788!4d119.1338941!16s%2Fg%2F11gfgsgkv5!19sChIJGQ2TyAiUlC0RXC6vV1Kgbk8?authuser=0&hl=en&rclk=1,-3.4948788,119.1338941,biasa,84.0,attractions,clean beach,fiqry Haikal  reviews ·  photos,Rusdianto Udi  reviews ·  photos,,,,,,,
Kedonganan Beach,Bali,4.3,https://www.google.com/maps/place/Kedonganan+Beach/data=!4m7!3m6!1s0x2dd24468f30f174b:0xdd70159dc4cd2d8e!8m2!3d-8.7607721!4d115.1691844!16s%2Fg%2F11bwfyhhhy!19sChIJSxcP82hE0i0Rji3NxJ0VcN0?authuser=0&hl=en&rclk=1,-8.7607721,115.1691844,biasa,2735.0,morning 25,fish market 56,kedonganan market 2,warungs 12,grilling 17,,,,,,
Canggu Beach,Bali,4.3,https://www.google.com/maps/place/Canggu+Beach/data=!4m7!3m6!1s0x2dd2478626b7677d:0x5a838e3317a93564!8m2!3d-8.6609933!4d115.1321265!16s%2Fg%2F11b7q0b219!19sChIJfWe3JoZH0i0RZDWpFzOOg1o?authuser=0&hl=en&rclk=1,-8.6609933,115.1321265,biasa,1299.0,surfing 102,surfing lessons 15,waves 34,coconut palms 6,black sand beach 3,,,,,,
Lebih Beach,Bali,4.3,https://www.google.com/maps/place/Lebih+Beach/data=!4m7!3m6!1s0x2dd2146a984be6c9:0xabf388c60108c661!8m2!3d-8.581006!4d115.355501!16s%2Fg%2F1pzsyx0xl!19sChIJyeZLmGoU0i0RYcYIAcaI86s?authuser=0&hl=en&rclk=1,-8.581006,115.355501,biasa,4416.0,satay 141,warungs 73,seafood 151,ikan bakar 47,black sand beach 10,,,,,,
Pantai Segara,Bali,4.3,https://www.google.com/maps/place/Pantai+Segara/data=!4m7!3m6!1s0x2dd246a337160fa7:0xd559a9f0e62efa1b!8m2!3d-8.7243214!4d115.1692808!16s%2Fg%2F11b708m0b0!19sChIJpw8WN6NG0i0RG_ou5vCpWdU?authuser=0&hl=en&rclk=1,-8.7243214,115.1692808,biasa,1747.0,surfing 78,ngurah rai airport 7,surfing lessons 4,beer selection 10,sunset beach 2,,,,,,
Wisata pantai Losa,Sulawesi Barat,4.3,https://www.google.com/maps/place/Wisata+pantai+Losa/data=!4m7!3m6!1s0x2d932b8344f48add:0x783dfa1fc8a1dfe!8m2!3d-2.6957883!4d118.7801936!16s%2Fg%2F11rzcp3502!19sChIJ3Yr0RIMrky0R_h2K_KHfgwc?authuser=0&hl=en&rclk=1,-2.6957883,118.7801936,biasa,11.0,Bahry Bachry  review ·  photos,Dominggus Sarong  review,herwin se  review,Ahmad  photo,tampa Batas  photos,,,,,,
PANTAI MUNU,Sulawesi Barat,4.3,https://www.google.com/maps/place/PANTAI+MUNU/data=!4m7!3m6!1s0x2d94bf6280599a7b:0x101e0fe2e6fc517!8m2!3d-3.557457!4d118.9825554!16s%2Fg%2F11j1bzsd4r!19sChIJe5pZgGK_lC0RF8VvLv7gAQE?authuser=0&hl=en&rclk=1,-3.557457,118.9825554,biasa,199.0,managed by local residents,toddler pool,beach cleanliness,entrance fee,reef,,,,,,
pantai pasir putih rangas,Sulawesi Barat,4.3,https://www.google.com/maps/place/pantai+pasir+putih+rangas/data=!4m7!3m6!1s0x2d94c7b07ccf5a4b:0xde261ea094e27482!8m2!3d-3.56762!4d118.93523!16s%2Fg%2F11hzm10zq_!19sChIJS1rPfLDHlC0RgnTilKAeJt4?authuser=0&hl=en&rclk=1,-3.56762,118.93523,biasa,10.0,Hareueus Reus  review ·  photo,chilla ramadhani  review ·  photo,Nur Ismi  reviews,Uyax Baler  photos,Darman Alamsyah  reviews ·  photos,,,,,,
Pantai Baluno,Sulawesi Barat,4.3,https://www.google.com/maps/place/Pantai+Baluno/data=!4m7!3m6!1s0x2d94a8bb7bfe002d:0xccd2c53d2a1ddd02!8m2!3d-3.3380595!4d118.8465068!16s%2Fg%2F11cs6d93mq!19sChIJLQD-e7uolC0RAt0dKj3F0sw?authuser=0&hl=en&rclk=1,-3.3380595,118.8465068,biasa,77.0,mangroves,view,location,Reza Febrian  review,,,,,,,
Coastal Pamboang,Sulawesi Barat,4.3,https://www.google.com/maps/place/Coastal+Pamboang/data=!4m7!3m6!1s0x2d94ba2894cfd6bd:0x574367055d596e3f!8m2!3d-3.4894852!4d118.8960513!16s%2Fg%2F11c5s4j6_g!19sChIJvdbPlCi6lC0RP25ZXQVnQ1c?authuser=0&hl=en&rclk=1,-3.4894852,118.8960513,biasa,107.0,the beach,sunset,eye,Muh.ardan alfaruzy Ardan  reviews ·  photos,PutriBintangMaharani   reviews ·  photo,,,,,,
Pantai Baurung,Sulawesi Barat,4.3,https://www.google.com/maps/place/Pantai+Baurung/data=!4m7!3m6!1s0x2d9493d127f35d85:0x12cd2ca2f38bfcbb!8m2!3d-3.4882798!4d119.1768829!16s%2Fg%2F11fzbkyw1r!19sChIJhV3zJ9GTlC0Ru_yL86IszRI?authuser=0&hl=en&rclk=1,-3.4882798,119.1768829,biasa,28.0,fishing spot,scenery,Hylaa Ag  review ·  photos,Muh Yusuf  review ·  photo,,,,,,,
Pantai Desa Harapan Bengkulu Tengah,Bengkulu,4.3,https://www.google.com/maps/place/Pantai+Desa+Harapan+Bengkulu+Tengah/data=!4m7!3m6!1s0x2e36ad00557de723:0xa4be924393cfcedb!8m2!3d-3.7046169!4d102.2449854!16s%2Fg%2F11vr_lztmw!19sChIJI-d9VQCtNi4R287Pk0OSvqQ?authuser=0&hl=en&rclk=1,-3.7046169,102.2449854,biasa,11.0,bathe,,,,,,,,,,
Pantai Ancol Maras,Bengkulu,4.3,https://www.google.com/maps/place/Pantai+Ancol+Maras/data=!4m7!3m6!1s0x2e3654e91219ae97:0x5f5348251f8aa67f!8m2!3d-4.3397838!4d102.7736215!16s%2Fg%2F11hbll6_rf!19sChIJl64ZEulUNi4Rf6aKHyVIU18?authuser=0&hl=en&rclk=1,-4.3397838,102.7736215,biasa,133.0,beach,meatball stall,ancol beach,rock,fresh coconuts,,,,,,
Pantai Berkas Park,Bengkulu,4.3,https://www.google.com/maps/place/Pantai+Berkas+Park/data=!4m7!3m6!1s0x2e36b01fd98fbff3:0xb8dd80d54f9270f2!8m2!3d-3.7993615!4d102.2551106!16s%2Fg%2F11gd67324m!19sChIJ87-P2R-wNi4R8nCST9WA3bg?authuser=0&hl=en&rclk=1,-3.7993615,102.2551106,biasa,2896.0,coast,sunset,scenery,strategic location,beach cleanliness,,,,,,
Pantai Danau Nibung Desa Pasar Pedati,Bengkulu,4.3,https://www.google.com/maps/place/Pantai+Danau+Nibung+Desa+Pasar+Pedati/data=!4m7!3m6!1s0x2e36ad39c8d4229f:0xb05cc153736b7b7!8m2!3d-3.7323196!4d102.2477382!16s%2Fg%2F11tjv23g_0!19sChIJnyLUyDmtNi4Rt7c2NxXMBQs?authuser=0&hl=en&rclk=1,-3.7323196,102.2477382,biasa,20.0,beach,atmosphere,tree,,,,,,,,
Takisung Beach,Kalimantan Selatan,4.3,https://www.google.com/maps/place/Takisung+Beach/data=!4m7!3m6!1s0x2de6e7c96b5482f5:0x7472c316d3801147!8m2!3d-3.8683788!4d114.6094649!16s%2Fg%2F11rxrmt9hv!19sChIJ9YJUa8nn5i0RRxGA0xbDcnQ?authuser=0&hl=en&rclk=1,-3.8683788,114.6094649,biasa,167.0,banana boat,beach cleanliness,umbrella and mat rental,sunset,life jacket rental,,,,,,
Pantai Tj. Benoa,Bali,4.3,https://www.google.com/maps/place/Pantai+Tj.+Benoa/data=!4m7!3m6!1s0x2dd243baf160f227:0x43adf7ca69dd4cdc!8m2!3d-8.7605624!4d115.2233375!16s%2Fg%2F1q5bkq4pj!19sChIJJ_Jg8bpD0i0R3Ezdacr3rUM?authuser=0&hl=en&rclk=1,-8.7605624,115.2233375,biasa,265.0,sea turtles 28,turtle island 11,banana boat 11,water games 27,jetski 13,,,,,,
Pantai Purnama,Bali,4.3,https://www.google.com/maps/place/Pantai+Purnama/data=!4m7!3m6!1s0x2dd215148c93693d:0x385d0c1b1fbff51b!8m2!3d-8.6192976!4d115.3099717!16s%2Fg%2F11bvt2s09y!19sChIJPWmTjBQV0i0RG_W_HxsMXTg?authuser=0&hl=en&rclk=1,-8.6192976,115.3099717,biasa,930.0,melasti ceremony 12,black sand beach 12,waves 22,black volcanic sand 2,sunrise 20,,,,,,
Pantai Kayu Putih,Bali,4.3,https://www.google.com/maps/place/Pantai+Kayu+Putih/data=!4m7!3m6!1s0x2dd24775e701a31b:0xc6b32c03843cee15!8m2!3d-8.6707513!4d115.1427902!16s%2Fg%2F11cjk45ms8!19sChIJG6MB53VH0i0RFe48hAMss8Y?authuser=0&hl=en&rclk=1,-8.6707513,115.1427902,biasa,506.0,bridge 16,big waves 5,surfing 6,atmosphere 6,photo spot 2,,,,,,
Jerman Beach,Bali,4.3,https://www.google.com/maps/place/Jerman+Beach/data=!4m7!3m6!1s0x2dd244206469dc8b:0x2bb10dfb9b18e426!8m2!3d-8.7355582!4d115.1626973!16s%2Fg%2F11f5d95v57!19sChIJi9xpZCBE0i0RJuQYm_sNsSs?authuser=0&hl=en&rclk=1,-8.7355582,115.1626973,biasa,950.0,statue 29,surfing 18,airplane view 12,photo spots 4,warungs 11,,,,,,
Tapandullu Beach,Sulawesi Barat,4.3,https://www.google.com/maps/place/Tapandullu+Beach/data=!4m7!3m6!1s0x2d92d6eda87114f3:0xe02499af70d97403!8m2!3d-2.6692129!4d118.79267!16s%2Fg%2F11g8fxdrn2!19sChIJ8xRxqO3Wki0RA3TZcK-ZJOA?authuser=0&hl=en&rclk=1,-2.6692129,118.79267,biasa,311.0,gazebo,banana boat,prayer room,sea view,photo spots,,,,,,
Pantai Indah Lestari,Kalimantan Selatan,4.3,https://www.google.com/maps/place/Pantai+Indah+Lestari/data=!4m7!3m6!1s0x2de8a27bd8cd4d45:0x3a23b0b9664cd0ce!8m2!3d-3.6604337!4d115.797087!16s%2Fg%2F11g6ytc0rg!19sChIJRU3N2Hui6C0RztBMZrmwIzo?authuser=0&hl=en&rclk=1,-3.6604337,115.797087,biasa,27.0,snorkeling,Abang psb  review ·  photo,Aji Ghanden  reviews ·  photo,devy ratnasari  reviews ·  photos,Hairul  reviews,,,,,,
DESA WISATA PANTAI BATU PUTIH,Bengkulu,4.3,https://www.google.com/maps/place/DESA+WISATA+PANTAI+BATU+PUTIH/data=!4m7!3m6!1s0x2e37b101bb5c7a9b:0x4822dd96e8484ed3!8m2!3d-4.5049799!4d102.9538555!16s%2Fg%2F11js3pmp21!19sChIJm3pcuwGxNy4R005I6JbdIkg?authuser=0&hl=en&rclk=1,-4.5049799,102.9538555,biasa,4.0,,,,,,,,,,,
Pantai Muara Kedurang,Bengkulu,4.3,https://www.google.com/maps/place/Pantai+Muara+Kedurang/data=!4m7!3m6!1s0x2e37b9899174f9f7:0x938c3bb8afd93dc0!8m2!3d-4.5277764!4d103.0193262!16s%2Fg%2F11f3t3qbgw!19sChIJ9_l0kYm5Ny4RwD3Zr7g7jJM?authuser=0&hl=en&rclk=1,-4.5277764,103.0193262,biasa,62.0,rocky beach,river mouth,shady environment,family tourism,rock,,,,,,
Wisata pantai Paradise,Bengkulu,4.3,https://www.google.com/maps/place/Wisata+pantai+Paradise/data=!4m7!3m6!1s0x2e33e9f803530ce1:0x88e438c9f048de1b!8m2!3d-3.4083859!4d101.8635084!16s%2Fg%2F11ty6zbhyr!19sChIJ4QxTA_jpMy4RG95I8Mk45Ig?authuser=0&hl=en&rclk=1,-3.4083859,101.8635084,biasa,37.0,beach cleanliness,sunset,atmosphere,music,message,,,,,,
Pantai Tapak Balai,Bengkulu,4.3,https://www.google.com/maps/place/Pantai+Tapak+Balai/data=!4m7!3m6!1s0x2e31568e55555555:0xbe6672006776f907!8m2!3d-3.5817512!4d102.1143449!16s%2Fg%2F11bw2jg_jq!19sChIJVVVVVY5WMS4RB_l2ZwByZr4?authuser=0&hl=en&rclk=1,-3.5817512,102.1143449,biasa,146.0,es kelapa muda,sound of waves,seaside,relaxing place,sunset,,,,,,
Pantai Sekunyit,Bengkulu,4.3,https://www.google.com/maps/place/Pantai+Sekunyit/data=!4m7!3m6!1s0x2e37e57b7333b745:0x752b916f68106405!8m2!3d-4.7688009!4d103.3216733!16s%2Fg%2F11cn3pt010!19sChIJRbczc3vlNy4RBWQQaG-RK3U?authuser=0&hl=en&rclk=1,-4.7688009,103.3216733,biasa,217.0,white sand,beach atmosphere,attractions,cleanliness,government,,,,,,
Pantai panjang bengkulu,Bengkulu,4.3,https://www.google.com/maps/place/Pantai+panjang+bengkulu/data=!4m7!3m6!1s0x2e36b1fcac37fe07:0xa35602de8642a603!8m2!3d-3.7928451!4d102.2607641!16s%2Fg%2F11k4kc49ks!19sChIJB_43rPyxNi4RA6ZCht4CVqM?authuser=0&hl=en&rclk=1,-3.7928451,102.2607641,biasa,388.0,Panjang Beach,big waves,free entry,playing in the water,white sand,,,,,,
Wisata Pantai Mangrove Ampallas,Sulawesi Barat,4.3,https://www.google.com/maps/place/Wisata+Pantai+Mangrove+Ampallas/data=!4m7!3m6!1s0x2d92dc3c970a580d:0xd13d4f025343a247!8m2!3d-2.630284!4d118.981143!16s%2Fg%2F11c70c99wn!19sChIJDVgKlzzcki0RR6JDUwJPPdE?authuser=0&hl=en&rclk=1,-2.630284,118.981143,biasa,21.0,Nirwana  Local Guide ·  reviews ·  photos,Marsono  Local Guide ·  reviews ·  photos,Arhy Pue Dollah  reviews ·  photos,Muhammad Ghofranpradana  reviews,adi pratama  reviews ·  photos,,,,,,
Pantai Kampung Solor,Nusa Tenggara Timur,4.3,https://www.google.com/maps/place/Pantai+Kampung+Solor/data=!4m7!3m6!1s0x2c569cf3067f9153:0x15b89c9e3a3ef74f!8m2!3d-10.1581925!4d123.5805602!16s%2Fg%2F11fxccmjjm!19sChIJU5F_BvOcViwRT_c-Op6cuBU?authuser=0&hl=en&rclk=1,-10.1581925,123.5805602,biasa,23.0,Eroz 11 Local Guide · 26 reviews · 2 photos,Marselina Kase 2 reviews · 1 photo,,,,,,,,,
Pantai Tanjung Dewa,Kalimantan Selatan,4.3,https://www.google.com/maps/place/Pantai+Tanjung+Dewa/data=!4m7!3m6!1s0x2de71d8a424f2325:0xe31888491e602fb1!8m2!3d-4.0648567!4d114.6279662!16s%2Fg%2F11l5dxyf_v!19sChIJJSNPQood5y0RsS9gHkmIGOM?authuser=0&hl=en&rclk=1,-4.0648567,114.6279662,biasa,26.0,Base Camping  reviews ·  photos,CIKITA NATALIA BR SITORUS  photo,fathurrahman azhari  reviews ·  photos,,,,,,,,
Pantai Pagatan,Kalimantan Selatan,4.3,https://www.google.com/maps/place/Pantai+Pagatan/data=!4m7!3m6!1s0x2de8bc3b6c646375:0x123b243405a95e3e!8m2!3d-3.6125198!4d115.9326613!16s%2Fg%2F11b6wj9_gj!19sChIJdWNkbDu86C0RPl6pBTQkOxI?authuser=0&hl=en&rclk=1,-3.6125198,115.9326613,biasa,2967.0,beach,clean beach,gazebo,pagatan beach,leisure,,,,,,
Angsana Beach,Kalimantan Selatan,4.3,https://www.google.com/maps/place/Angsana+Beach/data=!4m7!3m6!1s0x2de626ebe1cd8b4d:0xcd2bd9049aa15ce9!8m2!3d-3.7709309!4d115.5951221!16s%2Fg%2F1q66yqxrd!19sChIJTYvN4esm5i0R6VyhmgTZK80?authuser=0&hl=en&rclk=1,-3.7709309,115.5951221,biasa,1682.0,Angsana Beach,banana boat,coral reef,oil palms,ATV,,,,,,
Pantai Sungai Jawi,Kalimantan Barat,4.3,https://www.google.com/maps/place/Pantai+Sungai+Jawi/data=!4m7!3m6!1s0x2e05179851ec60c7:0x39aad4698eea343!8m2!3d-1.910148!4d110.0130947!16s%2Fg%2F11tn2p23vc!19sChIJx2DsUZgXBS4RQ6PumEatmgM?authuser=0&hl=en&rclk=1,-1.910148,110.0130947,biasa,30.0,cleanliness,Fadlan Sq  reviews ·  photos,Siti anisa  reviews ·  photos,dogom anou  reviews,Yusuf TemuLawak  reviews ·  photos,,,,,,
Pantai Family,Sumatera Selatan,4.3,https://www.google.com/maps/place/Pantai+Family/data=!4m7!3m6!1s0x2e2d252c09b6dd57:0xf8387b5aa62b64d3!8m2!3d-1.9120342!4d100.8581705!16s%2Fg%2F11rhrt55s8!19sChIJV922CSwlLS4R02Qrplp7OPg?authuser=0&hl=en&rclk=1,-1.9120342,100.8581705,biasa,334.0,beach,beach cleanliness,family beach,photo spots,free entry,,,,,,
Pantai Tanjung Layar Putih,Sulawesi Selatan,4.3,https://www.google.com/maps/place/Pantai+Tanjung+Layar+Putih/data=!4m7!3m6!1s0x2dbf1db00ddda137:0x98b716f9db61047e!8m2!3d-5.1913364!4d119.3824746!16s%2Fg%2F11c2k6q7gv!19sChIJN6HdDbAdvy0RfgRh2_kWt5g?authuser=0&hl=en&rclk=1,-5.1913364,119.3824746,biasa,558.0,sunset,river mouth,beach cleanliness,gazebo,prayer room,,,,,,
pantai Bara' UjungLero,Sulawesi Selatan,4.3,https://www.google.com/maps/place/pantai+Bara%27+UjungLero/data=!4m7!3m6!1s0x2d95a357f99c51e9:0x66081057507df09!8m2!3d-4.0417335!4d119.5922586!16s%2Fg%2F11g6rcpq2x!19sChIJ6VGc-VejlS0RCd8HdQWBYAY?authuser=0&hl=en&rclk=1,-4.0417335,119.5922586,biasa,58.0,Rizaldi Zaldy  review ·  photo,Said Beken  review,,,,,,,,,
Pantai Salopi,Sulawesi Selatan,4.3,https://www.google.com/maps/place/Pantai+Salopi/data=!4m7!3m6!1s0x2d9460c1568bd819:0xfebe9b407777247b!8m2!3d-3.5215298!4d119.4929373!16s%2Fg%2F11c6f067vl!19sChIJGdiLVsFglC0ReyR3d0Cbvv4?authuser=0&hl=en&rclk=1,-3.5215298,119.4929373,biasa,54.0,comfortable place,relaxing,Muhammad Syarmin  reviews ·  photos,Idul akbar channel  reviews ·  photos,HAMZAH MUSLIM  reviews ·  photos,,,,,,
Enu Beach,Sulawesi Tengah,4.3,https://www.google.com/maps/place/Enu+Beach/data=!4m7!3m6!1s0x2d8bb5456ec619c7:0x8a1d285064488b6b!8m2!3d-0.5343225!4d119.7776907!16s%2Fg%2F11c54rktgq!19sChIJxxnGbkW1iy0Ra4tIZFAoHYo?authuser=0&hl=en&rclk=1,-0.5343225,119.7776907,biasa,390.0,rocks,sunset,coral reefs,beach cleanliness,sea view,,,,,,
Pantai Wisata Pangi Masaingi,Sulawesi Tengah,4.3,https://www.google.com/maps/place/Pantai+Wisata+Pangi+Masaingi/data=!4m7!3m6!1s0x2d8bcb68c2d90c35:0x97fa4fc164054c9d!8m2!3d-0.5841723!4d119.7901157!16s%2Fg%2F11fmxswns1!19sChIJNQzZwmjLiy0RnUwFZMFP-pc?authuser=0&hl=en&rclk=1,-0.5841723,119.7901157,biasa,343.0,beach,gazebo,coconut trees,beach cleanliness,swimming in the sea,,,,,,
Zakat Beach,Bengkulu,4.3,https://www.google.com/maps/place/Zakat+Beach/data=!4m7!3m6!1s0x2e36b02c66d02c25:0x7e4b17bd1364be42!8m2!3d-3.782286!4d102.2597604!16s%2Fg%2F11g6b3jlcx!19sChIJJSzQZiywNi4RQr5kE70XS34?authuser=0&hl=en&rclk=1,-3.782286,102.2597604,biasa,849.0,bath,swimming at the beach,banana boat,safe for swimming,shower area,,,,,,
Pantai PB JUNGKAT,Kalimantan Barat,4.3,https://www.google.com/maps/place/Pantai+PB+JUNGKAT/data=!4m7!3m6!1s0x31e2a1c400455645:0x7d5693319818a6a6!8m2!3d0.0638996!4d109.1915203!16s%2Fg%2F11nghb715k!19sChIJRVZFAMSh4jERpqYYmDGTVn0?authuser=0&hl=en&rclk=1,0.0638996,109.1915203,biasa,38.0,relaxing place,cleanliness,karaoke,nature,atmosphere,,,,,,
Pantai Teluk Mak Jantu,Kalimantan Barat,4.3,https://www.google.com/maps/place/Pantai+Teluk+Mak+Jantu/data=!4m7!3m6!1s0x31e37373ffb370fb:0x1e95856b2ebe5094!8m2!3d0.8652454!4d108.9038323!16s%2Fg%2F11k0qfnldq!19sChIJ-3Cz_3Nz4zERlFC-LmuFlR4?authuser=0&hl=en&rclk=1,0.8652454,108.9038323,biasa,49.0,sea view,photo spot,fishing,island,recreation spot,,,,,,
Pantai Manikin,Nusa Tenggara Timur,4.3,https://www.google.com/maps/place/Pantai+Manikin/data=!4m7!3m6!1s0x2c56824e05ab1d79:0xc5f42aa6880a6a9f!8m2!3d-10.1252066!4d123.6740469!16s%2Fg%2F11g65btgc0!19sChIJeR2rBU6CViwRn2oKiKYq9MU?authuser=0&hl=en&rclk=1,-10.1252066,123.6740469,biasa,226.0,,,,,,,,,,,
Pantai Ena Gera,Nusa Tenggara Timur,4.3,https://www.google.com/maps/place/Pantai+Ena+Gera/data=!4m7!3m6!1s0x2db2c6c4c878219d:0x4b756313e0d14dca!8m2!3d-8.8914197!4d121.2046869!16s%2Fg%2F11bxdxml21!19sChIJnSF4yMTGsi0Ryk3R4BNjdUs?authuser=0&hl=en&rclk=1,-8.8914197,121.2046869,biasa,62.0,tour 3,clean water 2,toilet 2,view 2,cleanliness 2,,,,,,
Pantai Anging Mammiri,Sulawesi Selatan,4.3,https://www.google.com/maps/place/Pantai+Anging+Mammiri/data=!4m7!3m6!1s0x2dbf1d09ed927acb:0x55410de5e97d1932!8m2!3d-5.1806802!4d119.3893833!16s%2Fg%2F11c0pysrv9!19sChIJy3qS7Qkdvy0RMhl96eUNQVU?authuser=0&hl=en&rclk=1,-5.1806802,119.3893833,biasa,682.0,gazebo,sea water bath,huts for rent,family recreation spot,comfortable atmosphere,,,,,,
Pantai Indah Bosowa,Sulawesi Selatan,4.3,https://www.google.com/maps/place/Pantai+Indah+Bosowa/data=!4m7!3m6!1s0x2dbf1d895a49ebe7:0xa3149ee1b45b7cb2!8m2!3d-5.164686!4d119.3880937!16s%2Fg%2F11mk5rbpy0!19sChIJ5-tJWokdvy0RsnxbtOGeFKM?authuser=0&hl=en&rclk=1,-5.164686,119.3880937,biasa,919.0,beach,beach cleanliness,gazebo,prayer room,sunset,,,,,,
Pantai Topejawa Takalar,Sulawesi Selatan,4.3,https://www.google.com/maps/place/Pantai+Topejawa+Takalar/data=!4m7!3m6!1s0x2dbed608ed24e331:0xd37460940614fdc3!8m2!3d-5.509035!4d119.431049!16s%2Fg%2F11h9rfgf4z!19sChIJMeMk7QjWvi0Rw_0UBpRgdNM?authuser=0&hl=en&rclk=1,-5.509035,119.431049,biasa,877.0,gazebos,topejawa beach,area,slide rides,play rides,,,,,,
Padang Betuah Beach,Bengkulu,4.3,https://www.google.com/maps/place/Padang+Betuah+Beach/data=!4m7!3m6!1s0x2e3152d596e0d6d9:0x484dbe15b09fa895!8m2!3d-3.6540292!4d102.2068603!16s%2Fg%2F11csb12vst!19sChIJ2dbgltVSMS4RlaifsBW-TUg?authuser=0&hl=en&rclk=1,-3.6540292,102.2068603,biasa,316.0,lake,cliffs,photo spots,sea view,beach,,,,,,
Pantai Nipah-Nipah,Kalimantan Timur,4.3,https://www.google.com/maps/place/Pantai+Nipah-Nipah/data=!4m7!3m6!1s0x2df13f2fc4cc79df:0xa3fd46179f35a69e!8m2!3d-1.296129!4d116.7606293!16s%2Fg%2F11b826pd4y!19sChIJ33nMxC8_8S0RnqY1nxdG_aM?authuser=0&hl=en&rclk=1,-1.296129,116.7606293,biasa,628.0,Nipah-Nipah Beach,photo spots,photos,coconut ice,prayer room,,,,,,
Pantai LOGPON,Gorontalo,4.3,https://www.google.com/maps/place/Pantai+LOGPON/data=!4m7!3m6!1s0x3279510be521d60f:0x2dd78ee1ee71142d!8m2!3d0.9124799!4d122.9499483!16s%2Fg%2F11f73tvcq4!19sChIJD9Yh5QtReTIRLRRx7uGO1y0?authuser=0&hl=en&rclk=1,0.9124799,122.9499483,biasa,48.0,E L  review ·  photo,Roy .T.chanel  review,,,,,,,,,
Pantai Germanium Bulawa,Gorontalo,4.3,https://www.google.com/maps/place/Pantai+Germanium+Bulawa/data=!4m7!3m6!1s0x327f31d5eff5ae4b:0x8be61efbfd733070!8m2!3d0.3380533!4d123.2509753!16s%2Fg%2F11lq32f22_!19sChIJS67179UxfzIRcDBz_fse5os?authuser=0&hl=en&rclk=1,0.3380533,123.2509753,biasa,6.0,Abdul Abdul  review,Sitti Munsyirah M. Ayuba  review,Rahmiyati Talib  photo,,,,,,,,
Talaga Beach,Pulau Buru,4.3,https://www.google.com/maps/place/Talaga+Beach/data=!4m7!3m6!1s0x2d726d781ab7e775:0xd31801d83c6ce0e6!8m2!3d-3.2796884!4d127.1167617!16s%2Fg%2F11f3bcv1wr!19sChIJdee3Gnhtci0R5uBsPNgBGNM?authuser=0&hl=en&rclk=1,-3.2796884,127.1167617,biasa,96.0,relaxing atmosphere 2,cleanliness 2,green 2,Eka Yanti 1 review,Reza Heluth 2 reviews · 1 photo,,,,,,
Pantai AKO Jikumerasa,Pulau Buru,4.3,https://www.google.com/maps/place/Pantai+AKO+Jikumerasa/data=!4m7!3m6!1s0x2d7216c383159143:0x312b6ceb65889f78!8m2!3d-3.1634608!4d127.0233468!16s%2Fg%2F11dyzdj0tp!19sChIJQ5EVg8MWci0ReJ-IZetsKzE?authuser=0&hl=en&rclk=1,-3.1634608,127.0233468,biasa,42.0,beach 7,,,,,,,,,,
Pantai Batu Bedaun,Bangka Belitung,4.3,https://www.google.com/maps/place/Pantai+Batu+Bedaun/data=!4m7!3m6!1s0x2e22f48c24b7458d:0x823a28d7152e01cd!8m2!3d-1.8202625!4d106.1188393!16s%2Fg%2F11b6bkb190!19sChIJjUW3JIz0Ii4RzQEuFdcoOoI?authuser=0&hl=en&rclk=1,-1.8202625,106.1188393,biasa,1080.0,gazebo,swimming pool,gazebo rental,clean pool,family recreation spot,,,,,,
Pasir Padi Beach,Bangka Belitung,4.3,https://www.google.com/maps/place/Pasir+Padi+Beach/data=!4m7!3m6!1s0x2e22bf6548a5518b:0xfc3220ff8b25a8b0!8m2!3d-2.107672!4d106.1687861!16s%2Fm%2F010hktfd!19sChIJi1GlSGW_Ii4RsKgli_8gMvw?authuser=0&hl=en&rclk=1,-2.107672,106.1687861,biasa,1974.0,pasir padi beach,rice sand,area,coconut ice,gentle beach,,,,,,
Waterfront Sekayu,Sumatera Selatan,4.3,https://www.google.com/maps/place/Waterfront+Sekayu/data=!4m7!3m6!1s0x2e3a8ddc95d16b69:0x55aa4214fa21965a!8m2!3d-2.8758635!4d103.8316168!16s%2Fg%2F11by_gsd46!19sChIJaWvRldyNOi4RWpYh-hRCqlU?authuser=0&hl=en&rclk=1,-2.8758635,103.8316168,biasa,827.0,river,view of musi river,leisure,annual beach,shade trees,,,,,,
Pantai Ujung Suso,Sulawesi Selatan,4.3,https://www.google.com/maps/place/Pantai+Ujung+Suso/data=!4m7!3m6!1s0x2d91a85aadbb4089:0x44626ca558599132!8m2!3d-2.6369678!4d120.745883!16s%2Fg%2F11fzc47t_b!19sChIJiUC7rVqokS0RMpFZWKVsYkQ?authuser=0&hl=en&rclk=1,-2.6369678,120.745883,biasa,354.0,gazebo,area,banana boat,wide sand,statue,,,,,,
Pantai Kuma,Nusa Tenggara Timur,4.3,https://www.google.com/maps/place/Pantai+Kuma/data=!4m7!3m6!1s0x2dad477992edbf4d:0x3e10934f305a7819!8m2!3d-8.8139753!4d121.9736414!16s%2Fg%2F11fl0y1lnh!19sChIJTb_tknlHrS0RGXhaME-TED4?authuser=0&hl=en&rclk=1,-8.8139753,121.9736414,biasa,19.0,rock 3,beautiful 2,Hasanuddin 3 reviews · 4 photos,Aldyano Gedho 1 review · 21 photos,Mega Rajo 1 review · 9 photos,,,,,,
Pantai Viral Kali Ancar,Nusa Tenggara Barat,4.3,https://www.google.com/maps/place/Pantai+Viral+Kali+Ancar/data=!4m7!3m6!1s0x2dcdc1d0e52fa51d:0x887221b8f8d233d2!8m2!3d-8.5879375!4d116.0723125!16s%2Fg%2F11v0z0hc9k!19sChIJHaUv5dDBzS0R0jPS-Lghcog?authuser=0&hl=en&rclk=1,-8.5879375,116.0723125,biasa,76.0,sunset 15,beach 7,beach cleanliness 2,quiet atmosphere 3,cost 2,,,,,,
Pantai Pasir Sisik Kendawangan,Kalimantan Barat,4.3,https://www.google.com/maps/place/Pantai+Pasir+Sisik+Kendawangan/data=!4m7!3m6!1s0x2e0f858d522e270f:0x497410d300d4be44!8m2!3d-2.4311245!4d110.1533182!16s%2Fg%2F11mvrp1j0h!19sChIJDycuUo2FDy4RRL7UANMQdEk?authuser=0&hl=en&rclk=1,-2.4311245,110.1533182,biasa,18.0,Waradana Dana  review,ERICK NURDIANSYAH  review ·  photo,Setalang industri atsiri Setalang  review,Johannes Baptista  review ·  photos,,,,,,,
Pantai Lawata Bima,Nusa Tenggara Barat,4.3,https://www.google.com/maps/place/Pantai+Lawata+Bima/data=!4m7!3m6!1s0x2db58986f5c85239:0xf7e175d08d54ac1b!8m2!3d-8.4716507!4d118.7110724!16s%2Fg%2F11bzwp_gyn!19sChIJOVLI9YaJtS0RG6xUjdB14fc?authuser=0&hl=en&rclk=1,-8.4716507,118.7110724,biasa,844.0,beauty of the beach 7,close to city center 4,banana boat 2,scenery 21,photo spots 3,,,,,,
Ekas Beach,Nusa Tenggara Barat,4.3,https://www.google.com/maps/place/Ekas+Beach/data=!4m7!3m6!1s0x2dcc544e6956debb:0x77d8c51bca7a48c9!8m2!3d-8.8736656!4d116.4550889!16s%2Fg%2F11b7fb5j89!19sChIJu95WaU5UzC0RyUh6yhvF2Hc?authuser=0&hl=en&rclk=1,-8.8736656,116.4550889,biasa,662.0,waves 15,floating cafe 7,white sand 14,lobster farming 4,floating fish cages 3,,,,,,
Pantai Elak Elak,Nusa Tenggara Barat,4.3,https://www.google.com/maps/place/Pantai+Elak+Elak/data=!4m7!3m6!1s0x2dcd974e59ad0b2f:0x267fd952b1a11e!8m2!3d-8.7304684!4d115.9662355!16s%2Fg%2F11cjh_3f63!19sChIJLwutWU6XzS0RHqGxUtl_JgA?authuser=0&hl=en&rclk=1,-8.7304684,115.9662355,biasa,425.0,waves 13,white sand 16,clean beach 20,sunset view 6,snorkel 12,,,,,,
Pantai Burung Mandi,Bangka Belitung,4.3,https://www.google.com/maps/place/Pantai+Burung+Mandi/data=!4m7!3m6!1s0x2e10c58e416e3ba9:0x7d3a512d1aa8c2d9!8m2!3d-2.7392873!4d108.2478226!16s%2Fg%2F11b6tc_c4q!19sChIJqTtuQY7FEC4R2cKoGi1ROn0?authuser=0&hl=en&rclk=1,-2.7392873,108.2478226,biasa,436.0,vihara,fishing boats,fisherman,young coconut,prayer room,,,,,,
"Palm Beach (Pak Lotay), Singkawang",Kalimantan Barat,4.3,"https://www.google.com/maps/place/Palm+Beach+%28Pak+Lotay%29,+Singkawang/data=!4m7!3m6!1s0x31e30b4d5b0716bf:0x7301c64a30aa5cdb!8m2!3d0.8557255!4d108.8904108!16s%2Fg%2F11cn5nc8w_!19sChIJvxYHW00L4zER21yqMErGAXM?authuser=0&hl=en&rclk=1",0.8557255,108.8904108,biasa,622.0,area,beach cleanliness,gazebo,pristine beach,huts,,,,,,
PANTAI SUNGAI TENGAR,Kalimantan Barat,4.3,https://www.google.com/maps/place/PANTAI+SUNGAI+TENGAR/data=!4m7!3m6!1s0x2e0f8623d94bb7c5:0x587009d551969d41!8m2!3d-2.3626175!4d110.1465088!16s%2Fg%2F11f0wnc5wf!19sChIJxbdL2SOGDy4RQZ2WUdUJcFg?authuser=0&hl=en&rclk=1,-2.3626175,110.1465088,biasa,85.0,cleanliness,Nur Hidayat  reviews ·  photo,"Cahyana Wiyana , reviews · , photos",Yunus Muhammad  reviews,Azra Zoldyck  reviews,,,,,,
Pantai Jambat Kendawangan,Kalimantan Barat,4.3,https://www.google.com/maps/place/Pantai+Jambat+Kendawangan/data=!4m7!3m6!1s0x2e0f9a5503837df9:0x9b9c6579ff45f60b!8m2!3d-2.4976296!4d110.1854675!16s%2Fg%2F11hbgchzpl!19sChIJ-X2DA1WaDy4RC_ZF_3llnJs?authuser=0&hl=en&rclk=1,-2.4976296,110.1854675,biasa,110.0,sunset,view,location,management,Jarot Harlian  review ·  photos,,,,,,
Pantai Tanah Hitam,Kalimantan Barat,4.3,https://www.google.com/maps/place/Pantai+Tanah+Hitam/data=!4m7!3m6!1s0x31e4ddb99aa10027:0x74ac1656a483da4!8m2!3d1.631506!4d109.2185712!16s%2Fg%2F11b6p21zzg!19sChIJJwChmrnd5DERpD1IamXBSgc?authuser=0&hl=en&rclk=1,1.631506,109.2185712,biasa,171.0,black soil,beach cleanliness,beach tourism,relaxing,atmosphere,,,,,,
Pantai Batu Kapur Bangka Selatan,Bangka Belitung,4.3,https://www.google.com/maps/place/Pantai+Batu+Kapur+Bangka+Selatan/data=!4m7!3m6!1s0x2e3d81803dbe0b83:0xd8282fd92e0c289f!8m2!3d-3.0089309!4d106.4421565!16s%2Fg%2F11bxg8db4b!19sChIJgwu-PYCBPS4RnygMLtkvKNg?authuser=0&hl=en&rclk=1,-3.0089309,106.4421565,biasa,532.0,coast,granite,prayer room,sunset,sea view,,,,,,
Pantai Pal 5,Pulau Buru,4.3,https://www.google.com/maps/place/Pantai+Pal+5/data=!4m7!3m6!1s0x2d721251370865c5:0x9842812497ef565d!8m2!3d-3.2110683!4d127.08984!16s%2Fg%2F11hbn4py8_!19sChIJxWUIN1ESci0RXVbvlySBQpg?authuser=0&hl=en&rclk=1,-3.2110683,127.08984,biasa,65.0,Pantai Pal 5,coconut 2,scenery 2,Dzq130816 Marua 2 reviews · 1 photo,Chika Besugi 1 review · 1 photo,,,,,,
"Palm Spring Beach, Nongsa, Batam",Kepulauan Riau,4.3,"https://www.google.com/maps/place/Palm+Spring+Beach,+Nongsa,+Batam/data=!4m7!3m6!1s0x31da27ebe6a41659:0xed6a6e1dbfcaf601!8m2!3d1.1902626!4d104.0835822!16s%2Fg%2F11c1pcykrn!19sChIJWRak5usn2jERAfbKvx1uau0?authuser=0&hl=en&rclk=1",1.1902626,104.0835822,biasa,623.0,photo spots,sunset view,golf,games,clean place,,,,,,
Pantai Kuala,Kalimantan Timur,4.3,https://www.google.com/maps/place/Pantai+Kuala/data=!4m7!3m6!1s0x2df6abc8d7148b17:0x3828b356d9b7cb90!8m2!3d-1.023804!4d117.1173929!16s%2Fg%2F11f_pz9w2l!19sChIJF4sU18ir9i0RkMu32VazKDg?authuser=0&hl=en&rclk=1,-1.023804,117.1173929,biasa,164.0,gazebo,prayer room,gazebo rental,water park,waterboom,,,,,,
pantai kotabaru,Ternate,4.3,https://www.google.com/maps/place/pantai+kotabaru/data=!4m7!3m6!1s0x329cb6ab25555555:0x1aabdae8b1bbcf8!8m2!3d0.7798667!4d127.3860619!16s%2Fg%2F11g8nhrkty!19sChIJVVVVJau2nDIR-Lwbi669qgE?authuser=0&hl=en&rclk=1,0.7798667,127.3860619,biasa,75.0,Sarjan Patty 2 reviews,Ahmadudibas Ahmadudibas 1 review,Hijrah Ahmad 1 review,,,,,,,,
Pantai Akerica,Ternate,4.3,https://www.google.com/maps/place/Pantai+Akerica/data=!4m7!3m6!1s0x329cb4abe8e5b03f:0xaf74f9ef1791f487!8m2!3d0.7782083!4d127.3017503!16s%2Fg%2F11bx1gsvvb!19sChIJP7Dl6Ku0nDIRh_SRF-_5dK8?authuser=0&hl=en&rclk=1,0.7782083,127.3017503,biasa,121.0,beach 6,sunset 9,Endri Aidin 1 review · 1 photo,Muhammad rizky Aly 1 review,,,,,,,
Pantai Tabanga,Ternate,4.3,https://www.google.com/maps/place/Pantai+Tabanga/data=!4m7!3m6!1s0x329cada7a1ab3185:0x20768b3db75fc280!8m2!3d0.8579972!4d127.3467739!16s%2Fg%2F11c1q9jq54!19sChIJhTGroaetnDIRgMJftz2LdiA?authuser=0&hl=en&rclk=1,0.8579972,127.3467739,biasa,58.0,beach 6,photo spot 2,sunrise 2,beautiful 3,Arfan regi Fikranadika 3 reviews · 9 photos,,,,,,
Lawena Beach,Ambon,4.3,https://www.google.com/maps/place/Lawena+Beach/data=!4m7!3m6!1s0x2d6ceadc8f9ed777:0x95f8e32984c6409d!8m2!3d-3.6875444!4d128.299919!16s%2Fg%2F11c1tln1tb!19sChIJd9eej9zqbC0RnUDGhCnj-JU?authuser=0&hl=en&rclk=1,-3.6875444,128.299919,biasa,100.0,clear blue water 2,coral reefs 2,white sand 4,calm atmosphere 2,entrance fee 4,,,,,,
Monpera Beach,Kalimantan Timur,4.3,https://www.google.com/maps/place/Monpera+Beach/data=!4m7!3m6!1s0x2df147378e8bf761:0x1611058c17e8c0c9!8m2!3d-1.2798078!4d116.8219289!16s%2Fg%2F1hm2ykrzg!19sChIJYfeLjjdH8S0RycDoF4wFERY?authuser=0&hl=en&rclk=1,-1.2798078,116.8219289,biasa,1900.0,beach cleanliness,statue,leisure,vendors,access to the beach,,,,,,
Sembulang Beach,Riau,4.3,https://www.google.com/maps/place/Sembulang+Beach/data=!4m7!3m6!1s0x31d9a06a934f4ce1:0xeb0978e527d8f9b7!8m2!3d0.8577558!4d104.2642628!16s%2Fg%2F11dxnv1jy7!19sChIJ4UxPk2qg2TERt_nYJ-V4Ces?authuser=0&hl=en&rclk=1,0.8577558,104.2642628,biasa,88.0,yellow sand,natural beach,seafood,relaxing atmosphere,play,,,,,,
Pantai Cakang,Riau,4.3,https://www.google.com/maps/place/Pantai+Cakang/data=!4m7!3m6!1s0x31d9007847d96485:0x510d7b0dbd003761!8m2!3d0.61142!4d104.2885001!16s%2Fg%2F11c4m5jr0_!19sChIJhWTZR3gA2TERYTcAvQ17DVE?authuser=0&hl=en&rclk=1,0.61142,104.2885001,biasa,183.0,gazebos,mangroves,photo spots,gazebo rental,paid toilet,,,,,,
Coastarina,Riau,4.3,https://www.google.com/maps/place/Coastarina/data=!4m7!3m6!1s0x31d9884b83a7e273:0xef72443e20ae2ae4!8m2!3d1.1529737!4d104.056806!16s%2Fg%2F11bz0nk8q0!19sChIJc-Kng0uI2TER5CquID5Ecu8?authuser=0&hl=en&rclk=1,1.1529737,104.056806,biasa,19.0,pool,,,,,,,,,,
Tanjung Bemban,Riau,4.3,https://www.google.com/maps/place/Tanjung+Bemban/data=!4m7!3m6!1s0x31d987889d6b6eab:0xf12f4f3a4cf8ba64!8m2!3d1.1724428!4d104.1349015!16s%2Fg%2F11g726chk0!19sChIJq25rnYiH2TERZLr4TDpPL_E?authuser=0&hl=en&rclk=1,1.1724428,104.1349015,biasa,183.0,coconut,sea view,free entry,friendly residents,cycling,,,,,,
TAKARI Beach,Bangka Belitung,4.3,https://www.google.com/maps/place/TAKARI+Beach/data=!4m7!3m6!1s0x2e2292d528d00511:0x5c28b36e6a47b3a7!8m2!3d-1.9451987!4d106.1586886!16s%2Fg%2F11f08jptg4!19sChIJEQXQKNWSIi4Rp7NHam6zKFw?authuser=0&hl=en&rclk=1,-1.9451987,106.1586886,biasa,763.0,area,pine,murky water,shade trees,hammock,,,,,,
Pantai Kuala Pangkalpinang,Bangka Belitung,4.3,https://www.google.com/maps/place/Pantai+Kuala+Pangkalpinang/data=!4m7!3m6!1s0x2e22bff9f9351c9d:0x175c589665fab099!8m2!3d-2.0694408!4d106.1637093!16s%2Fg%2F11gbzbl3ms!19sChIJnRw1-fm_Ii4RmbD6ZZZYXBc?authuser=0&hl=en&rclk=1,-2.0694408,106.1637093,biasa,24.0,golden bridge,,,,,,,,,,
Pantai Pukan,Bangka Belitung,4.3,https://www.google.com/maps/place/Pantai+Pukan/data=!4m7!3m6!1s0x2e22954b22e5f2af:0x929c7da841df565!8m2!3d-2.0443367!4d106.1594233!16s%2Fg%2F11c52s1ndx!19sChIJr_LlIkuVIi4RZfUdhNrHKQk?authuser=0&hl=en&rclk=1,-2.0443367,106.1594233,biasa,729.0,beach,hut,beach cleanliness,prayer room,gentle beach,,,,,,
PANTAI TELUK UBER,Bangka Belitung,4.3,https://www.google.com/maps/place/PANTAI+TELUK+UBER/data=!4m7!3m6!1s0x2e228d2641185153:0xe9362024c47445da!8m2!3d-1.8752685!4d106.1715464!16s%2Fg%2F11bx42dzv0!19sChIJU1EYQSaNIi4R2kV0xCQgNuk?authuser=0&hl=en&rclk=1,-1.8752685,106.1715464,biasa,394.0,rocks,beach,banana boat,gazebo,clean beach,,,,,,
Pantai Tanjung Bloam,Nusa Tenggara Barat,4.3,https://www.google.com/maps/place/Pantai+Tanjung+Bloam/data=!4m7!3m6!1s0x2dccf8798e3d9395:0xc4b1c85f1903be4a!8m2!3d-8.8792522!4d116.5701922!16s%2Fg%2F11c53gjq3j!19sChIJlZM9jnn4zC0RSr4DGV_IscQ?authuser=0&hl=en&rclk=1,-8.8792522,116.5701922,biasa,270.0,cliff 7,private beach 5,clean beach 5,slippery road 2,access to the beach 2,,,,,,
Pantai Alo Alo,Sulawesi Tenggara,4.3,https://www.google.com/maps/place/Pantai+Alo+Alo/data=!4m7!3m6!1s0x2da31ff01493d4f1:0xbe8b576e3bbe1870!8m2!3d-4.8732837!4d122.0392623!16s%2Fg%2F11sbdd53s_!19sChIJ8dSTFPAfoy0RcBi-O25Xi74?authuser=0&hl=en&rclk=1,-4.8732837,122.0392623,biasa,13.0,white sand 2,blue beach 2,sand 3,beach 2,DimannamaNa a 1 review,,,,,,
Pantai Batu Gong Kendari,Sulawesi Tenggara,4.3,https://www.google.com/maps/place/Pantai+Batu+Gong+Kendari/data=!4m7!3m6!1s0x2d98f1ee5493c7e7:0xf2dc67909a2c81ab!8m2!3d-3.8806523!4d122.5066228!16s%2Fg%2F11p00vwj7w!19sChIJ58eTVO7xmC0Rq4EsmpBn3PI?authuser=0&hl=en&rclk=1,-3.8806523,122.5066228,biasa,134.0,gazebo 6,beach cleanliness 5,spacious beach 2,entrance fee 3,sunrise 2,,,,,,
Pantai Nipa Nipa,Sulawesi Tenggara,4.3,https://www.google.com/maps/place/Pantai+Nipa+Nipa/data=!4m7!3m6!1s0x2d98e9731f4853cf:0x68df10ebbfe331e9!8m2!3d-3.8966078!4d122.6647957!16s%2Fg%2F11f2xjymmb!19sChIJz1NIH3PpmC0R6THjv-sQ32g?authuser=0&hl=en&rclk=1,-3.8966078,122.6647957,biasa,104.0,view 2,,,,,,,,,,
Pantai Batu Gong,Nusa Tenggara Barat,4.3,https://www.google.com/maps/place/Pantai+Batu+Gong/data=!4m7!3m6!1s0x2dcbf263c68f2d6d:0x449c3974268be1f9!8m2!3d-8.4519789!4d117.3451759!16s%2Fg%2F11cp5s0blv!19sChIJbS2PxmPyyy0R-eGLJnQ5nEQ?authuser=0&hl=en&rclk=1,-8.4519789,117.3451759,biasa,473.0,batu gong beach 3,banana boat 2,exotic beach 3,gazebo 2,coconut water 3,,,,,,
Pantai Sanggara,Riau,4.3,https://www.google.com/maps/place/Pantai+Sanggara/data=!4m7!3m6!1s0x31d98ae17e81e70d:0x39802c650af8b00d!8m2!3d1.1417457!4d103.9432048!16s%2Fg%2F11f3v9qctl!19sChIJDeeBfuGK2TERDbD4CmUsgDk?authuser=0&hl=en&rclk=1,1.1417457,103.9432048,biasa,12.0,,,,,,,,,,,
Pantai Bahagia,Riau,4.3,https://www.google.com/maps/place/Pantai+Bahagia/data=!4m7!3m6!1s0x31da2762f334bd6d:0xbfc787219cf147b2!8m2!3d1.1936603!4d104.0946215!16s%2Fg%2F11qm1rpshb!19sChIJbb0082In2jERskfxnCGHx78?authuser=0&hl=en&rclk=1,1.1936603,104.0946215,biasa,0.0,,,,,,,,,,,
Pantai Maba,Maluku Utara,4.3,https://www.google.com/maps/place/Pantai+Maba/data=!4m7!3m6!1s0x329c403fef0d911f:0xeea5ece23b230265!8m2!3d0.6964531!4d128.2947352!16s%2Fg%2F11c7p5kbn7!19sChIJH5EN7z9AnDIRZQIjO-Lspe4?authuser=0&hl=en&rclk=1,0.6964531,128.2947352,biasa,51.0,view 2,island 3,Rahmat Sanaba 4 reviews · 8 photos,Ardian Mobon 1 review · 2 photos,Muhammad Said Dj 1 review,,,,,,
Pantai Pulau Kakara,Maluku Utara,4.3,https://www.google.com/maps/place/Pantai+Pulau+Kakara/data=!4m7!3m6!1s0x329a616f5f3328b5:0x9dea8fa069cdf2d5!8m2!3d1.7439186!4d128.0356976!16s%2Fg%2F11f04ddhzs!19sChIJtSgzX29hmjIR1fLNaaCP6p0?authuser=0&hl=en&rclk=1,1.7439186,128.0356976,biasa,26.0,snorkling 2,Irvand Rafhael 5 reviews,,,,,,,,,
Dulanga Beach,Gorontalo,4.3,https://www.google.com/maps/place/Dulanga+Beach/data=!4m7!3m6!1s0x3278d5ac19bb21f7:0xdc33f9ea51d13165!8m2!3d0.4945251!4d123.0287939!16s%2Fg%2F11f5v0l9jc!19sChIJ9yG7GazVeDIRZTHRUer5M9w?authuser=0&hl=en&rclk=1,0.4945251,123.0287939,biasa,478.0,beaches,beach cleanliness,photo spots,gazebo,prayer room,,,,,,
Pantai Tasik Ria,Sulawesi Utara,4.3,https://www.google.com/maps/place/Pantai+Tasik+Ria/data=!4m7!3m6!1s0x328770f528663549:0x28113079118c7319!8m2!3d1.4119247!4d124.7081188!16s%2Fg%2F11g88tdhpw!19sChIJSTVmKPVwhzIRGXOMEXkwESg?authuser=0&hl=en&rclk=1,1.4119247,124.7081188,biasa,152.0,beach,beach cleanliness,white sand,many trees,sunset,,,,,,
Pantai Bungin,Sulawesi Utara,4.3,https://www.google.com/maps/place/Pantai+Bungin/data=!4m7!3m6!1s0x327e700325082901:0x7d047b93ebc04388!8m2!3d0.8800263!4d123.9859975!16s%2Fg%2F11g96sp8q_!19sChIJASkIJQNwfjIRiEPA65N7BH0?authuser=0&hl=en&rclk=1,0.8800263,123.9859975,biasa,92.0,beach,prayer room,sunset,wide beach,cleanliness,,,,,,
Pantai Mandra Kolaka,Sulawesi Tenggara,4.3,https://www.google.com/maps/place/Pantai+Mandra+Kolaka/data=!4m7!3m6!1s0x2d978b0000000001:0xa9b2f7e67c6161fc!8m2!3d-4.0609654!4d121.5912308!16s%2Fg%2F11b7ztt7dd!19sChIJAQAAAACLly0R_GFhfOb3sqk?authuser=0&hl=en&rclk=1,-4.0609654,121.5912308,biasa,764.0,mosque 5,seafront 5,sunset 14,sea atmosphere 6,jogging spot 5,,,,,,
Pantai Widodo,Sulawesi Tenggara,4.3,https://www.google.com/maps/place/Pantai+Widodo/data=!4m7!3m6!1s0x2da2e110a0027f8d:0x37f84aac7c7847c5!8m2!3d-4.8557194!4d122.0605144!16s%2Fg%2F11nyc6m74q!19sChIJjX8CoBDhoi0RxUd4fKxK-Dc?authuser=0&hl=en&rclk=1,-4.8557194,122.0605144,biasa,21.0,beach 5,cleanliness 3,Hendra Saputra 5 reviews · 6 photos,Isra Mira 3 reviews · 7 photos,Muhamad Tariq Akbar 5 reviews,,,,,,
Koguna Beach,Sulawesi Tenggara,4.3,https://www.google.com/maps/place/Koguna+Beach/data=!4m7!3m6!1s0x2da1522d0d8e0815:0x87fd329662a089e6!8m2!3d-5.3036283!4d123.2159989!16s%2Fg%2F11b638n52w!19sChIJFQiODS1SoS0R5omgYpYy_Yc?authuser=0&hl=en&rclk=1,-5.3036283,123.2159989,biasa,147.0,split rock 2,pine 3,white sand 2,natural beach 2,lake 2,,,,,,
Pantai Walengkabola,Sulawesi Tenggara,4.3,https://www.google.com/maps/place/Pantai+Walengkabola/data=!4m7!3m6!1s0x2da3912f6e0e9a97:0x8599db3940962371!8m2!3d-5.1978488!4d122.5902306!16s%2Fg%2F11b6tfyxry!19sChIJl5oObi-Roy0RcSOWQDnbmYU?authuser=0&hl=en&rclk=1,-5.1978488,122.5902306,biasa,158.0,beach 13,white sand 3,gazebo 2,beach cleanliness 2,very beautiful 2,,,,,,
Pantai Mutun (MS Town Beach),Lampung,4.3,https://www.google.com/maps/place/Pantai+Mutun+%28MS+Town+Beach%29/data=!4m7!3m6!1s0x2e40d9e6cb1ab601:0x51779218c64d24b5!8m2!3d-5.5140783!4d105.2629427!16s%2Fg%2F11pcgvs_5m!19sChIJAbYay-bZQC4RtSRNxhiSd1E?authuser=0&hl=en&rclk=1,-5.5140783,105.2629427,biasa,1338.0,ship,beach cleanliness,gazebo,banana boat,white sand,,,,,,
White Sand Beach,Lampung,4.3,https://www.google.com/maps/place/White+Sand+Beach/data=!4m7!3m6!1s0x2e412147d6795f8d:0x2b56933e9008b516!8m2!3d-5.529222!4d105.3554706!16s%2Fg%2F11qgwzk9xg!19sChIJjV951kchQS4RFrUIkD6TVis?authuser=0&hl=en&rclk=1,-5.529222,105.3554706,biasa,123.0,river views,trail,bonfires,secluded,soft sand,,,,,,
Serdang Beach,Bangka Belitung,4.3,https://www.google.com/maps/place/Serdang+Beach/data=!4m7!3m6!1s0x2e10dbd00be21297:0xa4a2cc0300e6544!8m2!3d-2.8565346!4d108.2972991!16s%2Fg%2F11b6gjbk0h!19sChIJlxLiC9DbEC4RRGUOMMAsSgo?authuser=0&hl=en&rclk=1,-2.8565346,108.2972991,biasa,201.0,scenery,kater boat,white sand,long beach,warungs,,,,,,
Pantai Batu Bedil,Bangka Belitung,4.3,https://www.google.com/maps/place/Pantai+Batu+Bedil/data=!4m7!3m6!1s0x2e174ec92ac0b1bb:0xea26cb68661db209!8m2!3d-2.5605891!4d107.9236277!16s%2Fg%2F11dxdky_d3!19sChIJu7HAKslOFy4RCbIdZmjLJuo?authuser=0&hl=en&rclk=1,-2.5605891,107.9236277,biasa,162.0,mangroves,giant granite rocks,clean beach area,forest,cool atmosphere,,,,,,
Pantai batu tunggal Rambak,Bangka Belitung,4.3,https://www.google.com/maps/place/Pantai+batu+tunggal+Rambak/data=!4m7!3m6!1s0x2e228d000bb0235f:0x698debfb3559b00!8m2!3d-1.8714454!4d106.1646136!16s%2Fg%2F11lz2n8_c_!19sChIJXyOwCwCNIi4RAJtVs7_emAY?authuser=0&hl=en&rclk=1,-1.8714454,106.1646136,biasa,168.0,gazebo,prayer room,beach,white sand,clean beach,,,,,,
Pantai Atep Oki,Sulawesi Utara,4.3,https://www.google.com/maps/place/Pantai+Atep+Oki/data=!4m7!3m6!1s0x32873bf6845f8f59:0x2940f4d1b14ca9d5!8m2!3d1.1417472!4d125.022742!16s%2Fg%2F11rx3jhm7t!19sChIJWY9fhPY7hzIR1alMsdH0QCk?authuser=0&hl=en&rclk=1,1.1417472,125.022742,biasa,20.0,Kiel Saroinsong  reviews,wuisan junior  review,Agrina Tansile  review ·  photos,,,,,,,,
Pitu Beach,Maluku Utara,4.3,https://www.google.com/maps/place/Pitu+Beach/data=!4m7!3m6!1s0x329a5f1fc764225d:0x7e73df330e0e90ff!8m2!3d1.6835781!4d128.0120891!16s%2Fg%2F11fj4w3c8l!19sChIJXSJkxx9fmjIR_5AODjPfc34?authuser=0&hl=en&rclk=1,1.6835781,128.0120891,biasa,86.0,guraka water 2,ikan bakar 2,sunset 2,relaxing place 2,beach tourism 2,,,,,,
Kakara A Beach,Maluku Utara,4.3,https://www.google.com/maps/place/Kakara+A+Beach/data=!4m7!3m6!1s0x329a63d5dc92a51d:0x3dff8dca7db6465d!8m2!3d1.7531494!4d128.0255682!16s%2Fg%2F11d_bqnqqy!19sChIJHaWS3NVjmjIRXUa2fcqN_z0?authuser=0&hl=en&rclk=1,1.7531494,128.0255682,biasa,12.0,vacation 4,Fran Sidette 10 reviews · 2 photos,Joe Purba 1 review · 1 photo,,,,,,,,
Pantai Tan Sridano,Sumatera Barat,4.3,https://www.google.com/maps/place/Pantai+Tan+Sridano/data=!4m7!3m6!1s0x2e2ccaab223e2931:0x719a8646e63b3f5c!8m2!3d-1.4975592!4d100.6209737!16s%2Fg%2F11g8v10w19!19sChIJMSk-IqvKLC4RXD875kaGmnE?authuser=0&hl=en&rclk=1,-1.4975592,100.6209737,biasa,126.0,pine,beauty of the beach,scenery,clean beach,not crowded,,,,,,
Ulak Beautiful Beach Tourism,Sumatera Barat,4.3,https://www.google.com/maps/place/Ulak+Beautiful+Beach+Tourism/data=!4m7!3m6!1s0x2fd4d4fe7403e395:0xfd3e83dc55bb1056!8m2!3d-0.6299425!4d100.5799216!16s%2Fg%2F11g6nkqcd9!19sChIJleMDdP7U1C8RVhC7VdyDPv0?authuser=0&hl=en&rclk=1,-0.6299425,100.5799216,biasa,64.0,playing in the lake water,,,,,,,,,,
Pantai Canti Kalianda,Lampung,4.3,https://www.google.com/maps/place/Pantai+Canti+Kalianda/data=!4m7!3m6!1s0x2e4113be88bf5f1f:0xcb68dcc3d58b1876!8m2!3d-5.7947148!4d105.5847758!16s%2Fg%2F11ghq5vclf!19sChIJH1-_iL4TQS4RdhiL1cPcaMs?authuser=0&hl=en&rclk=1,-5.7947148,105.5847758,biasa,265.0,big waves,narrow entrance road,dock,blue sea,hidden location,,,,,,
Teluk Hantu,Lampung,4.3,https://www.google.com/maps/place/Teluk+Hantu/data=!4m7!3m6!1s0x2e4131a4bdd87497:0xf0cdfee4f0ac5ffa!8m2!3d-5.7746176!4d105.2139656!16s%2Fg%2F11fqprch5p!19sChIJl3TYvaQxQS4R-l-s8OT-zfA?authuser=0&hl=en&rclk=1,-5.7746176,105.2139656,biasa,594.0,waves,road access,ghost bay,damaged road,beach view,,,,,,
Pantai Tapak Kera,Lampung,4.3,https://www.google.com/maps/place/Pantai+Tapak+Kera/data=!4m7!3m6!1s0x2e411a0b1912b621:0xde78f188d9a8aa71!8m2!3d-5.6861917!4d105.5170519!16s%2Fg%2F11f08st32c!19sChIJIbYSGQsaQS4Rcaqo2YjxeN4?authuser=0&hl=en&rclk=1,-5.6861917,105.5170519,biasa,309.0,footpath,big waves,photo spot,natural beach,scenery,,,,,,
Pantai Wisata Tanjung Tua,Lampung,4.3,https://www.google.com/maps/place/Pantai+Wisata+Tanjung+Tua/data=!4m7!3m6!1s0x2e41743f2caa6669:0xf9393a2f4dff874d!8m2!3d-5.9061111!4d105.7175!16s%2Fg%2F11cs6dd5l2!19sChIJaWaqLD90QS4RTYf_TS86Ofk?authuser=0&hl=en&rclk=1,-5.9061111,105.7175,biasa,181.0,scenery,sunset,rocky beach,motorcycle access,many rocks,,,,,,
Pantai gucibatukapal Campingwisata beach nature,Lampung,4.3,https://www.google.com/maps/place/Pantai+gucibatukapal+Campingwisata+beach+nature/data=!4m7!3m6!1s0x2e4111f97eab4f7b:0xf9d1737b1d3a46f5!8m2!3d-5.7601491!4d105.5872019!16s%2Fg%2F11bv3mlhcz!19sChIJe0-rfvkRQS4R9UY6HXtz0fk?authuser=0&hl=en&rclk=1,-5.7601491,105.5872019,biasa,449.0,waves,beach view,prayer room,pristine beach,swimming,,,,,,
Pantai Yensner,Papua Barat Daya,4.3,https://www.google.com/maps/place/Pantai+Yensner/data=!4m7!3m6!1s0x2d5f3b0ae55a4e53:0x853ec1373bbd62b8!8m2!3d-0.3334785!4d131.0597116!16s%2Fg%2F11pcdp8q90!19sChIJU05a5Qo7Xy0RuGK9OzfBPoU?authuser=0&hl=en&rclk=1,-0.3334785,131.0597116,biasa,4.0,Yansen Yembise 1 review · 24 photos,Elis Sangaji Sangaji 1 review,Rinto Sangaji 1 review · 5 photos,relmayani Sawor 1 photo,,,,,,,
Pantai Kaladimala,Papua Barat Daya,4.3,https://www.google.com/maps/place/Pantai+Kaladimala/data=!4m7!3m6!1s0x2d594faec388b293:0xa55c77a64688acde!8m2!3d-0.7668435!4d131.4160236!16s%2Fg%2F11rwwt8x0c!19sChIJk7KIw65PWS0R3qyIRqZ3XKU?authuser=0&hl=en&rclk=1,-0.7668435,131.4160236,biasa,6.0,cleanliness 2,Nur Azarah 1 review,,,,,,,,,
Pantai Saleo,Papua Barat Daya,4.3,https://www.google.com/maps/place/Pantai+Saleo/data=!4m7!3m6!1s0x2d5f028b3102a66d:0x640c8d81be4c6a36!8m2!3d-0.4415858!4d130.7597615!16s%2Fg%2F11b7sw8qft!19sChIJbaYCMYsCXy0RNmpMvoGNDGQ?authuser=0&hl=en&rclk=1,-0.4415858,130.7597615,biasa,63.0,beach 8,snorkeling 2,holiday 4,Mamatua Icha Raja Ampat 1 review · 1 photo,Diky Doank 4 reviews · 12 photos,,,,,,
Pantai Pasir Putih,Papua,4.3,https://www.google.com/maps/place/Pantai+Pasir+Putih/data=!4m7!3m6!1s0x2d538aa78861910d:0xded60afd648c41de!8m2!3d-0.8704698!4d134.1073893!16s%2Fg%2F11fszdlmnh!19sChIJDZFhiKeKUy0R3kGMZP0K1t4?authuser=0&hl=en&rclk=1,-0.8704698,134.1073893,biasa,448.0,view of mansinam island 2,mat rental 4,air tube rental 2,rojak 6,distance from city center 2,,,,,,
Pantai Amai,Papua,4.3,https://www.google.com/maps/place/Pantai+Amai/data=!4m7!3m6!1s0x686ce0c1f666eb97:0xd85f9554055348c!8m2!3d-2.4339533!4d140.3738591!16s%2Fg%2F11bzq0zpy9!19sChIJl-tm9sHgbGgRjDRVQFX5hQ0?authuser=0&hl=en&rclk=1,-2.4339533,140.3738591,biasa,332.0,river 22,fresh water 32,salt water 16,brackish water 3,fresh water bath 2,,,,,,
Juanda Lestari Beach,Sulawesi Tenggara,4.3,https://www.google.com/maps/place/Juanda+Lestari+Beach/data=!4m7!3m6!1s0x2dbd57b48eb41cef:0xf24c3f015897366e!8m2!3d-4.3623387!4d121.51816!16s%2Fg%2F11h_2d5_2b!19sChIJ7xy0jrRXvS0RbjaXWAE_TPI?authuser=0&hl=en&rclk=1,-4.3623387,121.51816,biasa,34.0,gazebo 2,sunset 2,beach 3,opinion 2,memorable 2,,,,,,
Pantai Air Panas Akesahu,Maluku Utara,4.3,https://www.google.com/maps/place/Pantai+Air+Panas+Akesahu/data=!4m7!3m6!1s0x329b674d2b0a4e81:0x4333c5a46d2dfc12!8m2!3d1.0208098!4d127.651731!16s%2Fg%2F11gf1bm2r5!19sChIJgU4KK01nmzIREvwtbaTFM0M?authuser=0&hl=en&rclk=1,1.0208098,127.651731,biasa,12.0,hot spring 2,This 2,five brother 1 review,Ery Golowok 1 review,Tamoxilov Tamox 1 review · 1 photo,,,,,,
Amal Beach Water Park,Kalimantan Utara,4.3,https://www.google.com/maps/place/Amal+Beach+Water+Park/data=!4m7!3m6!1s0x321389110aa5817f:0x5199cfc277540601!8m2!3d3.2949575!4d117.6511331!16s%2Fg%2F11s4swzlz8!19sChIJf4GlChGJEzIRAQZUd8LPmVE?authuser=0&hl=en&rclk=1,3.2949575,117.6511331,biasa,106.0,area,pool cleanliness,relaxing with family,comfort,family vacation,,,,,,
PANTAI DAULASI,Maluku Utara,4.3,https://www.google.com/maps/place/PANTAI+DAULASI/data=!4m7!3m6!1s0x329cb18eec62675b:0xbf8ee418ebc311b1!8m2!3d0.8210346!4d127.3897878!16s%2Fg%2F11hbql6pms!19sChIJW2di7I6xnDIRsRHD6xjkjr8?authuser=0&hl=en&rclk=1,0.8210346,127.3897878,biasa,22.0,Jusrianto Ode Samili 1 review,Gozhal Ongkers 1 review · 1 photo,Syifa Samsung 2 reviews · 18 photos,Vikli Lasarus 2 reviews,liani 6 reviews,,,,,,
Pantai Long Beach,Kalimantan Timur,4.3,https://www.google.com/maps/place/Pantai+Long+Beach/data=!4m7!3m6!1s0x2df5c3571b2863c3:0x5a8699275f84a6b0!8m2!3d-0.3016482!4d117.4462764!16s%2Fg%2F11nfq9llmg!19sChIJw2MoG1fD9S0RsKaEXyeZhlo?authuser=0&hl=en&rclk=1,-0.3016482,117.4462764,biasa,66.0,clean beach,beach atmosphere,place to relax,cleanliness,friendly owner,,,,,,
Pantai Pasir Putih Teluk Singkama,Kalimantan Timur,4.3,https://www.google.com/maps/place/Pantai+Pasir+Putih+Teluk+Singkama/data=!4m7!3m6!1s0x320a3fd6a3cab0fb:0x1aeddbbcf03bef31!8m2!3d0.322256!4d117.545676!16s%2Fg%2F11gyy9l82w!19sChIJ-7DKo9Y_CjIRMe878Lzb7Ro?authuser=0&hl=en&rclk=1,0.322256,117.545676,biasa,59.0,motorcycle access,clean beach,new atmosphere,beach,Ferdian Nuur  reviews ·  photos,,,,,,
Pantai Serumpun,Kalimantan Timur,4.3,https://www.google.com/maps/place/Pantai+Serumpun/data=!4m7!3m6!1s0x2df151b4dc6d7c2d:0x7471685c6a332724!8m2!3d-1.1820139!4d117.0122004!16s%2Fg%2F11c7s6_x5x!19sChIJLXxt3LRR8S0RJCczalxocXQ?authuser=0&hl=en&rclk=1,-1.1820139,117.0122004,biasa,62.0,mangrove,road access,camping,atmosphere,naturalness,,,,,,
Pantai Jingga,Kalimantan Timur,4.3,https://www.google.com/maps/place/Pantai+Jingga/data=!4m7!3m6!1s0x2df5e910da2dfe03:0xb74ff9d0c52ed256!8m2!3d-0.2206993!4d117.4229227!16s%2Fg%2F11d_8809xy!19sChIJA_4t2hDp9S0RVtIuxdD5T7c?authuser=0&hl=en&rclk=1,-0.2206993,117.4229227,biasa,113.0,prayer room,family camping,fishing,holiday,camping,,,,,,
Minang Rua Beach,Lampung,4.3,https://www.google.com/maps/place/Minang+Rua+Beach/data=!4m7!3m6!1s0x2e4174ceaaaaaaab:0x5cb97afc59dd7801!8m2!3d-5.8577283!4d105.7143823!16s%2Fg%2F11ddxwswxw!19sChIJq6qqqs50QS4RAXjdWfx6uVw?authuser=0&hl=en&rclk=1,-5.8577283,105.7143823,biasa,750.0,waterfall,cave,green canyon,turtle sanctuary,canyon,,,,,,
"Pantai Tanjung Kasuari, Sorong, Papua Barat",Papua Barat Daya,4.3,"https://www.google.com/maps/place/Pantai+Tanjung+Kasuari,+Sorong,+Papua+Barat/data=!4m7!3m6!1s0x2d595581fedb13df:0xaf710c750e4d97e7!8m2!3d-0.8202867!4d131.2430845!16s%2Fg%2F11h_hcztqn!19sChIJ3xPb_oFVWS0R55dNDnUMca8?authuser=0&hl=en&rclk=1",-0.8202867,131.2430845,biasa,82.0,clean beach 5,white sand 2,relaxing place 3,sea 5,cleanliness 5,,,,,,
Wamena Airport,Papua Pegunungan,4.3,https://www.google.com/maps/place/Wamena+Airport/data=!4m7!3m6!1s0x683e6c85b8e393c3:0x21d1f25e080a9750!8m2!3d-4.1003337!4d138.9516972!16s%2Fm%2F0h97wrg!19sChIJw5PjuIVsPmgRUJcKCF7y0SE?authuser=0&hl=en&rclk=1,-4.1003337,138.9516972,biasa,599.0,cleanliness 24,betel nut 2,scenery 7,cold atmosphere 6,mountain range 10,,,,,,
Pantai Kutang,Jawa Timur,4.3,https://www.google.com/maps/place/Pantai+Kutang/data=!4m7!3m6!1s0x2e77bf07c8fc3dcd:0x9435c55230ef503d!8m2!3d-6.8859453!4d112.1966099!16s%2Fg%2F11j85srxzv!19sChIJzT38yAe_dy4RPVDvMFLFNZQ?authuser=0&hl=en&rclk=1,-6.8859453,112.1966099,biasa,881.0,mangrove,beach cleanliness,photo spots,gazebo,sea view,,,,,,
Pantai Pulau Datok,Kalimantan Barat,4.3,https://www.google.com/maps/place/Pantai+Pulau+Datok/data=!4m7!3m6!1s0x2e0498741bf79b1d:0x512f55ecde32a60c!8m2!3d-1.2618454!4d109.954574!16s%2Fg%2F11cs1vt4gl!19sChIJHZv3G3SYBC4RDKYy3uxVL1E?authuser=0&hl=en&rclk=1,-1.2618454,109.954574,biasa,1226.0,canoe,trees,hills,gazebo,coconut water,,,,,,
Pantai Jonggring Saloko,Jawa Timur,4.3,https://www.google.com/maps/place/Pantai+Jonggring+Saloko/data=!4m7!3m6!1s0x2e78b04dcd8a3f91:0xebae58c8de5301b8!8m2!3d-8.3795624!4d112.3961021!16s%2Fg%2F11bbqgzpvp!19sChIJkT-KzU2weC4RuAFT3shYrus?authuser=0&hl=en&rclk=1,-8.3795624,112.3961021,biasa,208.0,macadam,jongring saloko,private beach,exotic beach,beach cleanliness,,,,,,
Pasir Jambak Beach,Sumatera Barat,4.3,https://www.google.com/maps/place/Pasir+Jambak+Beach/data=!4m7!3m6!1s0x2fd4c184b4be56d3:0x78b74233b4e0b45f!8m2!3d-0.8253475!4d100.2981521!16s%2Fg%2F11b8272twz!19sChIJ01a-tITB1C8RX7TgtDNCt3g?authuser=0&hl=en&rclk=1,-0.8253475,100.2981521,biasa,842.0,coconut,recreation,gazebo,area,hammock,,,,,,
Pantai Syiah Kuala,Aceh,4.3,https://www.google.com/maps/place/Pantai+Syiah+Kuala/data=!4m7!3m6!1s0x304036c26874f7d7:0x6ef01c6757b51593!8m2!3d5.5934193!4d95.3299497!16s%2Fg%2F11c5fz3cf_!19sChIJ1_d0aMI2QDARkxW1V2cc8G4?authuser=0&hl=en&rclk=1,5.5934193,95.3299497,biasa,290.0,"Beautiful beach, but unfortunately it is very dirty. Local community, or investors, must take over the management of the area so that it looks morr professional. This is the only beach which is in close proximity to anywhere in Banda Aceh. Hopefully it is much improved in the future.","With the black and brown sand, this place is a good place to enjoy the beach scenery especially in the morning.","First of all, the beach is not intended for visit. There is no convenient access (such as stairs or walkways) to it. This beach is not maintained at all. Cow dungs are everywhere making it an irksome place to bring family members. The putrid dung smells are always in the air. The steep beach is also exposed directly to the open sea, which is not safe for children, while the significant waves rendered the seawater murky. This is ultimately ""poorman's destination""","The beach is pretty, it's great to bring children and wifes picnics, there are people shop in snacks, and adjacent to the tomb of Sheikh Abdurrauf As-Singkli is the author of the kitab Tarjuman al-Mustafid",Great view except its black sand,black sand beach,,,,,
Lhokseudu Beach,Aceh,4.3,https://www.google.com/maps/place/Lhokseudu+Beach/data=!4m7!3m6!1s0x304017ec04f5735d:0xa6816bd398b9186b!8m2!3d5.3541119!4d95.2406723!16s%2Fg%2F11f040pm35!19sChIJXXP1BOwXQDARaxi5mNNrgaY?authuser=0&hl=en&rclk=1,5.3541119,95.2406723,biasa,1009.0,Great place to watch sunset. There's a replica of an Eiffel Tower standing at 30 ft tall. Instagramable place for those who enthusiast scenery. There's two entrance. No fees. Free of charge to get in there. You might want to bring along some props as the view is magnificent. Also there's colorful hut along the bridge. Food at the cafe is also quite delicious but not varied as you can only get Indomie and Mie Aceh but plenty of drinks to choose for some price. Great place for date. But be careful along the bridge as there's no barrier to keep the children from playing around and fell into the sea. Suggested time 5.45pm-7.00pm for best view.,"Is a one of the most beautifull beach at Aceh
Maldives like","Relax.. Coconut drink and enjoy sea breeze in the outskirts of Banda Aceh, on of selfie spot favorite in the tip of Sumatera Island.",Beautiful place and nice café.,Really nice view and scenery..,sunset view,,,,,
Pantai Ujung Karang,Aceh,4.3,https://www.google.com/maps/place/Pantai+Ujung+Karang/data=!4m7!3m6!1s0x303ec1610e3b2cfb:0x42d911917522f947!8m2!3d4.124597!4d96.1279608!16s%2Fg%2F11bw2fx6l_!19sChIJ-yw7DmHBPjARR_kidZER2UI?authuser=0&hl=en&rclk=1,4.124597,96.1279608,biasa,682.0,"Its not as beautiful as it used to be after the breakwater rocks era heheh, but it still beautiful regardless.. come visit my birth place everyone, be careful tho, the water loves to say hello when you're too close...","Beauty place to take sunset in Meulaboh, West Aceh",best place to view sunset. its windy in the afternoon,"Beautiful...
May 2023",Secret place..good view,beach,,,,,
Pantai Alue Naga,Aceh,4.3,https://www.google.com/maps/place/Pantai+Alue+Naga/data=!4m7!3m6!1s0x3040368c15da7797:0xafef920eea73e6b6!8m2!3d5.6044872!4d95.3458568!16s%2Fg%2F11cn7bs61r!19sChIJl3faFYw2QDARtuZz6g6S768?authuser=0&hl=en&rclk=1,5.6044872,95.3458568,biasa,384.0,"Actually this is one of the best beach in town. But there is no concern from the government, that the beach looks dormant.",Great place to go fishing. Very scenic; great for watching the sunset and sunrise (especially while you fish),I love spent all of my evenings here during my 2 weeks visit in banda aceh. It is calm and beautiful. And also near the city centre. (The last sentence is the most important),Good place to relax yourself.. just bring your fish bait,One of the best beach in Banda Aceh. (Banda aceh ya not Aceh Besar 😅). It's just 10 minutes from Syiah Kuala University. Best place to relax mind and soul for students 😂 …,view of sabang island,,,,,
Pantai Kotamabopo,Maluku Utara,4.3,https://www.google.com/maps/place/Pantai+Kotamabopo/data=!4m7!3m6!1s0x329cc8b73f72113b:0x9d686b6f2a2ab6d7!8m2!3d0.6650261!4d127.4510025!16s%2Fg%2F11cn3nrm7m!19sChIJOxFyP7fInDIR17YqKm9raJ0?authuser=0&hl=en&rclk=1,0.6650261,127.4510025,biasa,40.0,DORAEMON Tv 100% 3 reviews · 6 photos,Rezeki Halal 1 review,Arka Uwais 4 reviews · 1 photo,"NAS 123 Local Guide · 221 reviews · 2,396 photos",Syahril Sabtu 8 reviews · 13 photos,,,,,,
Pantai gamlaha,Maluku Utara,4.3,https://www.google.com/maps/place/Pantai+gamlaha/data=!4m7!3m6!1s0x329b0932dda44e7b:0xfa6f9156b9066a82!8m2!3d1.2672361!4d127.9640511!16s%2Fg%2F11rpnp9_rw!19sChIJe06k3TIJmzIRgmoGuVaRb_o?authuser=0&hl=en&rclk=1,1.2672361,127.9640511,biasa,6.0,Agung lAp 6 reviews · 10 photos,YANTOX FICKI 2 reviews · 6 photos,Yosiaslaranga 9 photos,,,,,,,,
Pantai Samudra (Taplau),Sumatera Barat,4.3,https://www.google.com/maps/place/Pantai+Samudra+%28Taplau%29/data=!4m7!3m6!1s0x2fd4b935a4a76f0d:0x6a1566cd76b05724!8m2!3d-0.9509335!4d100.3519528!16s%2Fg%2F1pzw39xs8!19sChIJDW-npDW51C8RJFewds1mFWo?authuser=0&hl=en&rclk=1,-0.9509335,100.3519528,biasa,436.0,young coconut,leisure,evening atmosphere,sea view,hangout spot,,,,,,
Pantai Cinta,Sumatera Barat,4.3,https://www.google.com/maps/place/Pantai+Cinta/data=!4m7!3m6!1s0x2fd4c18503b68947:0x512b0722901bc63a!8m2!3d-0.8234507!4d100.2962725!16s%2Fg%2F11cs17cyf2!19sChIJR4m2A4XB1C8ROsYbkCIHK1E?authuser=0&hl=en&rclk=1,-0.8234507,100.2962725,biasa,914.0,view,beaches,sunset,bean bags,rice fields,,,,,,
Pantai Maaf,Papua,4.3,https://www.google.com/maps/place/Pantai+Maaf/data=!4m7!3m6!1s0x681fa25d579fb0cf:0xd72e82ffe86ca611!8m2!3d-3.3602625!4d135.4967649!16s%2Fg%2F1jkz3x5j6!19sChIJz7CfV12iH2gREaZs6P-CLtc?authuser=0&hl=en&rclk=1,-3.3602625,135.4967649,biasa,81.0,afternoon 2,tour 2,place to relax 2,beach cleanliness 5,refreshing 2,,,,,,
White sand beach,Papua,4.3,https://www.google.com/maps/place/White+sand+beach/data=!4m7!3m6!1s0x2d538aa7f3348717:0xe77fe53f27490180!8m2!3d-0.8707101!4d134.1067164!16s%2Fg%2F11f0_bq7k3!19sChIJF4c086eKUy0RgAFJJz_lf-c?authuser=0&hl=en&rclk=1,-0.8707101,134.1067164,biasa,1432.0,waves 17,white sand 33,clean beach 43,beauty of the beach 16,recreation 24,,,,,,
Base-G Beach,Papua,4.3,https://www.google.com/maps/place/Base-G+Beach/data=!4m7!3m6!1s0x686c5767b0a792af:0x9c239c300165aea7!8m2!3d-2.5174272!4d140.7397204!16s%2Fg%2F11c529m7h5!19sChIJr5KnsGdXbGgRp65lATCcI5w?authuser=0&hl=en&rclk=1,-2.5174272,140.7397204,biasa,1156.0,gazebo 13,white sand 32,reef 7,beauty of the beach 8,picnic 7,,,,,,
Puncak Mandala,Papua Pegunungan,4.3,https://www.google.com/maps/place/Puncak+Mandala/data=!4m7!3m6!1s0x6840be5ef04c8439:0x7f9833240c766c6b!8m2!3d-4.7083333!4d140.2891666!16s%2Fm%2F0b767pn!19sChIJOYRM8F6-QGgRa2x2DCQzmH8?authuser=0&hl=en&rclk=1,-4.7083333,140.2891666,biasa,97.0,altitude 2,natural beauty 2,beautiful view 2,coffee 3,cool air 2,,,,,,
Carita Beach,Banten,4.3,https://www.google.com/maps/place/Carita+Beach/data=!4m7!3m6!1s0x2e422dae6ebd5089:0xe2ca5ee81785330a!8m2!3d-6.2959861!4d105.8396249!16s%2Fg%2F122qxysb!19sChIJiVC9bq4tQi4RCjOFF-heyuI?authuser=0&hl=en&rclk=1,-6.2959861,105.8396249,biasa,1934.0,banana boat,speed boat,corals,white sand,gazebo,,,,,,
Pantai Bagedur,Banten,4.3,https://www.google.com/maps/place/Pantai+Bagedur/data=!4m7!3m6!1s0x2e42580db85e3ee1:0x785efd54ab2cebb!8m2!3d-6.8139805!4d105.9924372!16s%2Fg%2F121kwmy5!19sChIJ4T5euA1YQi4Ru86yStXvhQc?authuser=0&hl=en&rclk=1,-6.8139805,105.9924372,biasa,2309.0,bagedur beach,gentle beach,wave,no coral,white sand,,,,,,
PANTAI BELEBUK,Lampung,4.3,https://www.google.com/maps/place/PANTAI+BELEBUK/data=!4m7!3m6!1s0x2e4174addb976a11:0x550c7e452ea552dd!8m2!3d-5.8478565!4d105.6980041!16s%2Fg%2F11fzf77kt1!19sChIJEWqX2610QS4R3VKlLkV-DFU?authuser=0&hl=en&rclk=1,-5.8478565,105.6980041,biasa,135.0,island,waves,gazebos,gentle slope,shallow,,,,,,
"Pantai Congot, Dukuhseti, Kabupaten Pati, Jawa Tengah",Jawa Tengah,4.3,"https://www.google.com/maps/place/Pantai+Congot,+Dukuhseti,+Kabupaten+Pati,+Jawa+Tengah/data=!4m7!3m6!1s0x2e7132ff58426533:0x7c32bda977f17545!8m2!3d-6.4274244!4d111.0461368!16s%2Fg%2F11fx91m6f6!19sChIJM2VCWP8ycS4RRXXxd6m9Mnw?authuser=0&hl=en&rclk=1",-6.4274244,111.0461368,biasa,12.0,Pi Toyo  reviews,Saiful Umam  reviews ·  photos,wiwit ariyanto  reviews ·  photos,Hk Wk  reviews ·  photo,Bicharur Rohman  photos,,,,,,
Pantai Laguna Lembupurwo,Jawa Tengah,4.3,https://www.google.com/maps/place/Pantai+Laguna+Lembupurwo/data=!4m7!3m6!1s0x2e7ac52cceaf49f5:0xff8601603add600!8m2!3d-7.8241797!4d109.799509!16s%2Fg%2F11c5543cwt!19sChIJ9UmvzizFei4RANatAxZg-A8?authuser=0&hl=en&rclk=1,-7.8241797,109.799509,biasa,2120.0,cay,bridge,mangrove forest,pine trees,black sand beach,,,,,,
Pantai Congot Jetis,Jawa Tengah,4.3,https://www.google.com/maps/place/Pantai+Congot+Jetis/data=!4m7!3m6!1s0x2e6537773fb88147:0xb86952de45ea2f31!8m2!3d-7.7229695!4d109.392084!16s%2Fg%2F11b_3g8qr5!19sChIJR4G4P3c3ZS4RMS_qRd5Sabg?authuser=0&hl=en&rclk=1,-7.7229695,109.392084,biasa,2761.0,mangrove,clean beach,ship,jetis beach,vendors,,,,,,
Pantai Srandil,Jawa Tengah,4.3,https://www.google.com/maps/place/Pantai+Srandil/data=!4m7!3m6!1s0x2e65154d23f4a0bf:0x2bec0c330a41ee47!8m2!3d-7.6929208!4d109.1901521!16s%2Fg%2F11b8_gc2d9!19sChIJv6D0I00VZS4RR-5BCjMM7Cs?authuser=0&hl=en&rclk=1,-7.6929208,109.1901521,biasa,528.0,waves,beach,beach cleanliness,scenery,beauty of the beach,,,,,,
Pantai Saramom,Papua,4.3,https://www.google.com/maps/place/Pantai+Saramom/data=!4m7!3m6!1s0x68038fcc230f85df:0x8f20d31e62db8bbb!8m2!3d-1.18239!4d136.0692489!16s%2Fg%2F11f10f44s_!19sChIJ34UPI8yPA2gRu4vbYh7TII8?authuser=0&hl=en&rclk=1,-1.18239,136.0692489,biasa,116.0,sound of waves 2,sunset view 2,relaxing 3,cleanliness 3,location 3,,,,,,
Beach Budi,Papua Tengah,4.3,https://www.google.com/maps/place/Beach+Budi/data=!4m7!3m6!1s0x681fa6c43b151af7:0xd057835229264f20!8m2!3d-3.3046082!4d135.5570405!16s%2Fg%2F11g9nrhdvd!19sChIJ9xoVO8SmH2gRIE8mKVKDV9A?authuser=0&hl=en&rclk=1,-3.3046082,135.5570405,biasa,48.0,pemandangan 2,close to the city 2,family picnic 2,cleanliness 2,beach tourism 2,,,,,,
Pantai Dan Dermaga BASARNAS,Papua Barat,4.3,https://www.google.com/maps/place/Pantai+Dan+Dermaga+BASARNAS/data=!4m7!3m6!1s0x2d53f44c8061dcfd:0x5746e13ad8967e33!8m2!3d-0.9006953!4d134.0438612!16s%2Fg%2F11c5rpkn5x!19sChIJ_dxhgEz0Uy0RM36W2DrhRlc?authuser=0&hl=en&rclk=1,-0.9006953,134.0438612,biasa,150.0,fishing spot 5,bathing on the beach 3,clean coast 2,pier 2,strategic location 2,,,,,,
Pantai Seberang Mutiara Indah,Kalimantan Timur,4.3,https://www.google.com/maps/place/Pantai+Seberang+Mutiara+Indah/data=!4m7!3m6!1s0x2df5e910fd72246d:0xa45d91335f8738f9!8m2!3d-0.2217289!4d117.4232637!16s%2Fg%2F11c54xmqqb!19sChIJbSRy_RDp9S0R-TiHXzORXaQ?authuser=0&hl=en&rclk=1,-0.2217289,117.4232637,biasa,94.0,This,camping,electricity,holiday,Adidya Hari prasetyo  reviews,,,,,,
Pantai Lhok Bubon,Aceh,4.3,https://www.google.com/maps/place/Pantai+Lhok+Bubon/data=!4m7!3m6!1s0x303ee86258f27eb3:0x19ec9888d363ca1b!8m2!3d4.1971822!4d96.0273525!16s%2Fg%2F11cs23f3zt!19sChIJs37yWGLoPjARG8pj04iY7Bk?authuser=0&hl=en&rclk=1,4.1971822,96.0273525,biasa,149.0,coral reef,clean sand,family recreation spot,family tourism,bath,,,,,,
Penyu Beach,Aceh,4.3,https://www.google.com/maps/place/Penyu+Beach/data=!4m7!3m6!1s0x30403d1ff89193b9:0xff7fbd3a966345c2!8m2!3d5.4127632!4d95.2476097!16s%2Fg%2F11c48mzx19!19sChIJuZOR-B89QDARwkVjljq9f_8?authuser=0&hl=en&rclk=1,5.4127632,95.2476097,biasa,3966.0,waves,gazebo,beach cleanliness,free toilet,prayer room,,,,,,
Pantai Tanjung Mutiara,Sumatera Barat,4.3,https://www.google.com/maps/place/Pantai+Tanjung+Mutiara/data=!4m7!3m6!1s0x2fd5297b97ebae2b:0x4c78008abb6f102f!8m2!3d-0.547953!4d100.523163!16s%2Fg%2F11ckxwwdpw!19sChIJK67rl3sp1S8RLxBvu4oAeEw?authuser=0&hl=en&rclk=1,-0.547953,100.523163,biasa,751.0,lake,banana boat,swimming in lake singkarak,prayer room,pedal boats,,,,,,
Pantai Biru,Sumatera Utara,4.3,https://www.google.com/maps/place/Pantai+Biru/data=!4m7!3m6!1s0x3030dd25d4218ee7:0xae7e069efec6602e!8m2!3d3.4183617!4d98.32221!16s%2Fg%2F11dxdw2f0w!19sChIJ544h1CXdMDARLmDG_p4Gfq4?authuser=0&hl=en&rclk=1,3.4183617,98.32221,biasa,1385.0,gazebo,beach cleanliness,banana boat,gazebo rental,mosque,,,,,,
Ketawang Beach Purworejo,Jawa Tengah,4.3,https://www.google.com/maps/place/Ketawang+Beach+Purworejo/data=!4m7!3m6!1s0x2e7adce4e3aa6197:0xda6491d7af7c7368!8m2!3d-7.845741!4d109.885281!16s%2Fg%2F11c2pkhz0h!19sChIJl2Gq4-Tcei4RaHN8r9eRZNo?authuser=0&hl=en&rclk=1,-7.845741,109.885281,biasa,2477.0,wave,lighthouse,gazebo,beach cleanliness,quiet beach,,,,,,
Pantai Carita Anyer,Banten,4.3,https://www.google.com/maps/place/Pantai+Carita+Anyer/data=!4m7!3m6!1s0x2e422dae1efccfe9:0xb3a862fb459744e4!8m2!3d-6.3059224!4d105.84123!16s%2Fg%2F11b6t85rp5!19sChIJ6c_8Hq4tQi4R5ESXRftiqLM?authuser=0&hl=en&rclk=1,-6.3059224,105.84123,biasa,1193.0,Pantai Carita Anyer,banana boat,putri waterfall,salted fish,no corals,,,,,,
Pantai Kaimana,Papua Barat,4.3,https://www.google.com/maps/place/Pantai+Kaimana/data=!4m7!3m6!1s0x2d49ffd70c0d6d41:0xcc1b0c7634a1e864!8m2!3d-3.6568124!4d133.7607078!16s%2Fg%2F11cr_m9nxm!19sChIJQW0NDNf_SS0RZOihNHYMG8w?authuser=0&hl=en&rclk=1,-3.6568124,133.7607078,biasa,95.0,scenery 2,late afternoon 4,sobrin kaimana 5 reviews,KABAR TRITON 50 reviews · 123 photos,,,,,,,
Wisata Pantai Pasir Putih Carita Pandeglang,Banten,4.3,https://www.google.com/maps/place/Wisata+Pantai+Pasir+Putih+Carita+Pandeglang/data=!4m7!3m6!1s0x2e42328ae093f435:0x7ba69536e956605d!8m2!3d-6.2983855!4d105.8415153!16s%2Fg%2F1ptvrwj7q!19sChIJNfST4IoyQi4RXWBW6TaVpns?authuser=0&hl=en&rclk=1,-6.2983855,105.8415153,biasa,1011.0,waves,banana boat,beach cleanliness,coral,white sand,,,,,,
Pantai Sambolo 1 Anyer Serang Banten,Banten,4.3,https://www.google.com/maps/place/Pantai+Sambolo+1+Anyer+Serang+Banten/data=!4m7!3m6!1s0x2e4187cd74737d09:0x1849584366f5e8d1!8m2!3d-6.0986643!4d105.8820584!16s%2Fg%2F11gh9q8rz5!19sChIJCX1zdM2HQS4R0ej1ZkNYSRg?authuser=0&hl=en&rclk=1,-6.0986643,105.8820584,biasa,2438.0,gazebo,beach cleanliness,gazebo rental,coral,banana boat,,,,,,
Pantai Pasir Putih Florida Indah Anyer,Banten,4.3,https://www.google.com/maps/place/Pantai+Pasir+Putih+Florida+Indah+Anyer/data=!4m7!3m6!1s0x2e4180d9fb4476b9:0xa3c12cd019ae4ee5!8m2!3d-6.1288411!4d105.8653979!16s%2Fg%2F11b_3g81mh!19sChIJuXZE-9mAQS4R5U6uGdAswaM?authuser=0&hl=en&rclk=1,-6.1288411,105.8653979,biasa,5165.0,clean beach,gazebos,banana boat,waves,coral,,,,,,
Pantai Pohon Kenangan,Kalimantan Utara,4.3,https://www.google.com/maps/place/Pantai+Pohon+Kenangan/data=!4m7!3m6!1s0x321389d8aaaa245f:0x857ae2f76f855006!8m2!3d3.2620187!4d117.6533704!16s%2Fg%2F11nclxctm4!19sChIJXySqqtiJEzIRBlCFb_fieoU?authuser=0&hl=en&rclk=1,3.2620187,117.6533704,biasa,7.0,William Krey  review ·  photos,Nangkub Nangkub  reviews ·  photos,M Rafa  review,Irvan Maulana  reviews ·  photos,,,,,,,
Pantai TukTuk,Sumatera Utara,4.3,https://www.google.com/maps/place/Pantai+TukTuk/data=!4m7!3m6!1s0x3031bebb09cbeecd:0x3558c08d10e0c548!8m2!3d2.8121481!4d98.7627634!16s%2Fg%2F11b73zgjvf!19sChIJze7LCbu-MTARSMXgEI3AWDU?authuser=0&hl=en&rclk=1,2.8121481,98.7627634,biasa,39.0,,,,,,,,,,,
Pantai Batu Rusa,Sumatera Utara,4.3,https://www.google.com/maps/place/Pantai+Batu+Rusa/data=!4m7!3m6!1s0x302966002ffd8073:0x473a56699b594da7!8m2!3d0.8209505!4d99.0135832!16s%2Fg%2F11f3njv906!19sChIJc4D9LwBmKTARp01Zm2lWOkc?authuser=0&hl=en&rclk=1,0.8209505,99.0135832,biasa,99.0,small waves,clear water,atmosphere,beautiful beach,swimming,,,,,,
Pantai Barat Natal,Sumatera Utara,4.3,https://www.google.com/maps/place/Pantai+Barat+Natal/data=!4m7!3m6!1s0x30298177ffbc0bf5:0xabd7d716f558d61a!8m2!3d0.5564014!4d99.1125206!16s%2Fg%2F11dzz6psbc!19sChIJ9Qu8_3eBKTARGtZY9RbX16s?authuser=0&hl=en&rclk=1,0.5564014,99.1125206,biasa,503.0,beach,sunset,west beach,family recreation spot,beauty of the beach,,,,,,
Objek Wisata Pantai Paris,Sumatera Utara,4.3,https://www.google.com/maps/place/Objek+Wisata+Pantai+Paris/data=!4m7!3m6!1s0x3031be4dacbb753f:0x66d6b7ab5cf56d7b!8m2!3d2.80154!4d98.780056!16s%2Fg%2F11b86lnmg0!19sChIJP3W7rE2-MTARe231XKu31mY?authuser=0&hl=en&rclk=1,2.80154,98.780056,biasa,917.0,banana boat,lake,lake toba view,prayer room,beach cleanliness,,,,,,
Pantai Nibung Indah,Kalimantan Utara,4.3,https://www.google.com/maps/place/Pantai+Nibung+Indah/data=!4m7!3m6!1s0x321463a35c62a515:0x89dfae3b2451c739!8m2!3d3.498896!4d117.8599002!16s%2Fg%2F11cp5hzd7b!19sChIJFaViXKNjFDIROcdRJDuu34k?authuser=0&hl=en&rclk=1,3.498896,117.8599002,biasa,56.0,beach,clean beaches,government,Ray Antopina Antopina  review,,,,,,,
Pantai BUL BUL,Sumatera Utara,4.3,https://www.google.com/maps/place/Pantai+BUL+BUL/data=!4m7!3m6!1s0x302e041198ee45d1:0x7438dfa4c9a63950!8m2!3d2.3484022!4d99.0732353!16s%2Fg%2F11b_3fytd8!19sChIJ0UXumBEELjARUDmmyaTfOHQ?authuser=0&hl=en&rclk=1,2.3484022,99.0732353,biasa,3064.0,banana boat,lake,lake toba,ATV,canoeing,,,,,,
Kawasan Konservasi Mangrove Dan Bekantan,Kalimantan Utara,4.3,https://www.google.com/maps/place/Kawasan+Konservasi+Mangrove+Dan+Bekantan/data=!4m7!3m6!1s0x32138a9448a0a9ed:0xbaf2f265d3abbe0!8m2!3d3.305523!4d117.5771055!16s%2Fg%2F1pv0251wb!19sChIJ7amgSJSKEzIR4Ls6XSYvrws?authuser=0&hl=en&rclk=1,3.305523,117.5771055,biasa,2661.0,proboscis monkey,shade trees,mangrove forest,endemic,monkeys,,,,,,
Marina Beach,Jawa Tengah,4.2,https://www.google.com/maps/place/Marina+Beach/data=!4m7!3m6!1s0x2e70f4e56e4f8ea1:0xcf2bee72d0606dd0!8m2!3d-6.948877!4d110.3893285!16s%2Fg%2F11bz4tntzg!19sChIJoY5PbuX0cC4R0G1g0HLuK88?authuser=0&hl=en&rclk=1,-6.948877,110.3893285,biasa,16508.0,,,,,,,,,,,
wisata pantai jodo,Jawa Tengah,4.2,https://www.google.com/maps/place/wisata+pantai+jodo/data=!4m7!3m6!1s0x2e7041286cb572ad:0x379a8dec342033ab!8m2!3d-6.9223405!4d109.9986819!16s%2Fg%2F11bw47dfyj!19sChIJrXK1bChBcC4RqzMgNOyNmjc?authuser=0&hl=en&rclk=1,-6.9223405,109.9986819,biasa,1910.0,ATV,area,pine trees,love hill,shady,,,,,,
Suwuk Beach,Jawa Tengah,4.2,https://www.google.com/maps/place/Suwuk+Beach/data=!4m7!3m6!1s0x2e6531551b97728d:0x4822e6bef911bd96!8m2!3d-7.7568406!4d109.4706561!16s%2Fg%2F11b6zqdjk0!19sChIJjXKXG1UxZS4Rlr0R-b7mIkg?authuser=0&hl=en&rclk=1,-7.7568406,109.4706561,biasa,3516.0,waves,river mouth,beach cleanliness,suwuk,hills,,,,,,
Pantai Sendang Asih,Jawa Tengah,4.2,https://www.google.com/maps/place/Pantai+Sendang+Asih/data=!4m7!3m6!1s0x2e704405cae58fb7:0x4e3b95d3325a7a58!8m2!3d-6.9039347!4d110.0541332!16s%2Fg%2F11cmcyn0x5!19sChIJt4_lygVEcC4RWHpaMtOVO04?authuser=0&hl=en&rclk=1,-6.9039347,110.0541332,biasa,983.0,beach,environment,road access,prayer room,pine trees,,,,,,
Pantai Larangan Indah,Jawa Tengah,4.2,https://www.google.com/maps/place/Pantai+Larangan+Indah/data=!4m7!3m6!1s0x2e6fc999cc5b1915:0xa021f115fbab85ec!8m2!3d-6.8616174!4d109.1886453!16s%2Fg%2F11hzmsf481!19sChIJFRlbzJnJby4R7IWr-xXxIaA?authuser=0&hl=en&rclk=1,-6.8616174,109.1886453,biasa,1437.0,beach,beach cleanliness,forbidden beach,mendoan,spacious beach,,,,,,
Pantai Sendang Sekucing,Jawa Tengah,4.2,https://www.google.com/maps/place/Pantai+Sendang+Sekucing/data=!4m7!3m6!1s0x2e70440e92d8d879:0x35ad480d14ef12a2!8m2!3d-6.9029101!4d110.0611577!16s%2Fg%2F11h1thdbm!19sChIJedjYkg5EcC4RohLvFA1IrTU?authuser=0&hl=en&rclk=1,-6.9029101,110.0611577,biasa,493.0,morning,close to pantai cahaya,sea view,gazebo,salted fish,,,,,,
White Sand Beach Wates Tasikharjo,Jawa Tengah,4.2,https://www.google.com/maps/place/White+Sand+Beach+Wates+Tasikharjo/data=!4m7!3m6!1s0x2e7728a98ec1b47d:0xee95435b6fb7a796!8m2!3d-6.6884622!4d111.2826667!16s%2Fg%2F11c2jt9ydw!19sChIJfbTBjqkody4Rlqe3b1tDle4?authuser=0&hl=en&rclk=1,-6.6884622,111.2826667,biasa,2040.0,wharf,photo spots,white sand,prayer room,murky water,,,,,,
Pantai Cahaya,Jawa Tengah,4.2,https://www.google.com/maps/place/Pantai+Cahaya/data=!4m7!3m6!1s0x2e70440c5599c325:0x807d85bc60d57b0c!8m2!3d-6.9024213!4d110.0659932!16s%2Fg%2F1pp2v9xsf!19sChIJJcOZVQxEcC4RDHvVYLyFfYA?authuser=0&hl=en&rclk=1,-6.9024213,110.0659932,biasa,4244.0,,,,,,,,,,,
PANTAI REJO,Jawa Tengah,4.2,https://www.google.com/maps/place/PANTAI+REJO/data=!4m7!3m6!1s0x2e70289e084e83fd:0xcc265f5bd0220a69!8m2!3d-6.8462142!4d109.6342991!16s%2Fg%2F11cpnyzc7_!19sChIJ_YNOCJ4ocC4RaQoi0FtfJsw?authuser=0&hl=en&rclk=1,-6.8462142,109.6342991,biasa,224.0,environment,suitable for families,neat arrangement,tour,wide,,,,,,
Pasir Putih Carita Pandeglang,Banten,4.2,https://www.google.com/maps/place/Pasir+Putih+Carita+Pandeglang/data=!4m7!3m6!1s0x2e422db006ff2cdf:0xb6cfc8a3d068d665!8m2!3d-6.298159!4d105.8417232!16s%2Fg%2F11fx7tzm9s!19sChIJ3yz_BrAtQi4RZdZo0KPIz7Y?authuser=0&hl=en&rclk=1,-6.298159,105.8417232,biasa,1021.0,banana boat,area,gazebo,white sand,sloping beach,,,,,,
pantai pasir putih,Banten,4.2,https://www.google.com/maps/place/pantai+pasir+putih/data=!4m7!3m6!1s0x2e4186a94ac02ee7:0xcd83481736a2dc5b!8m2!3d-6.0881046!4d105.8832436!16s%2Fg%2F11d_7sy92v!19sChIJ5y7ASqmGQS4RW9yiNhdIg80?authuser=0&hl=en&rclk=1,-6.0881046,105.8832436,biasa,4221.0,calm waves,coral reef,sailing ship,wharf,salted fish,,,,,,
Makbon Beach,Papua Barat,4.2,https://www.google.com/maps/place/Makbon+Beach/data=!4m7!3m6!1s0x2d5943c281302737:0x6aab9ba4ebfa8bbb!8m2!3d-0.7438904!4d131.5415413!16s%2Fg%2F11c6cz2y98!19sChIJNycwgcJDWS0Ru4v666Sbq2o?authuser=0&hl=en&rclk=1,-0.7438904,131.5415413,biasa,85.0,scenery 6,friendly locals 2,beautiful place 2,beach 3,,,,,,,
Panorama Beach,Papua Barat,4.2,https://www.google.com/maps/place/Panorama+Beach/data=!4m7!3m6!1s0x2d5eada5fae718ef:0x27620e195f88ebdd!8m2!3d-0.8173567!4d131.2351679!16s%2Fg%2F11d_vcf41q!19sChIJ7xjn-qWtXi0R3euIXxkOYic?authuser=0&hl=en&rclk=1,-0.8173567,131.2351679,biasa,88.0,calm atmosphere 2,scenery 6,clear water 2,wood 2,lodging 2,,,,,,
Jambu Beach,Banten,4.2,https://www.google.com/maps/place/Jambu+Beach/data=!4m7!3m6!1s0x2e422a42c7c21bf5:0x8cda4a0d35fddad5!8m2!3d-6.1879111!4d105.8416896!16s%2Fg%2F11cp74g5xc!19sChIJ9RvCx0IqQi4R1dr9NQ1K2ow?authuser=0&hl=en&rclk=1,-6.1879111,105.8416896,biasa,0.0,,,,,,,,,,,
Pantai Teluk Bengkuang,Sumatera Utara,4.2,https://www.google.com/maps/place/Pantai+Teluk+Bengkuang/data=!4m7!3m6!1s0x3025bff7aa7047a1:0xf8d8c236fbb6a24c!8m2!3d1.5104843!4d97.4248343!16s%2Fg%2F11cn68j7z7!19sChIJoUdwqve_JTARTKK2-zbC2Pg?authuser=0&hl=en&rclk=1,1.5104843,97.4248343,biasa,146.0,floating cafe,comfortable place,beach atmosphere,view,beauty,,,,,,
Penginapan pantai indah pandan kabupaten tapanuli tengah,Sumatera Utara,4.2,https://www.google.com/maps/place/Penginapan+pantai+indah+pandan+kabupaten+tapanuli+tengah/data=!4m7!3m6!1s0x302ef2c47dcd655b:0xa4f1d37d314e651b!8m2!3d1.6827982!4d98.8197554!16s%2Fg%2F11bx2kwdvb!19sChIJW2XNfcTyLjARG2VOMX3T8aQ?authuser=0&hl=en&rclk=1,1.6827982,98.8197554,biasa,206.0,beach,sunset,prayer area,hangout spot,cost,,,,,,
Sibolazi Beach,Sumatera Utara,4.2,https://www.google.com/maps/place/Sibolazi+Beach/data=!4m7!3m6!1s0x3031bf54564cdc7f:0x181dff6b9a275193!8m2!3d2.7486107!4d98.7509865!16s%2Fg%2F11bzt7sv7j!19sChIJf9xMVlS_MTARk1Enmmv_HRg?authuser=0&hl=en&rclk=1,2.7486107,98.7509865,biasa,308.0,lake,scenery,rocks,white sand,camping,,,,,,
AmalTarakan Beach,Kalimantan Utara,4.2,https://www.google.com/maps/place/AmalTarakan+Beach/data=!4m7!3m6!1s0x321389ede7361cf1:0xeecb56de94a7a6d9!8m2!3d3.3051171!4d117.6571055!16s%2Fg%2F1q62hkxm1!19sChIJ8Rw25-2JEzIR2aanlN5Wy-4?authuser=0&hl=en&rclk=1,3.3051171,117.6571055,biasa,173.0,seaweed farmers,gazebo,natural scenery,family recreation,tour,,,,,,
Pantai Pasir Putih Parparean,Sumatera Utara,4.2,https://www.google.com/maps/place/Pantai+Pasir+Putih+Parparean/data=!4m7!3m6!1s0x3031ffd451ee5d77:0x4329e9a7d027afb0!8m2!3d2.4318413!4d99.149081!16s%2Fg%2F11cs2btn5v!19sChIJd13uUdT_MTARsK8n0KfpKUM?authuser=0&hl=en&rclk=1,2.4318413,99.149081,biasa,1313.0,lake,lake toba,prayer room,white sand,gazebo,,,,,,
Pantai Romantis,Sumatera Utara,4.2,https://www.google.com/maps/place/Pantai+Romantis/data=!4m7!3m6!1s0x3031512d736bbf25:0xa8c63fecec492c65!8m2!3d3.5856526!4d99.099502!16s%2Fg%2F11b7q5f6_m!19sChIJJb9rcy1RMTARZSxJ7Ow_xqg?authuser=0&hl=en&rclk=1,3.5856526,99.099502,biasa,2735.0,white sand,mineral water,photo spots,beach cleanliness,prayer room,,,,,,
Pantai Pening,Jawa Tengah,4.2,https://www.google.com/maps/place/Pantai+Pening/data=!4m7!3m6!1s0x2e70448a2ed82843:0x39c6ee8ed16cb5f7!8m2!3d-6.8968665!4d110.0848972!16s%2Fg%2F11cjkq6v4g!19sChIJQyjYLopEcC4R97Vs0Y7uxjk?authuser=0&hl=en&rclk=1,-6.8968665,110.0848972,biasa,89.0,road access,natural beach,clean sand,pristine,atmosphere,,,,,,
Pantai Sambolo Anyer,Banten,4.2,https://www.google.com/maps/place/Pantai+Sambolo+Anyer/data=!4m7!3m6!1s0x2e4186b41d385d13:0xe444d56faee5686b!8m2!3d-6.0987264!4d105.8816995!16s%2Fg%2F11bxjcbngs!19sChIJE104HbSGQS4Ra2jlrm_VROQ?authuser=0&hl=en&rclk=1,-6.0987264,105.8816995,biasa,5090.0,Pantai Sambolo,gazebo,banana boat,coral,saung rental,,,,,,
Pantai Skouw Sae,Papua,4.2,https://www.google.com/maps/place/Pantai+Skouw+Sae/data=!4m7!3m6!1s0x686c4307c4a54ee1:0x2d098b7c0ef13164!8m2!3d-2.6157845!4d140.8855992!16s%2Fg%2F11f4ljhjn0!19sChIJ4U6lxAdDbGgRZDHxDnyLCS0?authuser=0&hl=en&rclk=1,-2.6157845,140.8855992,biasa,34.0,Randy Rorimpandey 3 reviews · 8 photos,Yusuf Susanto 1 review · 3 photos,Petrus Bonyadone 4 reviews · 10 photos,Adelberth Awi 5 reviews · 5 photos,Murniati Tiara 10 reviews · 1 photo,,,,,,
Pantai Pelabuhan Depapre,Papua,4.2,https://www.google.com/maps/place/Pantai+Pelabuhan+Depapre/data=!4m7!3m6!1s0x686ce71d0ea6c8db:0xe41e59d8f4f3fec4!8m2!3d-2.4497067!4d140.3585235!16s%2Fg%2F11spr05k1m!19sChIJ28imDh3nbGgRxP7z9NhZHuQ?authuser=0&hl=en&rclk=1,-2.4497067,140.3585235,biasa,17.0,Nuku Abisay 1 review,Roland Daniello 223 reviews · 710 photos,David Dai 2 photos,,,,,,,,
Pantai CINTA (Cina Tua) Serui,Papua,4.2,https://www.google.com/maps/place/Pantai+CINTA+%28Cina+Tua%29+Serui/data=!4m7!3m6!1s0x681b5779b6763831:0xc5301be3f94aa377!8m2!3d-1.8862499!4d136.2501353!16s%2Fg%2F11c5g9lbr1!19sChIJMTh2tnlXG2gRd6NK-eMbMMU?authuser=0&hl=en&rclk=1,-1.8862499,136.2501353,biasa,132.0,evening view 3,sunrise 2,blue sea 2,seating 2,place to relax 2,,,,,,
Pantai Monalisa,Papua,4.2,https://www.google.com/maps/place/Pantai+Monalisa/data=!4m7!3m6!1s0x681fa85bad8dce6b:0x42c01b3b443ea72c!8m2!3d-3.24126!4d135.5694583!16s%2Fg%2F11fs_8s0rd!19sChIJa86NrVuoH2gRLKc-RDsbwEI?authuser=0&hl=en&rclk=1,-3.24126,135.5694583,biasa,100.0,view 4,sunset 4,beach 3,swimming 2,Relax 2,,,,,,
Pantai Water Basis,Papua,4.2,https://www.google.com/maps/place/Pantai+Water+Basis/data=!4m7!3m6!1s0x680391d57c495331:0x88c0879fd933a87e!8m2!3d-1.1775209!4d136.056152!16s%2Fg%2F11g6vg7pkc!19sChIJMVNJfNWRA2gRfqgz2Z-HwIg?authuser=0&hl=en&rclk=1,-1.1775209,136.056152,biasa,156.0,sea bathing 2,family recreation spot 4,strategic location 2,snacks 3,relaxing place 2,,,,,,
Pantai Tembok Berlin (PTB) Sorong,Papua Pegunungan,4.2,https://www.google.com/maps/place/Pantai+Tembok+Berlin+%28PTB%29+Sorong/data=!4m7!3m6!1s0x2d5eab094caebf89:0x5ea7c8af20034304!8m2!3d-0.8723739!4d131.2456856!16s%2Fg%2F11c2p338cb!19sChIJib-uTAmrXi0RBEMDIK_Ip14?authuser=0&hl=en&rclk=1,-0.8723739,131.2456856,biasa,617.0,coconut 26,sunset 20,stir-fried water spinach 2,hangout spot 16,evening run 4,,,,,,
Pantai Segara Indah,Papua,4.2,https://www.google.com/maps/place/Pantai+Segara+Indah/data=!4m7!3m6!1s0x6804764374993fa9:0x728bd1d051627b70!8m2!3d-1.171219!4d136.2358147!16s%2Fg%2F11cmycd9m6!19sChIJqT-ZdEN2BGgRcHtiUdDRi3I?authuser=0&hl=en&rclk=1,-1.171219,136.2358147,biasa,187.0,white sand beach 3,rental huts 2,snorkeling 2,tour 7,recreation 8,,,,,,
Pantai Hamadi Jayapura,Papua,4.2,https://www.google.com/maps/place/Pantai+Hamadi+Jayapura/data=!4m7!3m6!1s0x686c58cf8a298051:0x450793d61085edec!8m2!3d-2.5788312!4d140.7091912!16s%2Fg%2F11bxg802bb!19sChIJUYApis9YbGgR7O2FENaTB0U?authuser=0&hl=en&rclk=1,-2.5788312,140.7091912,biasa,1471.0,bridge 14,gazebo 7,breakwater 12,hamadi beach 5,close to the city 5,,,,,,
Pantai Pasir Putih Sei Mengkadu,Kalimantan Utara,4.2,https://www.google.com/maps/place/Pantai+Pasir+Putih+Sei+Mengkadu/data=!4m7!3m6!1s0x3215b3d844aa2adb:0x9f2a361ec284f5f2!8m2!3d3.9677034!4d117.6765072!16s%2Fg%2F11f3nm304x!19sChIJ2yqqRNizFTIR8vWEwh42Kp8?authuser=0&hl=en&rclk=1,3.9677034,117.6765072,biasa,6.0,Fit rah  review ·  photos,Dani Novi  reviews ·  photos,Devharry Herno adjah  review ·  photo,,,,,,,,
Pantai Remis,Sumatera Utara,4.2,https://www.google.com/maps/place/Pantai+Remis/data=!4m7!3m6!1s0x30314bf76735e929:0x2cdfc365250b2758!8m2!3d3.6805538!4d98.8989918!16s%2Fg%2F11mx3m5c60!19sChIJKek1Z_dLMTARWCcLJWXD3yw?authuser=0&hl=en&rclk=1,3.6805538,98.8989918,biasa,181.0,,,,,,,,,,,
pantai pasir putih,Sumatera Utara,4.2,https://www.google.com/maps/place/pantai+pasir+putih/data=!4m7!3m6!1s0x3031c5bd2ab25691:0xb4222cec89d65ac2!8m2!3d2.6955706!4d98.6898657!16s%2Fg%2F11b6v7c3jj!19sChIJkVayKr3FMTARwlrWiewsIrQ?authuser=0&hl=en&rclk=1,2.6955706,98.6898657,biasa,4221.0,calm waves,coral reef,sailing ship,wharf,salted fish,,,,,,
Pantai Indah Krakatoa,Lampung,4.2,https://www.google.com/maps/place/Pantai+Indah+Krakatoa/data=!4m7!3m6!1s0x2e411a61b0ba50d9:0x10178f983a61d9c5!8m2!3d-5.6682567!4d105.5453361!16s%2Fg%2F11csspgzpp!19sChIJ2VC6sGEaQS4RxdlhOpiPFxA?authuser=0&hl=en&rclk=1,-5.6682567,105.5453361,biasa,79.0,mountain,white sand,scenery,bathe,swimming,,,,,,
Gunung Kunyit Beach View,Lampung,4.2,https://www.google.com/maps/place/Gunung+Kunyit+Beach+View/data=!4m7!3m6!1s0x2e40d90ae6568e9f:0xa0dfbd47021e315!8m2!3d-5.4490584!4d105.2819565!16s%2Fg%2F11fm5y_2ck!19sChIJn45W5grZQC4RFeMhcNT7DQo?authuser=0&hl=en&rclk=1,-5.4490584,105.2819565,biasa,407.0,waves,soaking in sea water,road access,sea water therapy,view of kunyit mountain,,,,,,
Angemuk,Papua Pegunungan,4.2,https://www.google.com/maps/place/Angemuk/data=!4m7!3m6!1s0x6816720d1b14261d:0x9ae42f51218e668c!8m2!3d-3.525!4d138.5916666!16s%2Fg%2F11b_01q15r!19sChIJHSYUGw1yFmgRjGaOIVEv5Jo?authuser=0&hl=en&rclk=1,-3.525,138.5916666,biasa,23.0,Valentino kevin 1 review,Luk Mayo 1 photo,Mekis Yikwa 6 photos,Ketua Gelap 1 photo,keson keson 4 photos,,,,,,
Pantai Tanjung Belandang,Kalimantan Barat,4.2,https://www.google.com/maps/place/Pantai+Tanjung+Belandang/data=!4m7!3m6!1s0x2e04e02a82fa6053:0x67c0cb666cab0b07!8m2!3d-1.721401!4d109.9949438!16s%2Fg%2F11byx8m10l!19sChIJU2D6girgBC4RBwurbGbLwGc?authuser=0&hl=en&rclk=1,-1.721401,109.9949438,biasa,494.0,sunset,wooden bridge,muddy beach,sound of the waves,eating kepah,,,,,,
Pantai Air Mati,Kalimantan Barat,4.2,https://www.google.com/maps/place/Pantai+Air+Mati/data=!4m7!3m6!1s0x2e051fb95ef37c79:0x48398cc6608e4540!8m2!3d-1.7443549!4d109.9807375!16s%2Fg%2F11bvv59wwl!19sChIJeXzzXrkfBS4RQEWOYMaMOUg?authuser=0&hl=en&rclk=1,-1.7443549,109.9807375,biasa,533.0,clam,gazebo,kepah,beauty of the beach,shady,,,,,,
Jungkat Beach & Resort,Kalimantan Barat,4.2,https://www.google.com/maps/place/Jungkat+Beach+%26+Resort/data=!4m7!3m6!1s0x31e2a1fc3b8fafe3:0x6bb8ad96f083dc76!8m2!3d0.065402!4d109.192148!16s%2Fg%2F11b6yzrc9_!19sChIJ46-PO_yh4jERdtyD8JatuGs?authuser=0&hl=en&rclk=1,0.065402,109.192148,biasa,3220.0,leisure time,pedal duck,fishing pond,estuary,scenery,,,,,,
Pantai Sungai Kinjil (Pantai Pecal),Kalimantan Barat,4.2,https://www.google.com/maps/place/Pantai+Sungai+Kinjil+%28Pantai+Pecal%29/data=!4m7!3m6!1s0x2e0518023fffffff:0x940ee71a3680df2e!8m2!3d-1.8699921!4d109.9548958!16s%2Fg%2F11ddxdd8dv!19sChIJ____PwIYBS4RLt-ANhrnDpQ?authuser=0&hl=en&rclk=1,-1.8699921,109.9548958,biasa,126.0,pecel,sunset,attractions,beach atmosphere,afternoon,,,,,,
Batu Payung Beach,Kalimantan Barat,4.2,https://www.google.com/maps/place/Batu+Payung+Beach/data=!4m7!3m6!1s0x31e30a3659e077ab:0x7037750a0086e0da!8m2!3d0.8009809!4d108.8469044!16s%2Fg%2F11b6nv9ygc!19sChIJq3fgWTYK4zER2uCGAAp1N3A?authuser=0&hl=en&rclk=1,0.8009809,108.8469044,biasa,1366.0,game,prayer room,pool,game rides,leisure,,,,,,
Delegan Beach,Jawa Timur,4.2,https://www.google.com/maps/place/Delegan+Beach/data=!4m7!3m6!1s0x2e77e79a60299bbb:0xbb4aad0c8de4f067!8m2!3d-6.8918103!4d112.4662587!16s%2Fg%2F1ydp5bkcv!19sChIJu5spYJrndy4RZ_DkjQytSrs?authuser=0&hl=en&rclk=1,-6.8918103,112.4662587,biasa,8436.0,smoked fish,banana boat,white sand,gazebo,mat rental,,,,,,
Ujong Blang Beach,Aceh,4.2,https://www.google.com/maps/place/Ujong+Blang+Beach/data=!4m7!3m6!1s0x30479cdf5db151b7:0x35387f6b1c294b6d!8m2!3d5.2030986!4d97.1363812!16s%2Fg%2F11c563fl64!19sChIJt1GxXd-cRzARbUspHGt_ODU?authuser=0&hl=en&rclk=1,5.2030986,97.1363812,biasa,251.0,Best entertainment in Lhokseumawe. My family love the rujak,I confused with name ujung blang every side lol,"Nice place for rilex ,but the beach is dirty with garbage","Never forgotten, the beautiful place ever 1990",Good for hang out,rujak,rujak,relaxing place,food,weekend,cleanliness
Sako Beach,Sumatera Barat,4.2,https://www.google.com/maps/place/Sako+Beach/data=!4m7!3m6!1s0x2fd4bab000000001:0xdff299bebdec1f95!8m2!3d-1.0320116!4d100.4022524!16s%2Fg%2F11bxfn3t2g!19sChIJAQAAALC61C8RlR_svb6Z8t8?authuser=0&hl=en&rclk=1,-1.0320116,100.4022524,biasa,346.0,clean beach,pine,fine sand,shallow beach,white sand,,,,,,
Pantai 1 Kuala Beringin,Sumatera Utara,4.2,https://www.google.com/maps/place/Pantai+1+Kuala+Beringin/data=!4m7!3m6!1s0x30320cbfae3c0521:0x333ae6623c117e54!8m2!3d2.5221369!4d99.5250011!16s%2Fg%2F11cspk0sgx!19sChIJIQU8rr8MMjARVH4RPGLmOjM?authuser=0&hl=en&rclk=1,2.5221369,99.5250011,biasa,32.0,,,,,,,,,,,
Pantai Lahonduru Wasuemba Kab.Buton,Sulawesi Tenggara,4.2,https://www.google.com/maps/place/Pantai+Lahonduru+Wasuemba+Kab.Buton/data=!4m7!3m6!1s0x2da416ee420a6879:0xc33d4f0827dcf051!8m2!3d-5.6319929!4d122.8380707!16s%2Fg%2F11g8wvkd5f!19sChIJeWgKQu4WpC0RUfDcJwhPPcM?authuser=0&hl=en&rclk=1,-5.6319929,122.8380707,biasa,38.0,ancient fish 2,white sand 2,beach view 2,beautiful place 2,fish 5,,,,,,
Pantai Indah Kapu,Sulawesi Tenggara,4.2,https://www.google.com/maps/place/Pantai+Indah+Kapu/data=!4m7!3m6!1s0x2d97933fbe751297:0x412eee0d4c90086c!8m2!3d-4.0001385!4d121.4193307!16s%2Fg%2F11ls_q30gg!19sChIJlxJ1vj-Tly0RbAiQTA3uLkE?authuser=0&hl=en&rclk=1,-4.0001385,121.4193307,biasa,106.0,beach 10,accessibility 3,easy access 2,cleanliness 8,family vacation 6,,,,,,
Tangkil Beach,Lampung,4.2,https://www.google.com/maps/place/Tangkil+Beach/data=!4m7!3m6!1s0x2e40d88afd7c5bc1:0xb25b717aa3d09309!8m2!3d-5.5106921!4d105.269204!16s%2Fg%2F11b7p_mdsl!19sChIJwVt8_YrYQC4RCZPQo3pxW7I?authuser=0&hl=en&rclk=1,-5.5106921,105.269204,biasa,728.0,banana boat,fine sand,beach cleanliness,white sand,donut boat,,,,,,
Mutun Beach,Lampung,4.2,https://www.google.com/maps/place/Mutun+Beach/data=!4m7!3m6!1s0x2e40d863ce0b6695:0xaff8f326c3a8d9e1!8m2!3d-5.5143696!4d105.2633118!16s%2Fg%2F11b7q6zls0!19sChIJlWYLzmPYQC4R4dmowybz-K8?authuser=0&hl=en&rclk=1,-5.5143696,105.2633118,biasa,5542.0,gazebo,banana boat,tangkil island,gazebo rental,recreation,,,,,,
Pantai Sari Ringgung,Lampung,4.2,https://www.google.com/maps/place/Pantai+Sari+Ringgung/data=!4m7!3m6!1s0x2e40da49bddb1817:0x5a88d6e27815fb40!8m2!3d-5.5575315!4d105.2521742!16s%2Fg%2F11b6dp3wg5!19sChIJFxjbvUnaQC4RQPsVeOLWiFo?authuser=0&hl=en&rclk=1,-5.5575315,105.2521742,biasa,7663.0,sari ringgung beach,banana boat,photo spots,gazebo,slides,,,,,,
Pantai Kuala,Bangka Belitung,4.2,https://www.google.com/maps/place/Pantai+Kuala/data=!4m7!3m6!1s0x2e22bf8989fd77eb:0x8fb0b0ea8240d347!8m2!3d-2.0864241!4d106.1585763!16s%2Fg%2F11dyqsf8qj!19sChIJ63f9iYm_Ii4RR9NAguqwsI8?authuser=0&hl=en&rclk=1,-2.0864241,106.1585763,biasa,6902.0,dentist,health screening,lactation consultant,endoscopy department,paediatrician,,,,,,
Temberan Beach,Bangka Belitung,4.2,https://www.google.com/maps/place/Temberan+Beach/data=!4m7!3m6!1s0x2e22ead4601ab5db:0x76bb092059b91673!8m2!3d-2.0262463!4d106.1551124!16s%2Fg%2F11c2p90nc0!19sChIJ27UaYNTqIi4Rcxa5WSAJu3Y?authuser=0&hl=en&rclk=1,-2.0262463,106.1551124,biasa,665.0,gazebo,prayer room,shallow beach,beach cleanliness,huts,,,,,,
Yellow sand beach Tempilang,Bangka Belitung,4.2,https://www.google.com/maps/place/Yellow+sand+beach+Tempilang/data=!4m7!3m6!1s0x2e23239480c4a3eb:0x83cc3ddd7488f902!8m2!3d-2.1267031!4d105.6608411!16s%2Fg%2F11cs0rts37!19sChIJ66PEgJQjIy4RAvmIdN09zIM?authuser=0&hl=en&rclk=1,-2.1267031,105.6608411,biasa,364.0,yellow sand,beautiful beach,clean beach,rock,beach atmosphere,,,,,,
Pantai Punai,Bangka Belitung,4.2,https://www.google.com/maps/place/Pantai+Punai/data=!4m7!3m6!1s0x2e16b5f2aeb0c63d:0x8aa0a3d0b86cfc50!8m2!3d-3.26226!4d107.9764508!16s%2Fg%2F11b_3gyw7l!19sChIJPcawrvK1Fi4RUPxsuNCjoIo?authuser=0&hl=en&rclk=1,-3.26226,107.9764508,biasa,247.0,coconut,cottage,granite rocks,white sand,natural atmosphere,,,,,,
Pantai Batu Rakit,Bangka Belitung,4.2,https://www.google.com/maps/place/Pantai+Batu+Rakit/data=!4m7!3m6!1s0x2e235de55c9a700b:0x5d4c87f3323db058!8m2!3d-2.0810743!4d105.1369825!16s%2Fg%2F11c3_8jx1r!19sChIJC3CaXOVdIy4RWLA9MvOHTF0?authuser=0&hl=en&rclk=1,-2.0810743,105.1369825,biasa,135.0,coastal erosion,calm atmosphere,swimming,ocean,cleanliness,,,,,,
Pan Semujur Beach,Bangka Belitung,4.2,https://www.google.com/maps/place/Pan+Semujur+Beach/data=!4m7!3m6!1s0x2e22b84954c5dbf7:0x44f6856cf2ec02c5!8m2!3d-2.1875126!4d106.1990149!16s%2Fg%2F11f0krdgr2!19sChIJ99vFVEm4Ii4RxQLs8myF9kQ?authuser=0&hl=en&rclk=1,-2.1875126,106.1990149,biasa,567.0,jet ski,sloping beach,shady trees,scenery,photo spot,,,,,,
Pantai Penganak,Bangka Belitung,4.2,https://www.google.com/maps/place/Pantai+Penganak/data=!4m7!3m6!1s0x2e23bd160a9fdd69:0xafe5eaac1a149f03!8m2!3d-1.5958183!4d105.4360988!16s%2Fg%2F11b6rwmpgs!19sChIJad2fCha9Iy4RA58UGqzq5a8?authuser=0&hl=en&rclk=1,-1.5958183,105.4360988,biasa,323.0,white sand,sunset,gentle beach,clean beach,scenery,,,,,,
Pantai Leppu,Nusa Tenggara Barat,4.2,https://www.google.com/maps/place/Pantai+Leppu/data=!4m7!3m6!1s0x2dcb0488f076f335:0xc660b7fbfa90461e!8m2!3d-8.8989528!4d117.8172349!16s%2Fg%2F11g6w62l5j!19sChIJNfN28IgEyy0RHkaQ-vu3YMY?authuser=0&hl=en&rclk=1,-8.8989528,117.8172349,biasa,205.0,waves 3,sunset spot 2,white sand 3,road access 4,bathe 3,,,,,,
Pantai Panjang Toronipa,Sulawesi Tenggara,4.2,https://www.google.com/maps/place/Pantai+Panjang+Toronipa/data=!4m7!3m6!1s0x2d98e97300000001:0xae792dabf3c40663!8m2!3d-3.8976495!4d122.6644769!16s%2Fg%2F11cmnkjjpc!19sChIJAQAAAHPpmC0RYwbE86stea4?authuser=0&hl=en&rclk=1,-3.8976495,122.6644769,biasa,84.0,gazebo 4,tour 3,beach view 3,cool 2,Elma Yuliana 5 reviews · 4 photos,,,,,,
Nambo Beach,Sulawesi Tenggara,4.2,https://www.google.com/maps/place/Nambo+Beach/data=!4m7!3m6!1s0x2d98935d9b6389fb:0xbc58ec6747a6097c!8m2!3d-4.0006546!4d122.6176896!16s%2Fg%2F1ptzshqx2!19sChIJ-4ljm12TmC0RfAmmR2fsWLw?authuser=0&hl=en&rclk=1,-4.0006546,122.6176896,biasa,246.0,gazebo 6,mat rental 2,clean sand 2,white sand 3,road access 2,,,,,,
Pantai Pasir Putih,Sulawesi Tenggara,4.2,https://www.google.com/maps/place/Pantai+Pasir+Putih/data=!4m7!3m6!1s0x2da2896f96961f41:0xc387ab048c2a768d!8m2!3d-4.4825811!4d122.2975797!16s%2Fg%2F11f4027g54!19sChIJQR-Wlm-Joi0RjXYqjASrh8M?authuser=0&hl=en&rclk=1,-4.4825811,122.2975797,biasa,43.0,gazebo,cleanliness,access,"Dafiqjhonk  Local Guide ·  reviews · , photos",Alex Saputra  review ·  photos,,,,,,
Pantai Kelapa Mangkupadi,Kalimantan Utara,4.2,https://www.google.com/maps/place/Pantai+Kelapa+Mangkupadi/data=!4m7!3m6!1s0x321259a0d442ac5d:0xf237b158ade7ed9a!8m2!3d2.5642416!4d117.8602174!16s%2Fg%2F11c5__26zn!19sChIJXaxC1KBZEjIRmu3nrVixN_I?authuser=0&hl=en&rclk=1,2.5642416,117.8602174,biasa,110.0,white sand,beach cleanliness,scenery,beach beauty,cleanliness,,,,,,
Pantai sesulu,Kalimantan Timur,4.2,https://www.google.com/maps/place/Pantai+sesulu/data=!4m7!3m6!1s0x2df1192194b52f39:0xb0030d75fdf1b470!8m2!3d-1.420163!4d116.6002155!16s%2Fg%2F11s3c0bjwl!19sChIJOS-1lCEZ8S0RcLTx_XUNA7A?authuser=0&hl=en&rclk=1,-1.420163,116.6002155,biasa,13.0,fish,Lu Majang  reviews ·  photos,Mahmuddin  reviews,hafiz .A.R  photos,Udin Koplak  photos,,,,,,
Pantai Auri Sepinggan,Kalimantan Timur,4.2,https://www.google.com/maps/place/Pantai+Auri+Sepinggan/data=!4m7!3m6!1s0x2df144487d3742e7:0xaa8aad6c06762781!8m2!3d-1.2602188!4d116.9186581!16s%2Fg%2F11cm0qcts9!19sChIJ50I3fUhE8S0RgSd2Bmytiqo?authuser=0&hl=en&rclk=1,-1.2602188,116.9186581,biasa,526.0,beach,beach cleanliness,gazebo,Sultan Aji Muhammad Sulaiman,sunset,,,,,,
Wisata pantai teluk lingga sangatta,Kalimantan Timur,4.2,https://www.google.com/maps/place/Wisata+pantai+teluk+lingga+sangatta/data=!4m7!3m6!1s0x320a4b4ca078fd61:0x50b4cd3d943bf60e!8m2!3d0.5047591!4d117.6205399!16s%2Fg%2F11ty7ckbfc!19sChIJYf14oExLCjIRDvY7lD3NtFA?authuser=0&hl=en&rclk=1,0.5047591,117.6205399,biasa,112.0,mangrove,gazebo,monkeys,motorcycle entrance fee,cleanliness,,,,,,
Marang Kaliorang Beach,Kalimantan Timur,4.2,https://www.google.com/maps/place/Marang+Kaliorang+Beach/data=!4m7!3m6!1s0x320b9f5cc6e35731:0x9fc35f174a5fdd31!8m2!3d0.8310272!4d117.8963082!16s%2Fg%2F11qn4v4hg1!19sChIJMVfjxlyfCzIRMd1fShdfw58?authuser=0&hl=en&rclk=1,0.8310272,117.8963082,biasa,69.0,sandy sea,ikan bakar,swimming,comfortable place,cleanliness,,,,,,
Pantai Leuge,Aceh,4.2,https://www.google.com/maps/place/Pantai+Leuge/data=!4m7!3m6!1s0x3037f1b5e3cfb3e1:0x1691db610bb236c8!8m2!3d4.8014311!4d97.9362977!16s%2Fg%2F11c5s5kys2!19sChIJ4bPP47XxNzARyDayC2HbkRY?authuser=0&hl=en&rclk=1,4.8014311,97.9362977,biasa,441.0,,,,,,,,,,,
Wisata Pantai Buatan Kuala Langsa,Aceh,4.2,https://www.google.com/maps/place/Wisata+Pantai+Buatan+Kuala+Langsa/data=!4m7!3m6!1s0x3037909d083ebb9f:0xfa945e1a4d22b863!8m2!3d4.5198635!4d98.0164532!16s%2Fg%2F11gc0b87lk!19sChIJn7s-CJ2QNzARY7giTRpelPo?authuser=0&hl=en&rclk=1,4.5198635,98.0164532,biasa,174.0,mangroves,mangrove tourist spot,artificial beach tourism,photo spots,family recreation,,,,,,
Pantai Ujong Batee,Aceh,4.2,https://www.google.com/maps/place/Pantai+Ujong+Batee/data=!4m7!3m6!1s0x30404a437a440af3:0x5829939eedd35c8f!8m2!3d5.6499521!4d95.4195857!16s%2Fg%2F11f2lgksly!19sChIJ8wpEekNKQDARj1zT7Z6TKVg?authuser=0&hl=en&rclk=1,5.6499521,95.4195857,biasa,612.0,beach cleanliness,near the beach,sea view,beach sand,playground,,,,,,
"Pantai Air Manih, Padang, Sumatera Barat",Sumatera Barat,4.2,"https://www.google.com/maps/place/Pantai+Air+Manih,+Padang,+Sumatera+Barat/data=!4m7!3m6!1s0x2fd4bb426fca773b:0x6f659d58c8cd92e5!8m2!3d-0.9899923!4d100.358416!16s%2Fg%2F11g0ssvdt7!19sChIJO3fKb0K71C8R5ZLNyFidZW8?authuser=0&hl=en&rclk=1",-0.9899923,100.358416,biasa,178.0,waves,malin kundang,beach cleanliness,air manis beach,ATV,,,,,,
Pantai Mutiara Indah Pangempang Muara Badak,Kalimantan Timur,4.2,https://www.google.com/maps/place/Pantai+Mutiara+Indah+Pangempang+Muara+Badak/data=!4m7!3m6!1s0x2df5e9411e87f34f:0x63fa854a08a9b3b7!8m2!3d-0.2129837!4d117.4352673!16s%2Fg%2F11d_bg3wtp!19sChIJT_OHHkHp9S0Rt7OpCEqF-mM?authuser=0&hl=en&rclk=1,-0.2129837,117.4352673,biasa,696.0,gazebo,mangroves,clean beach,banana boat,travel by klotok boat,,,,,,
Pantai Indah Kurma,Kalimantan Timur,4.2,https://www.google.com/maps/place/Pantai+Indah+Kurma/data=!4m7!3m6!1s0x2df5e94da1aa5863:0xdd1e1cf21e71416c!8m2!3d-0.2014281!4d117.4422484!16s%2Fg%2F11c30x8dsf!19sChIJY1iqoU3p9S0RbEFxHvIcHt0?authuser=0&hl=en&rclk=1,-0.2014281,117.4422484,biasa,348.0,gazebo,camping,prayer room,trees for hammocks,sunrise,,,,,,
Pantai Indah Teluk Kaba Kaltim Indonesia,Kalimantan Timur,4.2,https://www.google.com/maps/place/Pantai+Indah+Teluk+Kaba+Kaltim+Indonesia/data=!4m7!3m6!1s0x320a3e8b1d2df7db:0x6de8e7cc8ac412a0!8m2!3d0.3160878!4d117.5236486!16s%2Fg%2F11bwrshbmc!19sChIJ2_ctHYs-CjIRoBLEiszn6G0?authuser=0&hl=en&rclk=1,0.3160878,117.5236486,biasa,47.0,snorkeling,scenery,seafood,white sand beach,beach,,,,,,
Pantai Arta Indah,Sumatera Barat,4.2,https://www.google.com/maps/place/Pantai+Arta+Indah/data=!4m7!3m6!1s0x2fd5035c9b000001:0x81278c494983cfbf!8m2!3d-0.4991826!4d100.0651573!16s%2Fg%2F11g8wd7zz2!19sChIJAQAAm1wD1S8Rv8-DSUmMJ4E?authuser=0&hl=en&rclk=1,-0.4991826,100.0651573,biasa,238.0,beach,beach cleanliness,high waves,relaxing place,scenery,,,,,,
Pantai Gajah Padang,Sumatera Barat,4.2,https://www.google.com/maps/place/Pantai+Gajah+Padang/data=!4m7!3m6!1s0x2fd4bf56a1a96391:0xb966bbadaf3acfdd!8m2!3d-0.894702!4d100.3440705!16s%2Fg%2F11by_kxryj!19sChIJkWOpoVa_1C8R3c86r627Zrk?authuser=0&hl=en&rclk=1,-0.894702,100.3440705,biasa,432.0,beach,coast,beach cleanliness,sea bathing,close to campus,,,,,,
PANTAI BALI ABDYA,Aceh,4.2,https://www.google.com/maps/place/PANTAI+BALI+ABDYA/data=!4m7!3m6!1s0x303bdf52459b5e49:0x8a4943c792770520!8m2!3d3.7087682!4d96.8315609!16s%2Fg%2F11f089ygf3!19sChIJSV6bRVLfOzARIAV3ksdDSYo?authuser=0&hl=en&rclk=1,3.7087682,96.8315609,biasa,204.0,Nice and very nice,"Oh my God, the Balinese beach is truly beautiful, with its crystal-clear blue sea and Pusong Island right in front of it. This beach is located in Ladang Village, Susoh District, Southwest Aceh Regency, about half an hour from the district capital. Although the access road is quite far from the main road, the sea breeze at this Balinese beach is well worth it. Not to mention the calming waves.","The place is clean and tidy, with a moderate food and drink menu. The beach view is beautiful and captivating. The place is shady and not too hot, with ample parking available everywhere. It's not too crowded, making it a great place to be alone and enjoy some downtime.","The beach is beautiful and clean. There's no entrance fee, but you have to buy drinks or food if you want to sit at the tables provided. The food and drinks are also reasonably priced.
All tourist attractions in Aceh are free from extortion.
This beach is better than Jilbab Beach, as it's cleaner and better managed.",The beach is nice and suitable for relaxing from the hustle and bustle of life and hopefully the management can maintain its cleanliness.,relaxing spot,relaxing spot,sunset,menu,tourist attraction,cleanliness
Pantai Gorua,Maluku Utara,4.2,https://www.google.com/maps/place/Pantai+Gorua/data=!4m7!3m6!1s0x329a620b9376f95f:0xc0684686d5e8acfb!8m2!3d1.7657412!4d127.9828148!16s%2Fg%2F11dyb7sncj!19sChIJX_l2kwtimjIR-6zo1YZGaMA?authuser=0&hl=en&rclk=1,1.7657412,127.9828148,biasa,106.0,scenery 3,harbor 7,ferry 4,ferry port 2,Mif Tahul Ulum 1 review,,,,,,
Pantai Gusung Indah,Sulawesi Selatan,4.2,https://www.google.com/maps/place/Pantai+Gusung+Indah/data=!4m7!3m6!1s0x2dbf1f82edb3c98f:0xd2785b41aca3e8a3!8m2!3d-5.2849535!4d119.3731821!16s%2Fg%2F11by_f_7zr!19sChIJj8mz7YIfvy0Ro-ijrEFbeNI?authuser=0&hl=en&rclk=1,-5.2849535,119.3731821,biasa,89.0,ship,recreation,holiday,House,Bu Di  reviews ·  photos,,,,,,
Pantai Tanjung Menangis,Nusa Tenggara Barat,4.2,https://www.google.com/maps/place/Pantai+Tanjung+Menangis/data=!4m7!3m6!1s0x2dcc478b23d4a86b:0x7e0cf7d80c77a04d!8m2!3d-8.5521894!4d116.6615029!16s%2Fg%2F11qg44mbpp!19sChIJa6jUI4tHzC0RTaB3DNj3DH4?authuser=0&hl=en&rclk=1,-8.5521894,116.6615029,biasa,425.0,beach 49,beach cleanliness 9,rinjani 2,playing on the beach 2,nearest beach 2,,,,,,
Samudra Indah Beach,Kalimantan Barat,4.2,https://www.google.com/maps/place/Samudra+Indah+Beach/data=!4m7!3m6!1s0x31e30b1764f76bd1:0x46b0505679c4db9a!8m2!3d0.8360045!4d108.8675376!16s%2Fg%2F11fxb1jq7x!19sChIJ0Wv3ZBcL4zERmtvEeVZQsEY?authuser=0&hl=en&rclk=1,0.8360045,108.8675376,biasa,241.0,pendopo,soft beach sand,prayer room,photo spots,beautiful ocean,,,,,,
Pantai Putih,Kalimantan Barat,4.2,https://www.google.com/maps/place/Pantai+Putih/data=!4m7!3m6!1s0x31e2ff26fe3e08c1:0xc4a08f7425f9cf17!8m2!3d0.508969!4d108.8521069!16s%2Fg%2F11c3k2_ljr!19sChIJwQg-_ib_4jERF8_5JXSPoMQ?authuser=0&hl=en&rclk=1,0.508969,108.8521069,biasa,31.0,Nicki Adrian  review,,,,,,,,,,
Pantai Pecal Ketapang (Kinjil Pesisir),Kalimantan Barat,4.2,https://www.google.com/maps/place/Pantai+Pecal+Ketapang+%28Kinjil+Pesisir%29/data=!4m7!3m6!1s0x2e0517f90ad104dd:0x39d5ee1105d4d98c!8m2!3d-1.8706679!4d109.955213!16s%2Fg%2F11dxl5l0q_!19sChIJ3QTRCvkXBS4RjNnUBRHu1Tk?authuser=0&hl=en&rclk=1,-1.8706679,109.955213,biasa,755.0,pecel,gazebo,pecal beach,young coconut,unique beach,,,,,,
Pantai Sinar Laut,Bangka Belitung,4.2,https://www.google.com/maps/place/Pantai+Sinar+Laut/data=!4m7!3m6!1s0x2e3d50e402900433:0x643672887efa6d8c!8m2!3d-2.4795428!4d106.4110949!16s%2Fg%2F11cn65gxrb!19sChIJMwSQAuRQPS4RjG36fohyNmQ?authuser=0&hl=en&rclk=1,-2.4795428,106.4110949,biasa,25.0,,,,,,,,,,,
Pantai Wisata Sekunyit,Sumatera Selatan,4.2,https://www.google.com/maps/place/Pantai+Wisata+Sekunyit/data=!4m7!3m6!1s0x2e37adb1ff6cf517:0x4a685675ef15d45a!8m2!3d-4.4330542!4d102.8800897!16s%2Fg%2F11nn1tp_5w!19sChIJF_Vs_7GtNy4RWtQV73VWaEo?authuser=0&hl=en&rclk=1,-4.4330542,102.8800897,biasa,36.0,photo spots,beach view,cleanliness,strong wind,atmosphere,,,,,,
Pantai Cappa Ujung,Sulawesi Selatan,4.2,https://www.google.com/maps/place/Pantai+Cappa+Ujung/data=!4m7!3m6!1s0x2dbdc1e73c1a050d:0xddb64a1155919fa!8m2!3d-4.6585947!4d120.4569631!16s%2Fg%2F11g6bp27s1!19sChIJDQUaPOfBvS0R-hlZFaFk2w0?authuser=0&hl=en&rclk=1,-4.6585947,120.4569631,biasa,51.0,view,,,,,,,,,,
Pantai Montong,Nusa Tenggara Barat,4.2,https://www.google.com/maps/place/Pantai+Montong/data=!4m7!3m6!1s0x2dcdc1c007b690e3:0x59a1da4bdee1ed8f!8m2!3d-8.531268!4d116.0674577!16s%2Fg%2F11b7d_xtp3!19sChIJ45C2B8DBzS0Rj-3h3kvaoVk?authuser=0&hl=en&rclk=1,-8.531268,116.0674577,biasa,76.0,atmosphere 2,sunset 6,culinary 2,,,,,,,,
Pantai Gading Mapak,Nusa Tenggara Barat,4.2,https://www.google.com/maps/place/Pantai+Gading+Mapak/data=!4m7!3m6!1s0x2dcdbfba993aa9fb:0xbd3211a86308da8c!8m2!3d-8.6186578!4d116.0751409!16s%2Fg%2F11hcnbsxlj!19sChIJ-6k6mbq_zS0RjNoIY6gRMr0?authuser=0&hl=en&rclk=1,-8.6186578,116.0751409,biasa,101.0,free entrance 2,sunset 2,tour 2,beach cleanliness 5,eating 2,,,,,,
Wisata Hutan Mangrove Pantai Celincing,Kalimantan Barat,4.2,https://www.google.com/maps/place/Wisata+Hutan+Mangrove+Pantai+Celincing/data=!4m7!3m6!1s0x2e0523c65c60619d:0xfe79cf95d25a4a5c!8m2!3d-1.8262427!4d109.9078467!16s%2Fg%2F11jj45rjtz!19sChIJnWFgXMYjBS4RXEpa0pXPef4?authuser=0&hl=en&rclk=1,-1.8262427,109.9078467,biasa,63.0,mangrove forest atmosphere,fishing spot,sunset view,old tourist spot,not too crowded,,,,,,
Pelawan Beach,Riau,4.2,https://www.google.com/maps/place/Pelawan+Beach/data=!4m7!3m6!1s0x31d74fa9a44c5d9f:0x5b59c2ff65d0823b!8m2!3d1.0491494!4d103.3127636!16s%2Fg%2F11b6t406fc!19sChIJn11MpKlP1zERO4LQZf_CWVs?authuser=0&hl=en&rclk=1,1.0491494,103.3127636,biasa,1597.0,hanging bridge,palm trees,free entrance,artificial beach,relaxing atmosphere,,,,,,
Marawa Beach Club,Sumatera Barat,4.2,https://www.google.com/maps/place/Marawa+Beach+Club/data=!4m7!3m6!1s0x2fd4bba87c025bcf:0xc5a85470003c0a2b!8m2!3d-0.980755!4d100.360642!16s%2Fg%2F11pyjcf8mg!19sChIJz1sCfKi71C8RKwo8AHBUqMU?authuser=0&hl=en&rclk=1,-0.980755,100.360642,biasa,0.0,,,,,,,,,,,
Pantai BatuMeja Sangkub (TableStone Beach),Sulawesi Utara,4.2,https://www.google.com/maps/place/Pantai+BatuMeja+Sangkub+%28TableStone+Beach%29/data=!4m7!3m6!1s0x327e8f6473aebaf7:0xbc9963eadf848426!8m2!3d0.8766384!4d123.6775093!16s%2Fg%2F11g9wd6m_l!19sChIJ97quc2SPfjIRJoSE3-pjmbw?authuser=0&hl=en&rclk=1,0.8766384,123.6775093,biasa,44.0,Regi Brutalz  review,,,,,,,,,,
Pantai Kahona,Sulawesi Utara,4.2,https://www.google.com/maps/place/Pantai+Kahona/data=!4m7!3m6!1s0x3287025855555555:0x1390a2359139554b!8m2!3d1.3984673!4d125.1865419!16s%2Fg%2F11c2k0t2gw!19sChIJVVVVVVgChzIRS1U5kTWikBM?authuser=0&hl=en&rclk=1,1.3984673,125.1865419,biasa,145.0,mangroves,snorkeling,beach view,cost,bathe,,,,,,
Pantai Sungai Tengar,Kalimantan Barat,4.2,https://www.google.com/maps/place/Pantai+Sungai+Tengar/data=!4m7!3m6!1s0x2e0f86297ac500a5:0xf32c3719584776d7!8m2!3d-2.3523741!4d110.1439251!16s%2Fg%2F11fylwgjl6!19sChIJpQDFeimGDy4R13ZHWBk3LPM?authuser=0&hl=en&rclk=1,-2.3523741,110.1439251,biasa,33.0,Muhammad Arifin  review ·  photos,Andi Djamirudin  review ·  photos,Ningot Ok  review,,,,,,,,
PANTAI KITO,Sumatera Selatan,4.2,https://www.google.com/maps/place/PANTAI+KITO/data=!4m7!3m6!1s0x2e2d25e04bf0c5ff:0x677ad978fb381b40!8m2!3d-1.9246429!4d100.8633328!16s%2Fg%2F11h8j3vfp8!19sChIJ_8XwS-AlLS4RQBs4-3jZemc?authuser=0&hl=en&rclk=1,-1.9246429,100.8633328,biasa,259.0,beach cleanliness,suitable for families,culinary,new place,leisure,,,,,,
Pantai Nanganessa,Nusa Tenggara Timur,4.2,https://www.google.com/maps/place/Pantai+Nanganessa/data=!4m7!3m6!1s0x2dad592673602dcb:0x279d78cc794de0a2!8m2!3d-8.8361819!4d121.6824901!16s%2Fg%2F11gj0zbwvw!19sChIJyy1gcyZZrS0RouBNecx4nSc?authuser=0&hl=en&rclk=1,-8.8361819,121.6824901,biasa,13.0,Rivaldy Aka 4 reviews · 2 photos,John Dato 1 review,,,,,,,,,
Pantai Barombong,Sulawesi Selatan,4.2,https://www.google.com/maps/place/Pantai+Barombong/data=!4m7!3m6!1s0x2dbf1dc8e947e003:0x52452dabe8f1d7e2!8m2!3d-5.2071952!4d119.3834301!16s%2Fg%2F120jxbh2!19sChIJA-BH6cgdvy0R4tfx6KstRVI?authuser=0&hl=en&rclk=1,-5.2071952,119.3834301,biasa,58.0,sunset,cleanliness,location,Abdur Rauf  reviews ·  photos,Ardara Lailatul  reviews ·  photos,,,,,,
Pantai Cemara Indah,Kalimantan Barat,4.2,https://www.google.com/maps/place/Pantai+Cemara+Indah/data=!4m7!3m6!1s0x31e4ddf0bda328a7:0x3f543087bd7b3d22!8m2!3d1.6511726!4d109.2441101!16s%2Fg%2F11gw0w08ky!19sChIJpyijvfDd5DERIj17vYcwVD8?authuser=0&hl=en&rclk=1,1.6511726,109.2441101,biasa,234.0,beach,prayer room,pine trees,sunset,scenery,,,,,,
Camp Kobes,Kalimantan Tengah,4.2,https://www.google.com/maps/place/Camp+Kobes/data=!4m7!3m6!1s0x2de23fe06b970f41:0x89a27503653d3bae!8m2!3d-3.1658742!4d113.0029293!16s%2Fg%2F11g7crkn3f!19sChIJQQ-Xa-A_4i0Rrjs9ZQN1ook?authuser=0&hl=en&rclk=1,-3.1658742,113.0029293,biasa,819.0,prayer room,shady place,sloping beach,leisure,villa,,,,,,
Pantai Akkarena,Sulawesi Selatan,4.2,https://www.google.com/maps/place/Pantai+Akkarena/data=!4m7!3m6!1s0x2dbf1d0e42ba6d3f:0x4928ea8d27d52fa9!8m2!3d-5.1719175!4d119.3886864!16s%2Fg%2F11b7l2_4yk!19sChIJP226Qg4dvy0RqS_VJ43qKEk?authuser=0&hl=en&rclk=1,-5.1719175,119.3886864,biasa,2895.0,gazebo,area,banana boat,cleanliness of sea water,prayer room,,,,,,
Pantai Reklamasi,Nusa Tenggara Timur,4.2,https://www.google.com/maps/place/Pantai+Reklamasi/data=!4m7!3m6!1s0x2d007f83c1741ebf:0x2cca1e96e4bb1155!8m2!3d-8.2187854!4d124.5151685!16s%2Fg%2F11b7_1qf56!19sChIJvx50wYN_AC0RVRG75JYeyiw?authuser=0&hl=en&rclk=1,-8.2187854,124.5151685,biasa,511.0,port 9,ship 3,reclaimed beach 3,tidy beach 2,night atmosphere 6,,,,,,
Pantai Jo Cemara,Kalimantan Selatan,4.2,https://www.google.com/maps/place/Pantai+Jo+Cemara/data=!4m7!3m6!1s0x2de8bdbccf3917f7:0xa17e959ee70d9575!8m2!3d-3.6233808!4d115.85904!16s%2Fg%2F11tdqbk_b7!19sChIJ9xc5z7y96C0RdZUN556VfqE?authuser=0&hl=en&rclk=1,-3.6233808,115.85904,biasa,332.0,gazebo,beach cleanliness,banana boat,clean sand,pool,,,,,,
Pantai Asmara,Kalimantan Selatan,4.2,https://www.google.com/maps/place/Pantai+Asmara/data=!4m7!3m6!1s0x2de652b20bf86a6b:0x76bb7706f6db65b0!8m2!3d-3.9814243!4d115.0798673!16s%2Fg%2F11dfjy8gts!19sChIJa2r4C7JS5i0RsGXb9gZ3u3Y?authuser=0&hl=en&rclk=1,-3.9814243,115.0798673,biasa,4123.0,beach,beach cleanliness,gazebo,banana boat,prayer room,,,,,,
WISATA BUMDES DANAU GEDANG,Bengkulu,4.2,https://www.google.com/maps/place/WISATA+BUMDES+DANAU+GEDANG/data=!4m7!3m6!1s0x2e3153fadd296c39:0xd8756b996ebe4559!8m2!3d-3.6558554!4d102.2095948!16s%2Fg%2F11q47_z8nh!19sChIJOWwp3fpTMS4RWUW-bplrddg?authuser=0&hl=en&rclk=1,-3.6558554,102.2095948,biasa,118.0,beach,photo spots,lake near the sea,calming atmosphere,family tourism,,,,,,
Pantai Wisata DAMI Beach,Sulawesi Utara,4.2,https://www.google.com/maps/place/Pantai+Wisata+DAMI+Beach/data=!4m7!3m6!1s0x327fc99123d7524f:0x8220cbc5a11cbed1!8m2!3d0.3936419!4d124.1766932!16s%2Fg%2F11fp33x01l!19sChIJT1LXI5HJfzIR0b4cocXLIII?authuser=0&hl=en&rclk=1,0.3936419,124.1766932,biasa,31.0,stopover,Batula Se  review,Renal Maniku  reviews,Arthur Rumbayan  review,Srifitrianti Kadir  reviews ·  photo,,,,,,
Pantai Bobane Ici,Maluku Utara,4.2,https://www.google.com/maps/place/Pantai+Bobane+Ici/data=!4m7!3m6!1s0x32834cb452d4d479:0x99593d4f1e033475!8m2!3d0.7946105!4d127.2940172!16s%2Fg%2F11c60gdh7w!19sChIJedTUUrRMgzIRdTQDHk89WZk?authuser=0&hl=en&rclk=1,0.7946105,127.2940172,biasa,206.0,swimming pool 26,futsal court 3,adult swimming pool 4,freshwater swimming pool 3,sunset 8,,,,,,
Pantai Tanjung Siambang,Riau,4.2,https://www.google.com/maps/place/Pantai+Tanjung+Siambang/data=!4m7!3m6!1s0x31d90d29c4a675b7:0xcf0657965e147ede!8m2!3d0.8713219!4d104.4265757!16s%2Fg%2F11c65k6cvt!19sChIJt3WmxCkN2TER3n4UXpZXBs8?authuser=0&hl=en&rclk=1,0.8713219,104.4265757,biasa,932.0,gazebo,beach cleanliness,prayer room,sunset,calm beach,,,,,,
Pantai Solop,Riau,4.2,https://www.google.com/maps/place/Pantai+Solop/data=!4m7!3m6!1s0x2e27fdd772b2da6b:0x7d70d04b013c793c!8m2!3d-0.0753845!4d103.5798445!16s%2Fg%2F11c45wjxbb!19sChIJa9qyctf9Jy4RPHk8AUvQcH0?authuser=0&hl=en&rclk=1,-0.0753845,103.5798445,biasa,153.0,mangroves,friendly residents,cleanliness,new experience,unique place,,,,,,
Pantai Viovio,Riau,4.2,https://www.google.com/maps/place/Pantai+Viovio/data=!4m7!3m6!1s0x31d9a5dfcc45a7e7:0xabd05172eb87106b!8m2!3d0.7494975!4d104.1904246!16s%2Fg%2F11cly5crrt!19sChIJ56dFzN-l2TERaxCH63JR0Ks?authuser=0&hl=en&rclk=1,0.7494975,104.1904246,biasa,1336.0,gazebo,glamping,bridge,white sand,swing,,,,,,
Nongsa Beach,Riau,4.2,https://www.google.com/maps/place/Nongsa+Beach/data=!4m7!3m6!1s0x31da27c2ec31094d:0x82e55970bb501528!8m2!3d1.1957555!4d104.0865507!16s%2Fg%2F11j83ystqh!19sChIJTQkx7MIn2jERKBVQu3BZ5YI?authuser=0&hl=en&rclk=1,1.1957555,104.0865507,biasa,1303.0,banana boat,crossing to putri island,prayer room,deep beach,scenery,,,,,,
Pantai Melayu Batu Besar Batam,Riau,4.2,https://www.google.com/maps/place/Pantai+Melayu+Batu+Besar+Batam/data=!4m7!3m6!1s0x31d9870767de1e81:0x6fecc3ad582aad13!8m2!3d1.1457325!4d104.1425918!16s%2Fg%2F11c0wdmdjc!19sChIJgR7eZweH2TERE60qWK3D7G8?authuser=0&hl=en&rclk=1,1.1457325,104.1425918,biasa,350.0,scenery,clear sea water,white sand,proximity to airport,entrance fee,,,,,,
Pantai tanjung jumlai,Kalimantan Selatan,4.2,https://www.google.com/maps/place/Pantai+tanjung+jumlai/data=!4m7!3m6!1s0x2df11677f71cc5f5:0x4c2b0d20f31b4b5b!8m2!3d-1.3845328!4d116.7015896!16s%2Fg%2F11ddx40kyf!19sChIJ9cUc93cW8S0RW0sb8yANK0w?authuser=0&hl=en&rclk=1,-1.3845328,116.7015896,biasa,627.0,area,free entry,hermit crabs,trees,wide beach,,,,,,
Pantai SWARANGAN,Kalimantan Selatan,4.2,https://www.google.com/maps/place/Pantai+SWARANGAN/data=!4m7!3m6!1s0x2de7abb4051b8b29:0x67a8876c416c88f6!8m2!3d-4.0402503!4d114.9570396!16s%2Fg%2F11c4nhp22j!19sChIJKYsbBbSr5y0R9ohsQWyHqGc?authuser=0&hl=en&rclk=1,-4.0402503,114.9570396,biasa,83.0,cleanliness,indana zulva  Local Guide ·  reviews ·  photos,Khairil Gunawan  reviews ·  photos,madi keratang  review,Sunaryadi app  review,,,,,,
Thomas Beach,Bali,4.2,https://www.google.com/maps/place/Thomas+Beach/data=!4m7!3m6!1s0x2dd2455651a863d5:0xace756491f60ad7d!8m2!3d-8.8134521!4d115.0962459!16s%2Fg%2F11g8yhk_t5!19sChIJ1WOoUVZF0i0Rfa1gH0lW56w?authuser=0&hl=en&rclk=1,-8.8134521,115.0962459,biasa,1835.0,warungs 43,sunbeds 51,steep stairs 22,monkeys 34,sarongs 5,,,,,,
Pantai Pandan Wangi,Sulawesi Tengah,4.2,https://www.google.com/maps/place/Pantai+Pandan+Wangi/data=!4m7!3m6!1s0x2d85aa6fb515d56f:0x4a87abab292d1e3b!8m2!3d-1.53923!4d122.296677!16s%2Fg%2F11c6cq6_ft!19sChIJb9UVtW-qhS0ROx4tKaurh0o?authuser=0&hl=en&rclk=1,-1.53923,122.296677,biasa,245.0,ikan bakar,tour,beachside,bathe,fresh air,,,,,,
Pantai Minahaki,Sulawesi Tengah,4.2,https://www.google.com/maps/place/Pantai+Minahaki/data=!4m7!3m6!1s0x2d8454925e98fde5:0xac3ffbee2c2848c3!8m2!3d-1.495333!4d122.3884191!16s%2Fg%2F11g6xg6z3_!19sChIJ5f2YXpJUhC0Rw0goLO77P6w?authuser=0&hl=en&rclk=1,-1.495333,122.3884191,biasa,329.0,pine,sand,picnic,cypress,spacious place,,,,,,
ocarina batam,Riau,4.2,https://www.google.com/maps/place/ocarina+batam/data=!4m7!3m6!1s0x31d989ad878c5ddb:0xc04df7977cd784f6!8m2!3d1.1534731!4d104.0547176!16s%2Fg%2F11f39vdt0n!19sChIJ212Mh62J2TER9oTXfJf3TcA?authuser=0&hl=en&rclk=1,1.1534731,104.0547176,biasa,590.0,game rides,photo spots,bike rental,relaxing spot,family recreation spot,,,,,,
Cipta Land Beach,Riau,4.2,https://www.google.com/maps/place/Cipta+Land+Beach/data=!4m7!3m6!1s0x31d98bb3644addc3:0x5fc744403f3a297a!8m2!3d1.1371593!4d103.9780922!16s%2Fg%2F11gfjc_35g!19sChIJw91KZLOL2TEReik6P0BEx18?authuser=0&hl=en&rclk=1,1.1371593,103.9780922,biasa,891.0,view of singapore,sea view,dusk,free entry,leisure,,,,,,
Tuada Beach,Maluku Utara,4.2,https://www.google.com/maps/place/Tuada+Beach/data=!4m7!3m6!1s0x329b5a4f75340dad:0x160f0394f6b343ef!8m2!3d1.0437061!4d127.5014609!16s%2Fg%2F11g88c5t83!19sChIJrQ00dU9amzIR70Oz9pQDDxY?authuser=0&hl=en&rclk=1,1.0437061,127.5014609,biasa,93.0,mangrove 4,fried bananas 4,tour 6,coconut 3,chilli sauce 3,,,,,,
Pantai Kastela,Maluku Utara,4.2,https://www.google.com/maps/place/Pantai+Kastela/data=!4m7!3m6!1s0x329cb4c4c0c81df9:0xe7da7a8da3018a23!8m2!3d0.7601097!4d127.3110314!16s%2Fg%2F11cn57dr8y!19sChIJ-R3IwMS0nDIRI4oBo4162uc?authuser=0&hl=en&rclk=1,0.7601097,127.3110314,biasa,288.0,beach 52,sunset 65,pantai pasir hitam 2,sunset hunting 2,sea view 2,,,,,,
Tangga 2000 Park,Gorontalo,4.2,https://www.google.com/maps/place/Tangga+2000+Park/data=!4m7!3m6!1s0x32792aa1c0f04d47:0x2624b9b0540aaede!8m2!3d0.5069393!4d123.0576773!16s%2Fg%2F11c2lb7kc2!19sChIJR03wwKEqeTIR3q4KVLC5JCY?authuser=0&hl=en&rclk=1,0.5069393,123.0576773,biasa,1085.0,Tangga  Park,coast,sea view,steps,goroho banana,,,,,,
Pantai Indah,Gorontalo,4.2,https://www.google.com/maps/place/Pantai+Indah/data=!4m7!3m6!1s0x3278d5624b26d26f:0x4fbee52e10245072!8m2!3d0.5022222!4d123.0491667!16s%2Fg%2F11c532cx09!19sChIJb9ImS2LVeDIRclAkEC7lvk8?authuser=0&hl=en&rclk=1,0.5022222,123.0491667,biasa,13.0,Dema Channel  reviews ·  photos,Ilon Hadjarati  review,,,,,,,,,
Pantai Indo Beach,Sulawesi Utara,4.2,https://www.google.com/maps/place/Pantai+Indo+Beach/data=!4m7!3m6!1s0x32873dc90b1448c1:0xecc98df8c60898c9!8m2!3d1.1940803!4d125.0375173!16s%2Fg%2F11smlm94_w!19sChIJwUgUC8k9hzIRyZgIxviNyew?authuser=0&hl=en&rclk=1,1.1940803,125.0375173,biasa,242.0,clean beach,gazebo,cottage,tent rental,white sand,,,,,,
Pantai Tangonggor,Sulawesi Utara,4.2,https://www.google.com/maps/place/Pantai+Tangonggor/data=!4m7!3m6!1s0x32873cad995949a9:0x4a50b50149382943!8m2!3d1.1891498!4d125.0356562!16s%2Fg%2F11c7sqrfp1!19sChIJqUlZma08hzIRQyk4SQG1UEo?authuser=0&hl=en&rclk=1,1.1891498,125.0356562,biasa,13.0,Juwendi Poluan  reviews ·  photos,Odith  Local Guide ·  reviews ·  photos,R Robbi Januari  reviews ·  photo,Hari Shabirin  reviews ·  photos,Wendy Mamarimbing  reviews,,,,,,
Pantai Lolak,Sulawesi Utara,4.2,https://www.google.com/maps/place/Pantai+Lolak/data=!4m7!3m6!1s0x327e703a686c8c5d:0x4445829b8ee6295d!8m2!3d0.8880539!4d124.0071427!16s%2Fg%2F11c2nmsbz6!19sChIJXYxsaDpwfjIRXSnmjpuCRUQ?authuser=0&hl=en&rclk=1,0.8880539,124.0071427,biasa,77.0,tour,beach tourism,Ergie Cools  reviews ·  photos,Shella Oktavia  reviews ·  photos,,,,,,,
Pantai Soka,Bali,4.2,https://www.google.com/maps/place/Pantai+Soka/data=!4m7!3m6!1s0x2dd231d905a75137:0x29e59d4a55c7a4!8m2!3d-8.5280463!4d114.9952497!16s%2Fg%2F1pzvfg9hs!19sChIJN1GnBdkx0i0RpMdVSp3lKQA?authuser=0&hl=en&rclk=1,-8.5280463,114.9952497,biasa,1397.0,melasti 7,cliffs 5,coral view 2,rest area 31,not too crowded 9,,,,,,
Urai Beach,Bengkulu,4.2,https://www.google.com/maps/place/Urai+Beach/data=!4m7!3m6!1s0x2e33e8b9f21ab17b:0x6730d8d17e47ea14!8m2!3d-3.4148051!4d101.8713974!16s%2Fg%2F11gdkr3shr!19sChIJe7Ea8rnoMy4RFOpHftHYMGc?authuser=0&hl=en&rclk=1,-3.4148051,101.8713974,biasa,42.0,pemandangan,sunset,,,,,,,,,
Wisata Alam Pantai Sekunyit,Bengkulu,4.2,https://www.google.com/maps/place/Wisata+Alam+Pantai+Sekunyit/data=!4m7!3m6!1s0x2e37adbf3c37ccdf:0x87bb447514c460b7!8m2!3d-4.4321724!4d102.8756547!16s%2Fg%2F11smtzprj4!19sChIJ38w3PL-tNy4Rt2DEFHVEu4c?authuser=0&hl=en&rclk=1,-4.4321724,102.8756547,biasa,36.0,photo spots,beach view,cleanliness,strong wind,atmosphere,,,,,,
PANTAI PASAR BAWAH MANNA,Bengkulu,4.2,https://www.google.com/maps/place/PANTAI+PASAR+BAWAH+MANNA/data=!4m7!3m6!1s0x2e37b1891b6bd359:0xb149669e9ea4287c!8m2!3d-4.4755695!4d102.9006197!16s%2Fg%2F11dxl86l0n!19sChIJWdNrG4mxNy4RfCiknp5mSbE?authuser=0&hl=en&rclk=1,-4.4755695,102.9006197,biasa,265.0,no entrance fee,coconut ice,coconut water,beach for relaxing,play,,,,,,
Biaung Beach,Bali,4.2,https://www.google.com/maps/place/Biaung+Beach/data=!4m7!3m6!1s0x2dd2400f6ccd6761:0x58c75170c54b0b26!8m2!3d-8.6526837!4d115.2704193!16s%2Fg%2F11bx7k5kxx!19sChIJYWfNbA9A0i0RJgtLxXBRx1g?authuser=0&hl=en&rclk=1,-8.6526837,115.2704193,biasa,540.0,black sand beach 6,kite flying 5,morning 27,balinese porridge 4,surf 12,,,,,,
Pantai Jakat,Bengkulu,4.2,https://www.google.com/maps/place/Pantai+Jakat/data=!4m7!3m6!1s0x2e36b02bf9b50f5f:0x460c22ef801b21a3!8m2!3d-3.7820653!4d102.2603261!16s%2Fg%2F11d_7xnnr8!19sChIJXw-1-SuwNi4RoyEbgO8iDEY?authuser=0&hl=en&rclk=1,-3.7820653,102.2603261,biasa,613.0,banana boat,sea bathing,rinsing area,fishing boats,swimmable beach,,,,,,
Sekilak Beach Tourism Batam,Riau,4.2,https://www.google.com/maps/place/Sekilak+Beach+Tourism+Batam/data=!4m7!3m6!1s0x31d98700c8d8d94d:0x4a1cec19f3f17303!8m2!3d1.1424595!4d104.1474891!16s%2Fg%2F11c1v0hrr4!19sChIJTdnYyACH2TERA3Px8xnsHEo?authuser=0&hl=en&rclk=1,1.1424595,104.1474891,biasa,361.0,rocks,view of planes,mangrove trees,sound of waves,white sand,,,,,,
Pantai Sekerat,Kalimantan Timur,4.2,https://www.google.com/maps/place/Pantai+Sekerat/data=!4m7!3m6!1s0x320ba2589753bfdf:0xeff00dcee48164dd!8m2!3d0.7788516!4d117.7850075!16s%2Fg%2F11bz0wdtcf!19sChIJ379Tl1iiCzIR3WSB5M4N8O8?authuser=0&hl=en&rclk=1,0.7788516,117.7850075,biasa,262.0,gazebo,coconut,crowded on holidays,free entry,white sand,,,,,,
Wisata Pantai Cemara Indah ( Pulau Salak ),Kalimantan Selatan,4.2,https://www.google.com/maps/place/Wisata+Pantai+Cemara+Indah+%28+Pulau+Salak+%29/data=!4m7!3m6!1s0x2de8bcd908600c6d:0xf3d8d182e8b5943f!8m2!3d-3.6209352!4d115.8698325!16s%2Fg%2F11b7yn_ghp!19sChIJbQxgCNm86C0RP5S16ILR2PM?authuser=0&hl=en&rclk=1,-3.6209352,115.8698325,biasa,117.0,trees,cleanliness,leisure,beach,Majid  reviews,,,,,,
Pantai Bunati,Kalimantan Selatan,4.2,https://www.google.com/maps/place/Pantai+Bunati/data=!4m7!3m6!1s0x2de62724cc0725c7:0x7cbfcde158b4bcf1!8m2!3d-3.7566351!4d115.6269696!16s%2Fg%2F11gd1rwn_h!19sChIJxyUHzCQn5i0R8by0WOHNv3w?authuser=0&hl=en&rclk=1,-3.7566351,115.6269696,biasa,62.0,white sand,bike,jogging,asphalt road,attractions,,,,,,
Pantai Pasir Putih,Gorontalo,4.2,https://www.google.com/maps/place/Pantai+Pasir+Putih/data=!4m7!3m6!1s0x3278d5de1e4c1343:0xdaacb2345455f343!8m2!3d0.4885178!4d122.9932485!16s%2Fg%2F11hcfhwqf9!19sChIJQxNMHt7VeDIRQ_NVVDSyrNo?authuser=0&hl=en&rclk=1,0.4885178,122.9932485,biasa,35.0,beach,relaxing spot,bushes,Muhammad Nuzul Caesar  reviews ·  photos,Dhenok Wulan  reviews ·  photos,,,,,,
Pantai Kalat,Kepulauan Riau,4.2,https://www.google.com/maps/place/Pantai+Kalat/data=!4m7!3m6!1s0x31d9a2f4db20f37d:0x65cbb8cc7b95a10f!8m2!3d0.8589865!4d104.1430514!16s%2Fg%2F11dxkyyhxl!19sChIJffMg2_Si2TERD6GVe8y4y2U?authuser=0&hl=en&rclk=1,0.8589865,104.1430514,biasa,169.0,prayer room,natural ambiance,big waves,shady,suitable for families,,,,,,
Pantai Sepinggan Balikpapan,Kalimantan Timur,4.2,https://www.google.com/maps/place/Pantai+Sepinggan+Balikpapan/data=!4m7!3m6!1s0x2df144386eb3e179:0x7df30ada76e1c1d4!8m2!3d-1.2627269!4d116.9135082!16s%2Fg%2F11c5fykpfq!19sChIJeeGzbjhE8S0R1MHhdtoK830?authuser=0&hl=en&rclk=1,-1.2627269,116.9135082,biasa,329.0,watching planes,wooden bridge,rowboat rental,fishing boats,sunrise,,,,,,
Pantai Widarapayung,Jawa Tengah,4.2,https://www.google.com/maps/place/Pantai+Widarapayung/data=!4m7!3m6!1s0x2e653f43ea3e7c15:0xd55bcf745515ee69!8m2!3d-7.6985037!4d109.2639279!16s%2Fg%2F11c3k6cb3p!19sChIJFXw-6kM_ZS4Rae4VVXTPW9U?authuser=0&hl=en&rclk=1,-7.6985037,109.2639279,biasa,4107.0,riding,mendoan,wave,dogcart,pool,,,,,,
Pantai Semat,Jawa Tengah,4.2,https://www.google.com/maps/place/Pantai+Semat/data=!4m7!3m6!1s0x2e70e1df79146e93:0x788ff66a641e0bb3!8m2!3d-6.642284!4d110.6440733!16s%2Fg%2F11bc95x74_!19sChIJk24Ued_hcC4RswseZGr2j3g?authuser=0&hl=en&rclk=1,-6.642284,110.6440733,biasa,941.0,gazebo,hangout spot,leisure,turbid water,fishing spots,,,,,,
Cipatujah Beach,Jawa Barat,4.2,https://www.google.com/maps/place/Cipatujah+Beach/data=!4m7!3m6!1s0x2e66752e4cf0e2ef:0x564e49fd6c3097b3!8m2!3d-7.7479223!4d108.0104669!16s%2Fg%2F11c2p7tgk_!19sChIJ7-LwTC51Zi4Rs5cwbP1JTlY?authuser=0&hl=en&rclk=1,-7.7479223,108.0104669,biasa,1847.0,big waves,area,seafood,not too crowded,pristine beach,,,,,,
PANTAI UJUNG LHOK PAWOH,Aceh,4.2,https://www.google.com/maps/place/PANTAI+UJUNG+LHOK+PAWOH/data=!4m7!3m6!1s0x303a4ae2474ee741:0xf7ab417232d5f842!8m2!3d3.35479!4d97.12119!16s%2Fg%2F11f4yz5p8j!19sChIJQedOR-JKOjARQvjVMnJBq_c?authuser=0&hl=en&rclk=1,3.35479,97.12119,biasa,52.0,white sand,view,,,,,,,,,
Pantai Matang Rayeuk,Aceh,4.2,https://www.google.com/maps/place/Pantai+Matang+Rayeuk/data=!4m7!3m6!1s0x3037f942ba426fff:0x7df11d7888ddea81!8m2!3d4.9202057!4d97.8260046!16s%2Fg%2F11fw113pjj!19sChIJ_29CukL5NzARgerdiHgd8X0?authuser=0&hl=en&rclk=1,4.9202057,97.8260046,biasa,18.0,family vacation,,,,,,,,,,
Pantai Cureh,Aceh,4.2,https://www.google.com/maps/place/Pantai+Cureh/data=!4m7!3m6!1s0x3040252adfdb3815:0xc51a27c9645aa5f1!8m2!3d5.4994461!4d95.2254005!16s%2Fg%2F11fz9jkdbc!19sChIJFTjb3yolQDAR8aVaZMknGsU?authuser=0&hl=en&rclk=1,5.4994461,95.2254005,biasa,9.0,,,,,,,,,,,
Pantai Kuala Merisi,Aceh,4.2,https://www.google.com/maps/place/Pantai+Kuala+Merisi/data=!4m7!3m6!1s0x303fa364ebc793af:0xb830684d2cc0c05b!8m2!3d4.6296994!4d95.5917146!16s%2Fg%2F11g8xf_khp!19sChIJr5PH62SjPzARW8DALE1oMLg?authuser=0&hl=en&rclk=1,4.6296994,95.5917146,biasa,111.0,sea view,camping,relaxing place,tour,sunset,,,,,,
Pantai Karang Bolong,Jawa Tengah,4.2,https://www.google.com/maps/place/Pantai+Karang+Bolong/data=!4m7!3m6!1s0x2e653154a450572d:0x5af14c2b565709f1!8m2!3d-7.7586983!4d109.4680956!16s%2Fg%2F11b74n440w!19sChIJLVdQpFQxZS4R8QlXVitM8Vo?authuser=0&hl=en&rclk=1,-7.7586983,109.4680956,biasa,1270.0,Pantai Karang Bolong,cave,prayer room,murky water,sagara view,,,,,,
Pantai Kartini,Jawa Tengah,4.2,https://www.google.com/maps/place/Pantai+Kartini/data=!4m7!3m6!1s0x2e711f2155555555:0xc0431e72bcc720e9!8m2!3d-6.5891849!4d110.6461048!16s%2Fg%2F1238mbs2!19sChIJVVVVVSEfcS4R6SDHvHIeQ8A?authuser=0&hl=en&rclk=1,-6.5891849,110.6461048,biasa,15478.0,,,,,,,,,,,
Apra Sindangbarang Beach,Jawa Barat,4.2,https://www.google.com/maps/place/Apra+Sindangbarang+Beach/data=!4m7!3m6!1s0x2e67d7c13f311bb9:0xaa9b8d7b15518487!8m2!3d-7.4604665!4d107.1293505!16s%2Fg%2F120_g0pr!19sChIJuRsxP8HXZy4Rh4RRFXuNm6o?authuser=0&hl=en&rclk=1,-7.4604665,107.1293505,biasa,1011.0,attractions,no swimming,apra beach,area,waterfall,,,,,,
Pantai Wisata Tirtamaya,Jawa Barat,4.2,https://www.google.com/maps/place/Pantai+Wisata+Tirtamaya/data=!4m7!3m6!1s0x2e6ec00041c66af7:0x5b3b415b55a94ac1!8m2!3d-6.4076688!4d108.4258828!16s%2Fg%2F11c5bht5ln!19sChIJ92rGQQDAbi4RwUqpVVtBO1s?authuser=0&hl=en&rclk=1,-6.4076688,108.4258828,biasa,2789.0,tirtamaya beach,beach cleanliness,prayer room,mosque,beauty of the beach,,,,,,
Pantai Sodong,Jawa Tengah,4.1,https://www.google.com/maps/place/Pantai+Sodong/data=!4m7!3m6!1s0x2e65154d0afc2e65:0xfd006940a71fa336!8m2!3d-7.6913293!4d109.1754562!16s%2Fg%2F11bxc41tjl!19sChIJZS78Ck0VZS4RNqMfp0BpAP0?authuser=0&hl=en&rclk=1,-7.6913293,109.1754562,biasa,5620.0,waves,scenery,beach cleanliness,river mouth,cave,,,,,,
Jayanti Beach,Jawa Barat,4.1,https://www.google.com/maps/place/Jayanti+Beach/data=!4m7!3m6!1s0x2e66295f8ae3d98f:0xf72008861df89d29!8m2!3d-7.4996417!4d107.3859326!16s%2Fg%2F120n35f9!19sChIJj9njil8pZi4RKZ34HYYIIPc?authuser=0&hl=en&rclk=1,-7.4996417,107.3859326,biasa,163.0,fish landing,waves,beauty of the beach,beach renovation,spacious beach,,,,,,
Kejawanan Beach,Jawa Barat,4.1,https://www.google.com/maps/place/Kejawanan+Beach/data=!4m7!3m6!1s0x2e6f1d644fadef95:0x8a0e2fb918b655bd!8m2!3d-6.733613!4d108.585791!16s%2Fg%2F11dyj4m6y!19sChIJle-tT2Qdby4RvVW2GLkvDoo?authuser=0&hl=en&rclk=1,-6.733613,108.585791,biasa,5684.0,inflatable boat,beach cleanliness,sunrise,mangrove,sea view,,,,,,
Pantai Sri Mersing,Sumatera Utara,4.1,https://www.google.com/maps/place/Pantai+Sri+Mersing/data=!4m7!3m6!1s0x3031520be6cef5c7:0xa42012d21c6fd4ed!8m2!3d3.632547!4d99.017264!16s%2Fg%2F11ckvkwgzd!19sChIJx_XO5gtSMTAR7dRvHNISIKQ?authuser=0&hl=en&rclk=1,3.632547,99.017264,biasa,1156.0,prayer room,area,clam,cottage rental,pine,,,,,,
Pantai Merry Nabire,Papua,4.1,https://www.google.com/maps/place/Pantai+Merry+Nabire/data=!4m7!3m6!1s0x681fa2422bf6aaad:0xac6b501cb43b303!8m2!3d-3.3081197!4d135.5490525!16s%2Fg%2F11g8vp_wy3!19sChIJrar2K0KiH2gRA7NDywG1xgo?authuser=0&hl=en&rclk=1,-3.3081197,135.5490525,biasa,198.0,cleanliness 6,place to relax 2,family vacation 2,relaxing 2,attractions 7,,,,,,
Pantai Saupapir,Papua Barat,4.1,https://www.google.com/maps/place/Pantai+Saupapir/data=!4m7!3m6!1s0x2d5eadb15b3f2023:0x539c061a7899a868!8m2!3d-0.8189262!4d131.2401926!16s%2Fg%2F11cmhwhjxn!19sChIJIyA_W7GtXi0RaKiZeBoGnFM?authuser=0&hl=en&rclk=1,-0.8189262,131.2401926,biasa,48.0,beach atmosphere 2,clean beach 3,relaxing 3,swimming 2,toilets 2,,,,,,
Pantai Humbolt,Papua,4.1,https://www.google.com/maps/place/Pantai+Humbolt/data=!4m7!3m6!1s0x686c5f2cffcfc7c1:0xe84d7c8da91e6e55!8m2!3d-2.5872823!4d140.7131565!16s%2Fg%2F11gcwwmgdv!19sChIJwcfP_yxfbGgRVW4eqY18Teg?authuser=0&hl=en&rclk=1,-2.5872823,140.7131565,biasa,54.0,cleanliness 2,Jejak Si_Eneng 11 reviews,,,,,,,,,
Kersik Blue Beach,Kalimantan Utara,4.1,https://www.google.com/maps/place/Kersik+Blue+Beach/data=!4m7!3m6!1s0x2df5f479e62b71d7:0x6e7b202e80bb50e1!8m2!3d-0.0622383!4d117.4903116!16s%2Fg%2F11btvb75pm!19sChIJ13Er5nn09S0R4VC7gC4ge24?authuser=0&hl=en&rclk=1,-0.0622383,117.4903116,biasa,858.0,gazebo,prayer room,beach cleanliness,area,scenery,,,,,,
pantai tanjung tritip,Kepulauan Riau,4.1,https://www.google.com/maps/place/pantai+tanjung+tritip/data=!4m7!3m6!1s0x31d98bdb2d99f193:0x442ccc85e5b43df0!8m2!3d1.1440243!4d103.9850334!16s%2Fg%2F11t2dtjkmc!19sChIJk_GZLduL2TER8D205YXMLEQ?authuser=0&hl=en&rclk=1,1.1440243,103.9850334,biasa,0.0,,,,,,,,,,,
beach of Tanjung Uma,Kepulauan Riau,4.1,https://www.google.com/maps/place/beach+of+Tanjung+Uma/data=!4m7!3m6!1s0x31d98a3af436e7f1:0xc02db2b9f0bbbe41!8m2!3d1.1476105!4d103.9929885!16s%2Fg%2F11g8wm_fsz!19sChIJ8ec29DqK2TERQb678LmyLcA?authuser=0&hl=en&rclk=1,1.1476105,103.9929885,biasa,236.0,congested,fishing spot,beach view,fisherman,suitable for families,,,,,,
Pantai Corong,Kalimantan Timur,4.1,https://www.google.com/maps/place/Pantai+Corong/data=!4m7!3m6!1s0x2df1171d3e2e73dd:0xacfb9ca648821e51!8m2!3d-1.4036667!4d116.6536521!16s%2Fg%2F11c3183nr8!19sChIJ3XMuPh0X8S0RUR6CSKac-6w?authuser=0&hl=en&rclk=1,-1.4036667,116.6536521,biasa,289.0,beach,beach cleanliness,quiet beach,brown sand,free entry,,,,,,
Pantai Pamedas,Kalimantan Timur,4.1,https://www.google.com/maps/place/Pantai+Pamedas/data=!4m7!3m6!1s0x2df6a99a5c92d7a7:0x58093b9da0d85014!8m2!3d-0.9998096!4d117.1345476!16s%2Fg%2F11c0pzckw1!19sChIJp9eSXJqp9i0RFFDYoJ07CVg?authuser=0&hl=en&rclk=1,-0.9998096,117.1345476,biasa,1475.0,ATV,pine,prayer room,hermit crabs,murky water,,,,,,
Pantai Pasir Putih Masirete,Ternate,4.1,https://www.google.com/maps/place/Pantai+Pasir+Putih+Masirete/data=!4m7!3m6!1s0x329cad0034092127:0x3c158982621f1948!8m2!3d0.8626738!4d127.3413005!16s%2Fg%2F11vz1b4g9h!19sChIJJyEJNACtnDIRSBkfYoKJFTw?authuser=0&hl=en&rclk=1,0.8626738,127.3413005,biasa,22.0,white sand 2,camping vibes 2,tide 2,the beach 6,camping 2,,,,,,
Pantai Fitu,Ternate,4.1,https://www.google.com/maps/place/Pantai+Fitu/data=!4m7!3m6!1s0x329cb45720a2b725:0x3411da7644ecf451!8m2!3d0.7559989!4d127.3444236!16s%2Fg%2F11fy4z45wr!19sChIJJbeiIFe0nDIRUfTsRHbaETQ?authuser=0&hl=en&rclk=1,0.7559989,127.3444236,biasa,290.0,beach 27,thousand rupiah view 2,1000 rupiah beach 2,fishing boats 2,photo spot 4,,,,,,
"Waimeteng Pantai, Piru",Pulau Seram,4.1,"https://www.google.com/maps/place/Waimeteng+Pantai,+Piru/data=!4m7!3m6!1s0x2d6c24d37bfd7881:0x84e44db8c58ccabf!8m2!3d-3.0704305!4d128.1960136!16s%2Fg%2F11bzsbg7bg!19sChIJgXj9e9MkbC0Rv8qMxbhN5IQ?authuser=0&hl=en&rclk=1",-3.0704305,128.1960136,biasa,269.0,beach 10,scenery 3,market 4,culinary 2,nice place 4,,,,,,
Pantai Cermin Theme Park & ​​Resort Hotel,Sumatera Utara,4.1,https://www.google.com/maps/place/Pantai+Cermin+Theme+Park+%26+%E2%80%8B%E2%80%8BResort+Hotel/data=!4m7!3m6!1s0x30312e2aa4839fc1:0xf6de2d5b87e0f869!8m2!3d3.650949!4d98.9893152!16s%2Fg%2F1pzys6h9_!19sChIJwZ-DpCouMTARafjgh1st3vY?authuser=0&hl=en&rclk=1,3.650949,98.9893152,biasa,2175.0,coast,cermin beach,beach cleanliness,mini zoo,room cleanliness,,,,,,
Pantai Atp,Sumatera Utara,4.1,https://www.google.com/maps/place/Pantai+Atp/data=!4m7!3m6!1s0x303151376416d9ad:0x27db77c47c126853!8m2!3d3.5930316!4d99.090701!16s%2Fg%2F11c5_kyxz3!19sChIJrdkWZDdRMTARU2gSfMR32yc?authuser=0&hl=en&rclk=1,3.5930316,99.090701,biasa,29.0,beautiful view,comfort,,,,,,,,,
Pantai Tanjung Tum Anyer,Banten,4.1,https://www.google.com/maps/place/Pantai+Tanjung+Tum+Anyer/data=!4m7!3m6!1s0x2e418414c8aca425:0x46ce34e0f82f18ac!8m2!3d-6.0628467!4d105.8954539!16s%2Fg%2F11b6sn9kfx!19sChIJJaSsyBSEQS4RrBgv-OA0zkY?authuser=0&hl=en&rclk=1,-6.0628467,105.8954539,biasa,728.0,coconut,coral beach,banana boat,rocky beach,prayer room,,,,,,
Pantai Sapenan,Lampung,4.1,https://www.google.com/maps/place/Pantai+Sapenan/data=!4m7!3m6!1s0x2e411a65f5fae017:0xe97798a17e9d0162!8m2!3d-5.6703463!4d105.5357536!16s%2Fg%2F11cn5mgdsm!19sChIJF-D69WUaQS4RYgGdfqGYd-k?authuser=0&hl=en&rclk=1,-5.6703463,105.5357536,biasa,302.0,shade trees,white sand,calm waves,photo spot,family events,,,,,,
PANTAI MUARA INDAH SUAK,Lampung,4.1,https://www.google.com/maps/place/PANTAI+MUARA+INDAH+SUAK/data=!4m7!3m6!1s0x2e4119a7f3b6f891:0x4554098264415882!8m2!3d-5.6462449!4d105.4665915!16s%2Fg%2F11c5_3v_ms!19sChIJkfi286cZQS4RglhBZIIJVEU?authuser=0&hl=en&rclk=1,-5.6462449,105.4665915,biasa,255.0,shade trees,gazebo,reef,white sand beach,swimming in the sea,,,,,,
Pantai Srengsem KAI,Lampung,4.1,https://www.google.com/maps/place/Pantai+Srengsem+KAI/data=!4m7!3m6!1s0x2e40df250e09d093:0xcb8350efab2cbf75!8m2!3d-5.4919508!4d105.3255559!16s%2Fg%2F11p0dc5q_1!19sChIJk9AJDiXfQC4Rdb8sq-9Qg8s?authuser=0&hl=en&rclk=1,-5.4919508,105.3255559,biasa,89.0,rocks,clean beach,strategic location,coral,cleanliness,,,,,,
Pantai Nazareth,Papua Barat Daya,4.1,https://www.google.com/maps/place/Pantai+Nazareth/data=!4m7!3m6!1s0x2d5ead14ad63a969:0xeb32207ba2bf003d!8m2!3d-0.8202968!4d131.2423207!16s%2Fg%2F11tn_3vn54!19sChIJaaljrRStXi0RPQC_onsgMus?authuser=0&hl=en&rclk=1,-0.8202968,131.2423207,biasa,14.0,Fanti fan 2 reviews,Irdha Kadir 2 photos,Rahull Obinaru 4 reviews · 18 photos,,,,,,,,
"Pantai Pasir Putih, Desa Paser Mayang, Kalimantan Timur",Kalimantan Selatan,4.1,"https://www.google.com/maps/place/Pantai+Pasir+Putih,+Desa+Paser+Mayang,+Kalimantan+Timur/data=!4m7!3m6!1s0x2df05ab70c4fe7a7:0xc1f715aa0697dd68!8m2!3d-1.7763573!4d116.2103017!16s%2Fg%2F11hckqkq3r!19sChIJp-dPDLda8C0RaN2XBqoV98E?authuser=0&hl=en&rclk=1",-1.7763573,116.2103017,biasa,192.0,gazebo,white sand,simple beach,road access,fish,,,,,,
Tampagaram Beach,Papua Barat Daya,4.1,https://www.google.com/maps/place/Tampagaram+Beach/data=!4m7!3m6!1s0x2d5eac5fffa100d3:0x311665a2d48cc781!8m2!3d-0.8383529!4d131.2430383!16s%2Fg%2F11c38gpb2l!19sChIJ0wCh_1-sXi0RgceM1KJlFjE?authuser=0&hl=en&rclk=1,-0.8383529,131.2430383,biasa,402.0,pool 31,kids pool 3,clean pool 3,cottage 6,water slide 2,,,,,,
Pantai Alinda,Papua Barat Daya,4.1,https://www.google.com/maps/place/Pantai+Alinda/data=!4m7!3m6!1s0x2d5eada838a9ab87:0x15c87a8449b3c73b!8m2!3d-0.8188385!4d131.23944!16s%2Fg%2F11clyswg0g!19sChIJh6upOKitXi0RO8ezSYR6yBU?authuser=0&hl=en&rclk=1,-0.8188385,131.23944,biasa,250.0,beach 26,clean beach 8,waves 3,white sand 4,shady trees 2,,,,,,
Pantai Tanjung Batu,Kalimantan Barat,4.1,https://www.google.com/maps/place/Pantai+Tanjung+Batu/data=!4m7!3m6!1s0x31e482e19b4ad01f:0x26051294b414e896!8m2!3d1.181607!4d108.9693382!16s%2Fg%2F11g6rcpd9_!19sChIJH9BKm-GC5DERlugUtJQSBSY?authuser=0&hl=en&rclk=1,1.181607,108.9693382,biasa,392.0,sunset,cliffs,sea view,beach cleanliness,free entry,,,,,,
Pantai Wartawan,Lampung,4.1,https://www.google.com/maps/place/Pantai+Wartawan/data=!4m7!3m6!1s0x2e410d3022a49d4d:0xdd638eba1b3a02e!8m2!3d-5.8362552!4d105.6288584!16s%2Fg%2F11cl_53z_z!19sChIJTZ2kIjANQS4RLqCzoes41g0?authuser=0&hl=en&rclk=1,-5.8362552,105.6288584,biasa,295.0,hot spring,fishing spot,cave,white sand,sunrise and sunset,,,,,,
Pantai Peudawa,Aceh,4.1,https://www.google.com/maps/place/Pantai+Peudawa/data=!4m7!3m6!1s0x3037f8cc50c5ef0f:0xc3b8f86e84472e86!8m2!3d4.9277273!4d97.8144708!16s%2Fg%2F11f1y6d7jv!19sChIJD-_FUMz4NzARhi5HhG74uMM?authuser=0&hl=en&rclk=1,4.9277273,97.8144708,biasa,79.0,tree,tour,road access,comfort,food and drinks,,,,,,
Ujong Blang,Aceh,4.1,https://www.google.com/maps/place/Ujong+Blang/data=!4m7!3m6!1s0x30479d17bda8eb8d:0xf433e7003c065076!8m2!3d5.2090356!4d97.1236917!16s%2Fg%2F11c605pgb4!19sChIJjeuovRedRzARdlAGPADnM_Q?authuser=0&hl=en&rclk=1,5.2090356,97.1236917,biasa,0.0,,,,,,,,,,,
Pantai Leupung,Aceh,4.1,https://www.google.com/maps/place/Pantai+Leupung/data=!4m7!3m6!1s0x30403cc436c83cad:0xfa00d43518e4e8eb!8m2!3d5.4279119!4d95.2401298!16s%2Fg%2F11g9q46_tg!19sChIJrTzINsQ8QDAR6-jkGDXUAPo?authuser=0&hl=en&rclk=1,5.4279119,95.2401298,biasa,145.0,scenery,beautiful sand,picnic,tour,sunset,,,,,,
Pantai Kerang Mas,Lampung,4.1,https://www.google.com/maps/place/Pantai+Kerang+Mas/data=!4m7!3m6!1s0x2e4057a51014a77d:0x24046643c55e5072!8m2!3d-5.3714626!4d105.8191286!16s%2Fg%2F11cn2x18_1!19sChIJfacUEKVXQC4RclBexUNmBCQ?authuser=0&hl=en&rclk=1,-5.3714626,105.8191286,biasa,1505.0,gazebo,free gazebo,kerang mas beach,golden clam,road access,,,,,,
BATH STONE beach,Lampung,4.1,https://www.google.com/maps/place/BATH+STONE+beach/data=!4m7!3m6!1s0x2e41288c3dc6f0a5:0x4f6e0034c80e5cc9!8m2!3d-5.5775974!4d105.2007355!16s%2Fg%2F11c5x7g198!19sChIJpfDGPYwoQS4RyVwOyDQAbk8?authuser=0&hl=en&rclk=1,-5.5775974,105.2007355,biasa,426.0,swimming,kayak rentals,floaty rentals,grills,lake,,,,,,
Pantai Pulau Permata,Lampung,4.1,https://www.google.com/maps/place/Pantai+Pulau+Permata/data=!4m7!3m6!1s0x2e40d9b310a75317:0xef83aec4fcf3ee36!8m2!3d-5.4871629!4d105.2509295!16s%2Fg%2F11d_9jsgm0!19sChIJF1OnELPZQC4RNu7z_MSug-8?authuser=0&hl=en&rclk=1,-5.4871629,105.2509295,biasa,249.0,small island,boat rental,tranquil,photo spot,seaweed,,,,,,
Pantai Tete,Sulawesi Tenggara,4.1,https://www.google.com/maps/place/Pantai+Tete/data=!4m7!3m6!1s0x2dbdd2d102694af1:0x363e517df96f3fb5!8m2!3d-4.9443745!4d120.3055924!16s%2Fg%2F11ckqrqjyd!19sChIJ8UppAtHSvS0RtT9v-X1RPjY?authuser=0&hl=en&rclk=1,-4.9443745,120.3055924,biasa,380.0,island 8,gazebo 4,prayer room 2,spacious beach 2,white sand 4,,,,,,
Pantai Payung,Kepulauan Riau,4.1,https://www.google.com/maps/place/Pantai+Payung/data=!4m7!3m6!1s0x31d987a8a4b3560d:0x9c3c4a6ecc845de6!8m2!3d1.1468719!4d104.1418163!16s%2Fg%2F11cjhzs2t3!19sChIJDVazpKiH2TER5l2EzG5KPJw?authuser=0&hl=en&rclk=1,1.1468719,104.1418163,biasa,1004.0,coconut,plane watching,gentle beach,morning atmosphere,suitable for families,,,,,,
Pantai Tanjung Ambat,Riau,4.1,https://www.google.com/maps/place/Pantai+Tanjung+Ambat/data=!4m7!3m6!1s0x31d7606994ceac75:0xa2fb36f4fe505b4f!8m2!3d0.8632202!4d103.5135752!16s%2Fg%2F11cmy3hss0!19sChIJdazOlGlg1zERT1tQ_vQ2-6I?authuser=0&hl=en&rclk=1,0.8632202,103.5135752,biasa,79.0,white sand,family tourism,crowded,cleanliness,lodging,,,,,,
Pantai Purnama,Riau,4.1,https://www.google.com/maps/place/Pantai+Purnama/data=!4m7!3m6!1s0x31d3a91510447c21:0x861365a0910eb6d2!8m2!3d1.698794!4d101.4083191!16s%2Fg%2F11cjj0qptt!19sChIJIXxEEBWp0zER0rYOkaBlE4Y?authuser=0&hl=en&rclk=1,1.698794,101.4083191,biasa,930.0,melasti ceremony,black sand beach,waves,black volcanic sand,sunrise,,,,,,
Pantai Pelangi,Kalimantan Timur,4.1,https://www.google.com/maps/place/Pantai+Pelangi/data=!4m7!3m6!1s0x2df5e904c371a519:0x9756290b3dc1860e!8m2!3d-0.2250676!4d117.4165793!16s%2Fg%2F12h2t4f_7!19sChIJGaVxwwTp9S0RDobBPQspVpc?authuser=0&hl=en&rclk=1,-0.2250676,117.4165793,biasa,331.0,boat,rhinoceros,view,relaxing,recreation,,,,,,
Pantai Sukamaju,Gorontalo,4.1,https://www.google.com/maps/place/Pantai+Sukamaju/data=!4m7!3m6!1s0x32797fe8f57060e9:0xe1e33201204a1fac!8m2!3d0.991174!4d122.418912!16s%2Fg%2F11j5bs_75q!19sChIJ6WBw9eh_eTIRrB9KIAEy4-E?authuser=0&hl=en&rclk=1,0.991174,122.418912,biasa,9.0,dinda hulopi  reviews,Djamila Usu  reviews ·  photos,Helsa Natasya  reviews ·  photos,Pandi Pandri  photo,,,,,,,
Pantai Mang Kalok,Bangka Belitung,4.1,https://www.google.com/maps/place/Pantai+Mang+Kalok/data=!4m7!3m6!1s0x2e2292b5e59ddde1:0x51e7724040506eda!8m2!3d-1.9278279!4d106.1652285!16s%2Fg%2F11c584ntbm!19sChIJ4d2d5bWSIi4R2m5QQEBy51E?authuser=0&hl=en&rclk=1,-1.9278279,106.1652285,biasa,258.0,camping,pine tree,shady,leisure,scenery,,,,,,
Pantai Harapan Pomalaa,Sulawesi Tenggara,4.1,https://www.google.com/maps/place/Pantai+Harapan+Pomalaa/data=!4m7!3m6!1s0x2d97f8360c2d70b1:0xc553ab8ba95101c2!8m2!3d-4.1881139!4d121.5888963!16s%2Fg%2F11b638_rz7!19sChIJsXAtDDb4ly0RwgFRqYurU8U?authuser=0&hl=en&rclk=1,-4.1881139,121.5888963,biasa,41.0,Dodi Marionus 2 reviews · 4 photos,gms exe 5 reviews · 11 photos,Lia Official 1 review,Muhammad Ikbal 2 reviews · 1 photo,,,,,,,
Pantai Toronipa,Sulawesi Tenggara,4.1,https://www.google.com/maps/place/Pantai+Toronipa/data=!4m7!3m6!1s0x2d98e973940bd0d7:0x8d6717741f95e82e!8m2!3d-3.8973773!4d122.6650554!16s%2Fg%2F11c5btv_rp!19sChIJ19ALlHPpmC0RLuiVH3QXZ40?authuser=0&hl=en&rclk=1,-3.8973773,122.6650554,biasa,828.0,banana boat,gazebo,coconut,gazebo rental,toronipa beach,,,,,,
Binalatung Beach,Kalimantan Utara,4.1,https://www.google.com/maps/place/Binalatung+Beach/data=!4m7!3m6!1s0x32147702c02edf31:0x826d4f4ac96cb7ad!8m2!3d3.3205393!4d117.6580003!16s%2Fg%2F11ghzn48g4!19sChIJMd8uwAJ3FDIRrbdsyUpPbYI?authuser=0&hl=en&rclk=1,3.3205393,117.6580003,biasa,178.0,seaweed farmers,pine trees,family recreation spot,suitable for families,bridge,,,,,,
Pantai Paser Mayang,Kalimantan Timur,4.1,https://www.google.com/maps/place/Pantai+Paser+Mayang/data=!4m7!3m6!1s0x2df05ab0cdee94b1:0x4dad57a9258c630b!8m2!3d-1.776419!4d116.2115808!16s%2Fg%2F11f3wrkzzl!19sChIJsZTuzbBa8C0RC2OMJalXrU0?authuser=0&hl=en&rclk=1,-1.776419,116.2115808,biasa,259.0,gazebo,mangrove,white sand,shipwreck,wooden boat,,,,,,
Pantai Lhok Geudong,Aceh,4.1,https://www.google.com/maps/place/Pantai+Lhok+Geudong/data=!4m7!3m6!1s0x303ec3de3211b01b:0xa5a46fbf7dfc80bf!8m2!3d4.1293342!4d96.1300432!16s%2Fg%2F11cm0dkx1c!19sChIJG7ARMt7DPjARv4D8fb9vpKU?authuser=0&hl=en&rclk=1,4.1293342,96.1300432,biasa,359.0,attractions,cool place,coal,cleanliness,holiday,,,,,,
Pantai Kuala Jangka,Aceh,4.1,https://www.google.com/maps/place/Pantai+Kuala+Jangka/data=!4m7!3m6!1s0x3047699b0b70b181:0xc621f3395cadbfbf!8m2!3d5.2605689!4d96.7853954!16s%2Fg%2F11cn73d5wg!19sChIJgbFwC5tpRzARv7-tXDnzIcY?authuser=0&hl=en&rclk=1,5.2605689,96.7853954,biasa,1268.0,prayer room,vendors,beach view,suitable for families,family tourism,,,,,,
Pantai Rigaih,Aceh,4.1,https://www.google.com/maps/place/Pantai+Rigaih/data=!4m7!3m6!1s0x303fa2d5d795cb55:0x1b1d148b856fe0a5!8m2!3d4.6663735!4d95.5668799!16s%2Fg%2F11fxwb6054!19sChIJVcuV19WiPzARpeBvhYsUHRs?authuser=0&hl=en&rclk=1,4.6663735,95.5668799,biasa,209.0,pristine beach,calming atmosphere,waves,view,tourist attraction,,,,,,
Pantai Wisata Gurapin,Maluku Utara,4.1,https://www.google.com/maps/place/Pantai+Wisata+Gurapin/data=!4m7!3m6!1s0x329cbe5f5579092b:0xf24056afdc3fec38!8m2!3d0.7593101!4d127.596102!16s%2Fg%2F11g8b56_kg!19sChIJKwl5VV--nDIROOw_3K9WQPI?authuser=0&hl=en&rclk=1,0.7593101,127.596102,biasa,77.0,the beach 4,sunset view 2,Irsan Rina 9 reviews · 1 photo,arip santoso 8 reviews · 6 photos,"Andi_AM 80 Local Guide · 965 reviews · 8,304 photos",,,,,,
Marina Beach Sebatik,Kalimantan Utara,4.1,https://www.google.com/maps/place/Marina+Beach+Sebatik/data=!4m7!3m6!1s0x3215a0a771ff40bb:0x825bbd1b18cb7662!8m2!3d4.1146741!4d117.9223115!16s%2Fg%2F11f3r2dtbs!19sChIJu0D_caegFTIRYnbLGBu9W4I?authuser=0&hl=en&rclk=1,4.1146741,117.9223115,biasa,254.0,banana boat,photo spots,prayer room,gazebo,road access,,,,,,
Pantai Labuhan Haji,Nusa Tenggara Barat,4.1,https://www.google.com/maps/place/Pantai+Labuhan+Haji/data=!4m7!3m6!1s0x2dcc4fc616978797:0x7fd6df72c4e1fc2f!8m2!3d-8.6966901!4d116.573841!16s%2Fg%2F11cs23mqk6!19sChIJl4eXFsZPzC0RL_zhxHLf1n8?authuser=0&hl=en&rclk=1,-8.6966901,116.573841,biasa,818.0,sunrise 76,beauty of the beach 8,ikan bakar 12,labuhan haji beach 2,pier 3,,,,,,
Pantai Gosong,Kalimantan Barat,4.1,https://www.google.com/maps/place/Pantai+Gosong/data=!4m7!3m6!1s0x31e3062734a232a3:0x60cd62d7274bba27!8m2!3d0.7127766!4d108.8725001!16s%2Fg%2F11b6nlh20_!19sChIJozKiNCcG4zERJ7pLJ9dizWA?authuser=0&hl=en&rclk=1,0.7127766,108.8725001,biasa,133.0,coconut,sunset,semesak island,scenery,quiet beach,,,,,,
Pantai Mangrove Tanjung Burung,Kalimantan Barat,4.1,https://www.google.com/maps/place/Pantai+Mangrove+Tanjung+Burung/data=!4m7!3m6!1s0x31e2f3d7eef9b019:0xd338009e3276be80!8m2!3d0.322716!4d108.9279719!16s%2Fg%2F11jn613wl6!19sChIJGbD57tfz4jERgL52Mp4AONM?authuser=0&hl=en&rclk=1,0.322716,108.9279719,biasa,213.0,mangrove planting,sunset atmosphere,motorcycle access,coconut tree view,photo spots,,,,,,
Pantai Kijing Mempawah,Kalimantan Barat,4.1,https://www.google.com/maps/place/Pantai+Kijing+Mempawah/data=!4m7!3m6!1s0x31e2fd8c5de433bb:0x5e1973f6b64c9316!8m2!3d0.5076561!4d108.9085422!16s%2Fg%2F11gbk4myz9!19sChIJuzPkXYz94jERFpNMtvZzGV4?authuser=0&hl=en&rclk=1,0.5076561,108.9085422,biasa,232.0,kijing beach,construction project,international port,holiday,port,,,,,,
Pantai Pantura,Kalimantan Barat,4.1,https://www.google.com/maps/place/Pantai+Pantura/data=!4m7!3m6!1s0x31e3027510adc937:0x37caa70e9fb5fd5b!8m2!3d0.5706014!4d108.9283282!16s%2Fg%2F11dxdhg8l0!19sChIJN8mtEHUC4zERW_21nw6nyjc?authuser=0&hl=en&rclk=1,0.5706014,108.9283282,biasa,166.0,sea atmosphere,rest area,beautiful scenery,cafe,stopover,,,,,,
Pantai Setokok,Riau,4.1,https://www.google.com/maps/place/Pantai+Setokok/data=!4m7!3m6!1s0x31d99704ee3fd1f1:0x388c5ef1cb049e99!8m2!3d0.9237004!4d104.0605862!16s%2Fg%2F11c5fzhq4t!19sChIJ8dE_7gSX2TERmZ4Ey_FejDg?authuser=0&hl=en&rclk=1,0.9237004,104.0605862,biasa,504.0,bridge,gazebo,area,white sand,gentle beach,,,,,,
Pantai Lolan,Sulawesi Utara,4.1,https://www.google.com/maps/place/Pantai+Lolan/data=!4m7!3m6!1s0x327e0b469b2d21c1:0x2d82bfe947f6001d!8m2!3d0.9516436!4d124.1678017!16s%2Fg%2F11d_7v9jgl!19sChIJwSEtm0YLfjIRHQD2R-m_gi0?authuser=0&hl=en&rclk=1,0.9516436,124.1678017,biasa,115.0,beach cleanliness,nature,relaxing,sand,facilities,,,,,,
Pantai Kucing Parigi Moutong,Sulawesi Tengah,4.1,https://www.google.com/maps/place/Pantai+Kucing+Parigi+Moutong/data=!4m7!3m6!1s0x2d8bd135e1da0fef:0xac2f1fc5a1cafc57!8m2!3d-0.6035033!4d120.0607717!16s%2Fg%2F11fy_5_vs_!19sChIJ7w_a4TXRiy0RV_zKocUfL6w?authuser=0&hl=en&rclk=1,-0.6035033,120.0607717,biasa,156.0,bay,diving,cottage,white sand,coral reefs,,,,,,
Pantai Panorama,Sulawesi Barat,4.1,https://www.google.com/maps/place/Pantai+Panorama/data=!4m7!3m6!1s0x2d92d70148ced38f:0x671b74a4c276b9e1!8m2!3d-2.6523316!4d118.8432379!16s%2Fg%2F11gn251mcy!19sChIJj9POSAHXki0R4bl2wqR0G2c?authuser=0&hl=en&rclk=1,-2.6523316,118.8432379,biasa,90.0,gazebo,maintenance,tranquility,rent,beach cleanliness,,,,,,
Pantai Imbo,Sulawesi Tengah,4.1,https://www.google.com/maps/place/Pantai+Imbo/data=!4m7!3m6!1s0x2d8ee69c39a0930b:0x921d561bcc0461a5!8m2!3d-1.3698134!4d120.775858!16s%2Fg%2F11f1m30szc!19sChIJC5OgOZzmji0RpWEEzBtWHZI?authuser=0&hl=en&rclk=1,-1.3698134,120.775858,biasa,359.0,scenery,coral reefs,wooden pier,attractions,close to the city,,,,,,
Pantai air anyir,Bangka Belitung,4.1,https://www.google.com/maps/place/Pantai+air+anyir/data=!4m7!3m6!1s0x2e22eb2b0a47de21:0xbf9235a23fca198f!8m2!3d-2.0193529!4d106.1552899!16s%2Fg%2F11bxdwycxp!19sChIJId5HCivrIi4RjxnKP6I1kr8?authuser=0&hl=en&rclk=1,-2.0193529,106.1552899,biasa,182.0,white sand,beach cleanliness,calm atmosphere,mine,shady place,,,,,,
Taman Pantai Love,Sumatera Selatan,4.1,https://www.google.com/maps/place/Taman+Pantai+Love/data=!4m7!3m6!1s0x2e3bee055fd38367:0x2132e2fcaee2405d!8m2!3d-3.3925342!4d104.8339576!16s%2Fg%2F11b8v9w5r_!19sChIJZ4PTXwXuOy4RXUDirvziMiE?authuser=0&hl=en&rclk=1,-3.3925342,104.8339576,biasa,225.0,river,ogan river,tour,relaxing location,wind,,,,,,
Cepi Watu Beach,Nusa Tenggara Timur,4.1,https://www.google.com/maps/place/Cepi+Watu+Beach/data=!4m7!3m6!1s0x2db3145263cd2395:0xcfc99092e1b7e350!8m2!3d-8.8155262!4d120.5844428!16s%2Fg%2F11c2kcrr4x!19sChIJlSPNY1IUsy0RUOO34ZKQyc8?authuser=0&hl=en&rclk=1,-8.8155262,120.5844428,biasa,250.0,views 8,waves 2,calm beach 3,cool atmosphere 6,white sand 2,,,,,,
Bitha Beach,Nusa Tenggara Timur,4.1,https://www.google.com/maps/place/Bitha+Beach/data=!4m7!3m6!1s0x2dad58d8e01029f5:0xee049e60dd5caae6!8m2!3d-8.8480549!4d121.6711402!16s%2Fg%2F11cmzf7l5g!19sChIJ9SkQ4NhYrS0R5qpc3WCeBO4?authuser=0&hl=en&rclk=1,-8.8480549,121.6711402,biasa,72.0,black sand beach 2,sea views 2,ocean 2,sunset 2,view 2,,,,,,
Rambang Beach,Nusa Tenggara Barat,4.1,https://www.google.com/maps/place/Rambang+Beach/data=!4m7!3m6!1s0x2dcc51cedbe44df5:0xe32c4ee99be8ded!8m2!3d-8.7295864!4d116.5519745!16s%2Fg%2F11c565fk42!19sChIJ9U3k285RzC0R7Y2-me7EMg4?authuser=0&hl=en&rclk=1,-8.7295864,116.5519745,biasa,194.0,coast 3,prayer room 2,gazebo 3,beach cleanliness 4,camping 7,,,,,,
"Pantai Cinta, Teluk Jering Tambang",Riau,4.1,"https://www.google.com/maps/place/Pantai+Cinta,+Teluk+Jering+Tambang/data=!4m7!3m6!1s0x31d5a6eaad948359:0x7dbd5215415f6571!8m2!3d0.3861839!4d101.4109818!16s%2Fg%2F11f1sylhtp!19sChIJWYOUreqm1TERcWVfQRVSvX0?authuser=0&hl=en&rclk=1",0.3861839,101.4109818,biasa,3134.0,banana boat,donut boat,river,area,beach atmosphere,,,,,,
Pantai Pongkar,Riau,4.1,https://www.google.com/maps/place/Pantai+Pongkar/data=!4m7!3m6!1s0x31d7521155555555:0x69025a716e632f7d!8m2!3d1.0850955!4d103.3817041!16s%2Fg%2F11b74n5gcm!19sChIJVVVVVRFS1zERfS9jbnFaAmk?authuser=0&hl=en&rclk=1,1.0850955,103.3817041,biasa,420.0,hills,calm atmosphere,white sand,beach tourist spot,island,,,,,,
Pantai Mampie,Sulawesi Barat,4.1,https://www.google.com/maps/place/Pantai+Mampie/data=!4m7!3m6!1s0x2d948e5815e81263:0x70c06be68e68d09a!8m2!3d-3.4541754!4d119.2801668!16s%2Fg%2F11b7h9gmbv!19sChIJYxLoFViOlC0RmtBojuZrwHA?authuser=0&hl=en&rclk=1,-3.4541754,119.2801668,biasa,238.0,beach,gazebos,beach cleanliness,turtle conservation,rock,,,,,,
Pantai Lombang Lombang,Sulawesi Barat,4.1,https://www.google.com/maps/place/Pantai+Lombang+Lombang/data=!4m7!3m6!1s0x2d92dd4d92ad9e21:0x3570568dfcbf5092!8m2!3d-2.5722242!4d119.0335866!16s%2Fg%2F11bw46t781!19sChIJIZ6tkk3dki0RklC__I1WcDU?authuser=0&hl=en&rclk=1,-2.5722242,119.0335866,biasa,299.0,sunset,beach cleanliness,scenery,beach atmosphere,quiet,,,,,,
Pantai Maesa,Sulawesi Tengah,4.1,https://www.google.com/maps/place/Pantai+Maesa/data=!4m7!3m6!1s0x2d895f9fb82622ab:0x5140cb6d4cc9608e!8m2!3d-0.8148015!4d120.1798742!16s%2Fg%2F11g6r9x5dk!19sChIJqyImuJ9fiS0RjmDJTG3LQFE?authuser=0&hl=en&rclk=1,-0.8148015,120.1798742,biasa,256.0,hangout spot,tour,cafe,atmosphere,cleanliness,,,,,,
Pantai Parkit,Sumatera Barat,4.1,https://www.google.com/maps/place/Pantai+Parkit/data=!4m7!3m6!1s0x2fd4bf4de02b7bdb:0x19ef6b9390a28227!8m2!3d-0.9013674!4d100.3441959!16s%2Fg%2F11ddxtb4r7!19sChIJ23sr4E2_1C8RJ4KikJNr7xk?authuser=0&hl=en&rclk=1,-0.9013674,100.3441959,biasa,145.0,art,view,cleanliness,,,,,,,,
Pantai Airmanis Batu Malin Kundang,Sumatera Barat,4.1,https://www.google.com/maps/place/Pantai+Airmanis+Batu+Malin+Kundang/data=!4m7!3m6!1s0x2fd4bb23228be8c7:0x2e6ea2ca0ffac1dd!8m2!3d-0.993751!4d100.3646404!16s%2Fg%2F11hz6dkf6m!19sChIJx-iLIiO71C8R3cH6D8qibi4?authuser=0&hl=en&rclk=1,-0.993751,100.3646404,biasa,2985.0,,,,,,,,,,,
Pantai Aru Rapek,Sumatera Barat,4.1,https://www.google.com/maps/place/Pantai+Aru+Rapek/data=!4m7!3m6!1s0x2fd4e94a4c87a453:0xb54c3800f776d63!8m2!3d-0.7638783!4d100.2515633!16s%2Fg%2F11s2pl14t2!19sChIJU6SHTErp1C8RY213D4DDVAs?authuser=0&hl=en&rclk=1,-0.7638783,100.2515633,biasa,10.0,,,,,,,,,,,
Pantai Itolamo,Maluku Utara,4.1,https://www.google.com/maps/place/Pantai+Itolamo/data=!4m7!3m6!1s0x329ccbc8bf0e6b3b:0xd9e069511038b1d!8m2!3d0.682795!4d127.365564!16s%2Fg%2F11btxl42m9!19sChIJO2sOv8jLnDIRHYsDEZUGng0?authuser=0&hl=en&rclk=1,0.682795,127.365564,biasa,24.0,Arahman Macho 2 reviews,ridwan ridho 1 photo,Ismid Doa 6 photos,,,,,,,,
Pantai Mangatasik,Sulawesi Utara,4.1,https://www.google.com/maps/place/Pantai+Mangatasik/data=!4m7!3m6!1s0x32877ac1f66ef9f7:0xb325e359fa644369!8m2!3d1.3940797!4d124.6581148!16s%2Fg%2F11b6t_mcjq!19sChIJ9_lu9sF6hzIRaUNk-lnjJbM?authuser=0&hl=en&rclk=1,1.3940797,124.6581148,biasa,421.0,rented tent,fritters,recreation,beach crowd,fried banana,,,,,,
Pantai Serena,Sulawesi Utara,4.1,https://www.google.com/maps/place/Pantai+Serena/data=!4m7!3m6!1s0x3286fe3691dad159:0x8a9ad6fd087adf76!8m2!3d1.4599273!4d125.2333494!16s%2Fg%2F11c1n18_40!19sChIJWdHakTb-hjIRdt96CP3Wmoo?authuser=0&hl=en&rclk=1,1.4599273,125.2333494,biasa,105.0,island,beach,cleanliness,location,diving,,,,,,
Pantai Batu Biru (Blue Stone Beach),Nusa Tenggara Timur,4.1,https://www.google.com/maps/place/Pantai+Batu+Biru+%28Blue+Stone+Beach%29/data=!4m7!3m6!1s0x2db2a259ef5b10bd:0x47c8c9d9858579fb!8m2!3d-8.8007326!4d121.493543!16s%2Fg%2F11cjj7m6jb!19sChIJvRBb71misi0R-3mFhdnJyEc?authuser=0&hl=en&rclk=1,-8.8007326,121.493543,biasa,334.0,blue stones 22,beach 85,waves 5,blue stone beach 2,blue sea 5,,,,,,
Pantai Ujung Batu,Sulawesi Selatan,4.1,https://www.google.com/maps/place/Pantai+Ujung+Batu/data=!4m7!3m6!1s0x2dbe2807383b4a79:0xb6e27f1921603cab!8m2!3d-4.4083153!4d119.6018042!16s%2Fg%2F11b6sx4nl4!19sChIJeUo7OAcovi0RqzxgIRl_4rY?authuser=0&hl=en&rclk=1,-4.4083153,119.6018042,biasa,503.0,beach,gazebo,prayer room,beach cleanliness,fishing boats,,,,,,
Pantai Cendrawasih Polewali,Sulawesi Barat,4.1,https://www.google.com/maps/place/Pantai+Cendrawasih+Polewali/data=!4m7!3m6!1s0x2d948f3836702ffd:0xc96e4c5d82cdeefc!8m2!3d-3.4271035!4d119.3120937!16s%2Fg%2F11fyljhx6m!19sChIJ_S9wNjiPlC0R_O7Ngl1Mbsk?authuser=0&hl=en&rclk=1,-3.4271035,119.3120937,biasa,41.0,cleanliness,beach,Aco Nasir  reviews ·  photos,Muh Zul Ikram  review ·  photos,Fitriani  reviews ·  photos,,,,,,
Pantai Sungai Cuka,Kalimantan Selatan,4.1,https://www.google.com/maps/place/Pantai+Sungai+Cuka/data=!4m7!3m6!1s0x2de630d4bc50b47b:0xba9b12fcd2902d07!8m2!3d-3.8592476!4d115.3798261!16s%2Fg%2F11c0xpq0sx!19sChIJe7RQvNQw5i0RBy2Q0vwSm7o?authuser=0&hl=en&rclk=1,-3.8592476,115.3798261,biasa,282.0,sungai cuka beach,bali vibes,cozy beach,photo spots,photos,,,,,,
Pantai Jodoh,Sumatera Selatan,4.1,https://www.google.com/maps/place/Pantai+Jodoh/data=!4m7!3m6!1s0x2e3becf6f9c82c09:0xc875df0b040c0f3d!8m2!3d-3.3430382!4d104.7835432!16s%2Fg%2F11ggs3xx6b!19sChIJCSzI-fbsOy4RPQ8MBAvfdcg?authuser=0&hl=en&rclk=1,-3.3430382,104.7835432,biasa,547.0,trees,seats,train,ATV,pine trees,,,,,,
Garassi Beach Of Nepo Village,Sulawesi Barat,4.1,https://www.google.com/maps/place/Garassi+Beach+Of+Nepo+Village/data=!4m7!3m6!1s0x2d948e1a1b9b5387:0xf17006acece243b5!8m2!3d-3.4679074!4d119.242769!16s%2Fg%2F11c600l9d3!19sChIJh1ObGxqOlC0RtUPi7KwGcPE?authuser=0&hl=en&rclk=1,-3.4679074,119.242769,biasa,26.0,Ical Labatta  review ·  photos,,,,,,,,,,
Pantai Barane Majene,Sulawesi Barat,4.1,https://www.google.com/maps/place/Pantai+Barane+Majene/data=!4m7!3m6!1s0x2d94bf75ac3b9aa5:0x5260bfccd7cd02cc!8m2!3d-3.546272!4d118.996506!16s%2Fg%2F11b6p0691k!19sChIJpZo7rHW_lC0RzALN18y_YFI?authuser=0&hl=en&rclk=1,-3.546272,118.996506,biasa,328.0,beach,kids playground,cleanliness,calm beach,entrance fee,,,,,,
Pantai Tanjong Buku,Sulawesi Barat,4.1,https://www.google.com/maps/place/Pantai+Tanjong+Buku/data=!4m7!3m6!1s0x2d9492187b362f91:0x7ce982d0f5dfb801!8m2!3d-3.4891294!4d119.2095254!16s%2Fg%2F11dx8nmng5!19sChIJkS82exiSlC0RAbjf9dCC6Xw?authuser=0&hl=en&rclk=1,-3.4891294,119.2095254,biasa,60.0,cool atmosphere,family vacation,cleanliness,public place,Nurhidayah Aulia  reviews ·  photo,,,,,,
Surawaya Beach,Sulawesi Utara,4.1,https://www.google.com/maps/place/Surawaya+Beach/data=!4m7!3m6!1s0x3287b173455ed187:0x2a14222d6adcc420!8m2!3d1.6644095!4d125.1065074!16s%2Fg%2F1hm34wlg6!19sChIJh9FeRXOxhzIRIMTcai0iFCo?authuser=0&hl=en&rclk=1,1.6644095,125.1065074,biasa,313.0,freediving,black sand beach,view,clean beach,natural scenery,,,,,,
Pantai Lasonrai Cappa Gusung,Sulawesi Selatan,4.1,https://www.google.com/maps/place/Pantai+Lasonrai+Cappa+Gusung/data=!4m7!3m6!1s0x2d9591e75ce15279:0xfbf8e9596edd166f!8m2!3d-4.2197421!4d119.6099741!16s%2Fg%2F11j6sx2m42!19sChIJeVLhXOeRlS0Rbxbdblnp-Ps?authuser=0&hl=en&rclk=1,-4.2197421,119.6099741,biasa,278.0,white sand,gazebos,beach cleanliness,mangroves,comfortable atmosphere,,,,,,
Pantai Ujung Pandaran,Kalimantan Tengah,4.1,https://www.google.com/maps/place/Pantai+Ujung+Pandaran/data=!4m7!3m6!1s0x2de214eaaca34bb3:0x1c5eee0c6969bffa!8m2!3d-3.1688445!4d112.9297858!16s%2Fg%2F11cs5dvll3!19sChIJs0ujrOoU4i0R-r9paQzuXhw?authuser=0&hl=en&rclk=1,-3.1688445,112.9297858,biasa,34.0,Taufik Fahmi  reviews,,,,,,,,,,
Pantai Pagar Mentimun,Kalimantan Barat,4.1,https://www.google.com/maps/place/Pantai+Pagar+Mentimun/data=!4m7!3m6!1s0x2e0563860bcb66a9:0xe79b7024b426da29!8m2!3d-2.2412209!4d110.0818877!16s%2Fg%2F11fz_2zyf4!19sChIJqWbLC4ZjBS4RKdomtCRwm-c?authuser=0&hl=en&rclk=1,-2.2412209,110.0818877,biasa,36.0,basori hasan  reviews ·  photos,Anjar Tri Satmoko  reviews ·  photos,Harfest Moon  reviews,,,,,,,,
Wisata Pantai Tubohan,Sumatera Selatan,4.1,https://www.google.com/maps/place/Wisata+Pantai+Tubohan/data=!4m7!3m6!1s0x2e39b95c123a4d83:0xab60e778700bfbc0!8m2!3d-4.0700854!4d104.007112!16s%2Fg%2F11q1qxjf3l!19sChIJg006Ely5OS4RwPsLcHjnYKs?authuser=0&hl=en&rclk=1,-4.0700854,104.007112,biasa,10.0,,,,,,,,,,,
Pantai Sembuluh,Kalimantan Tengah,4.1,https://www.google.com/maps/place/Pantai+Sembuluh/data=!4m7!3m6!1s0x2e083123a1152d31:0x5e4c3723af433a65!8m2!3d-2.7290121!4d112.3750962!16s%2Fg%2F11h4w9vg0f!19sChIJMS0VoSMxCC4RZTpDryM3TF4?authuser=0&hl=en&rclk=1,-2.7290121,112.3750962,biasa,29.0,entertainment,beach,Irma Comel  review ·  photos,Syarifah Smq  review ·  photos,Edy Riyanto  photos,,,,,,
Nihiwatu Beach,Nusa Tenggara Timur,4.1,https://www.google.com/maps/place/Nihiwatu+Beach/data=!4m7!3m6!1s0x2c4afcdc01f97a73:0x54c747e3fc22ac63!8m2!3d-9.7720795!4d119.3682249!16s%2Fg%2F11c3kqfwky!19sChIJc3r5Adz8SiwRY6wi_ONHx1Q?authuser=0&hl=en&rclk=1,-9.7720795,119.3682249,biasa,199.0,private beach 8,government owned 2,white sand 2,scenery 6,privatized 6,,,,,,
Pantai Pasir Putih,Nusa Tenggara Timur,4.1,https://www.google.com/maps/place/Pantai+Pasir+Putih/data=!4m7!3m6!1s0x2dab70c4e4963c87:0x5de55f46f156056b!8m2!3d-8.3892766!4d123.2904715!16s%2Fg%2F11csrr2166!19sChIJhzyW5MRwqy0RawVW8UZf5V0?authuser=0&hl=en&rclk=1,-8.3892766,123.2904715,biasa,10.0,amir ae 4 reviews · 3 photos,Stanislaus Aprino Makin 2 reviews · 11 photos,Bung Fazry 1 review · 10 photos,,,,,,,,
Pantai Ponnori,Sulawesi Selatan,4.1,https://www.google.com/maps/place/Pantai+Ponnori/data=!4m7!3m6!1s0x2d969196f6d63d33:0x4a2e4118f6051d12!8m2!3d-3.6287208!4d120.4159773!16s%2Fg%2F11c0pzsky5!19sChIJMz3W9paRli0REh0F9hhBLko?authuser=0&hl=en&rclk=1,-3.6287208,120.4159773,biasa,375.0,gazebo,beach,beach cleanliness,budget-friendly,easy access,,,,,,
Pantai laguna,Sulawesi Selatan,4.1,https://www.google.com/maps/place/Pantai+laguna/data=!4m7!3m6!1s0x2dbe2f5d6e458005:0x9d6c603aa318cee0!8m2!3d-4.49261!4d119.594005!16s%2Fg%2F11d_85dbbw!19sChIJBYBFbl0vvi0R4M4YozpgbJ0?authuser=0&hl=en&rclk=1,-4.49261,119.594005,biasa,618.0,beach,gazebos,banana boats,sunset,coconut,,,,,,
Lumpue Beach,Sulawesi Selatan,4.1,https://www.google.com/maps/place/Lumpue+Beach/data=!4m7!3m6!1s0x2d95bcc09fdaecb5:0xc8903b5cf046e41e!8m2!3d-4.0570288!4d119.622249!16s%2Fg%2F11clybypby!19sChIJtezan8C8lS0RHuRG8Fw7kMg?authuser=0&hl=en&rclk=1,-4.0570288,119.622249,biasa,878.0,gazebo,beach cleanliness,sea water bath,bakwan,waves,,,,,,
Wisata Pantai Lowita,Sulawesi Selatan,4.1,https://www.google.com/maps/place/Wisata+Pantai+Lowita/data=!4m7!3m6!1s0x2d95a5664a2e2bbb:0xaa400faea5b6a17!8m2!3d-3.9772639!4d119.5778333!16s%2Fg%2F11cs12q548!19sChIJuysuSmallS0RF2pb6voApAo?authuser=0&hl=en&rclk=1,-3.9772639,119.5778333,biasa,475.0,gazebo,suitable for family events,sea view,ikan bakar,comfortable place,,,,,,
Paputo Beach,Sulawesi Selatan,4.1,https://www.google.com/maps/place/Paputo+Beach/data=!4m7!3m6!1s0x2d95bca3391604c3:0x5cde3edfb22e4a0d!8m2!3d-4.0534349!4d119.6191624!16s%2Fg%2F11clggj6g3!19sChIJwwQWOaO8lS0RDUoust8-3lw?authuser=0&hl=en&rclk=1,-4.0534349,119.6191624,biasa,1535.0,gazebo,prayer room,white sand,sea view,photo spot,,,,,,
Pantai Sirih Anyer Banten,Banten,4.1,https://www.google.com/maps/place/Pantai+Sirih+Anyer+Banten/data=!4m7!3m6!1s0x2e4186cd31a90243:0x9582a4afad8eb701!8m2!3d-6.1122141!4d105.8765205!16s%2Fg%2F11cm_gh_yg!19sChIJQwKpMc2GQS4RAbeOra-kgpU?authuser=0&hl=en&rclk=1,-6.1122141,105.8765205,biasa,434.0,wide,sea side,sea water,family tourism,tour,,,,,,
Pantai Kerang,Banten,4.1,https://www.google.com/maps/place/Pantai+Kerang/data=!4m7!3m6!1s0x2e43b50be26312c1:0xaf47c523f26b6766!8m2!3d-6.5230402!4d105.7390792!16s%2Fg%2F1pv6ytq_k!19sChIJwRJj4gu1Qy4RZmdr8iPFR68?authuser=0&hl=en&rclk=1,-6.5230402,105.7390792,biasa,91.0,cafeteria,relaxing place,sunset,beach,,,,,,,
Pantai Wendu merauke,Papua Selatan,4.1,https://www.google.com/maps/place/Pantai+Wendu+merauke/data=!4m7!3m6!1s0x69b54126f5e8ba65:0x26526a730d1cc294!8m2!3d-8.4393109!4d140.2959939!16s%2Fg%2F11tdr6n4b2!19sChIJZbro9SZBtWkRlMIcDXNqUiY?authuser=0&hl=en&rclk=1,-8.4393109,140.2959939,biasa,8.0,beach 2,jack ndiken 3 reviews · 2 photos,,,,,,,,,
Pantai Sialangbuah,Sumatera Utara,4.1,https://www.google.com/maps/place/Pantai+Sialangbuah/data=!4m7!3m6!1s0x30315a1b0bb765d1:0xcdf27a0027e63fb!8m2!3d3.5691821!4d99.1228644!16s%2Fg%2F1pzs83rgh!19sChIJ0WW3CxtaMTAR-2N-AqAn3ww?authuser=0&hl=en&rclk=1,3.5691821,99.1228644,biasa,394.0,seafood,area,fresh fish,sea atmosphere,huts,,,,,,
Pantai Amal Tarakan,Kalimantan Utara,4.1,https://www.google.com/maps/place/Pantai+Amal+Tarakan/data=!4m7!3m6!1s0x3214778557ce0e2d:0x681821d4d0829cd9!8m2!3d3.3267924!4d117.6566455!16s%2Fg%2F11sx38dwv9!19sChIJLQ7OV4V3FDIR2ZyC0NQhGGg?authuser=0&hl=en&rclk=1,3.3267924,117.6566455,biasa,34.0,coconut,cost,tourism potential,seafood,beach,,,,,,
Pantai Bopong,Jawa Tengah,4.1,https://www.google.com/maps/place/Pantai+Bopong/data=!4m7!3m6!1s0x2e6533776dcda4c3:0x4e5ea833e95b1399!8m2!3d-7.7648324!4d109.5186241!16s%2Fg%2F11b7q45rl8!19sChIJw6TNbXczZS4RmRNb6TOoXk4?authuser=0&hl=en&rclk=1,-7.7648324,109.5186241,biasa,1222.0,Pantai Bopong,dangdut,vendors,mendoan,original beach,,,,,,
Payum Beach,Papua Selatan,4.1,https://www.google.com/maps/place/Payum+Beach/data=!4m7!3m6!1s0x69b51431b64104dd:0x42e8d5ca07f5a342!8m2!3d-8.5471825!4d140.4188401!16s%2Fg%2F11dxjwmfdw!19sChIJ3QRBtjEUtWkRQqP1B8rV6EI?authuser=0&hl=en&rclk=1,-8.5471825,140.4188401,biasa,144.0,scenery 2,lampu satu beach 2,fisherman 2,white sand 2,good environment 2,,,,,,
Pantai Sereg,Jawa Barat,4.1,https://www.google.com/maps/place/Pantai+Sereg/data=!4m7!3m6!1s0x2e67d64913b73ca9:0xc3aba5fb66ad1212!8m2!3d-7.466969!4d107.1560954!16s%2Fg%2F12233pwf!19sChIJqTy3E0nWZy4REhKtZvulq8M?authuser=0&hl=en&rclk=1,-7.466969,107.1560954,biasa,585.0,big waves,hills,gazebo,no swimming allowed,affordable entrance fee,,,,,,
Pantai Widuri Pemalang,Jawa Tengah,4.1,https://www.google.com/maps/place/Pantai+Widuri+Pemalang/data=!4m7!3m6!1s0x2e6fc4b63c6cf3c9:0x59d459c19070a44!8m2!3d-6.8617344!4d109.3778474!16s%2Fg%2F122dm0vy!19sChIJyfNsPLbEby4RRAoHGZxFnQU?authuser=0&hl=en&rclk=1,-6.8617344,109.3778474,biasa,0.0,,,,,,,,,,,
"Pantai Alun-alun, Sigli, Aceh",Aceh,4.0,"https://www.google.com/maps/place/Pantai+Alun-alun,+Sigli,+Aceh/data=!4m7!3m6!1s0x3040ec9505f5e531:0x2de309ed3d5f67f3!8m2!3d5.3877169!4d95.9643591!16s%2Fg%2F11bxg8cjsd!19sChIJMeX1BZXsQDAR82dfPe0J4y0?authuser=0&hl=en&rclk=1",5.3877169,95.9643591,biasa,65.0,night atmosphere,,,,,,,,,,
Pantai Mutiara,Sumatera Utara,4.0,https://www.google.com/maps/place/Pantai+Mutiara/data=!4m7!3m6!1s0x30314cfe9ddbed59:0x7a3ac141f037e95e!8m2!3d3.6627012!4d98.9649313!16s%2Fg%2F11f2b60wgt!19sChIJWe3bnf5MMTARXuk38EHBOno?authuser=0&hl=en&rclk=1,3.6627012,98.9649313,biasa,36.0,Pantai Mutiara TG,beach view,embankment,sea,elite,,,,,,
Marunde Beach,DKI Jakarta,4.0,https://www.google.com/maps/place/Marunde+Beach/data=!4m7!3m6!1s0x2e6a20ffa661e859:0x303dfc7f11650ece!8m2!3d-6.0926996!4d106.9615049!16s%2Fg%2F11cjkq15vk!19sChIJWehhpv8gai4Rzg5lEX_8PTA?authuser=0&hl=en&rclk=1,-6.0926996,106.9615049,biasa,1017.0,mangrove,fishing spot,green mussels,ikan bakar,sea view,,,,,,
Tanjung Kait Beach,Banten,4.0,https://www.google.com/maps/place/Tanjung+Kait+Beach/data=!4m7!3m6!1s0x2e41fdc1fe10c80d:0x7859fd3b8b8865e0!8m2!3d-6.0123941!4d106.5369247!16s%2Fg%2F11c32gtzgc!19sChIJDcgQ_sH9QS4R4GWIizv9WXg?authuser=0&hl=en&rclk=1,-6.0123941,106.5369247,biasa,2530.0,fishing spot,fishing on a bagan,beach cleanliness,dirty beach,monastery,,,,,,
Pantai Wisata Onggaya,Papua Selatan,4.0,https://www.google.com/maps/place/Pantai+Wisata+Onggaya/data=!4m7!3m6!1s0x69b505a4168cde17:0x292079965455bbdb!8m2!3d-8.7025248!4d140.5405419!16s%2Fg%2F11fylsq37p!19sChIJF96MFqQFtWkR27tVVJZ5ICk?authuser=0&hl=en&rclk=1,-8.7025248,140.5405419,biasa,64.0,beach 8,beauty of the beach 2,beach tourism 2,Endi A Saputra 1 review · 2 photos,,,,,,,
Sigandu Beach,Jawa Tengah,4.0,https://www.google.com/maps/place/Sigandu+Beach/data=!4m7!3m6!1s0x2e702529971fc2f5:0xeb3afb4a9b4fb241!8m2!3d-6.8812544!4d109.7530931!16s%2Fg%2F11b6cq31bm!19sChIJ9cIflyklcC4RQbJPm0r7Ous?authuser=0&hl=en&rclk=1,-6.8812544,109.7530931,biasa,2226.0,dolphin,mangrove,area,morning,batang dolphin centre,,,,,,
Pantai Onggaya,Papua Selatan,4.0,https://www.google.com/maps/place/Pantai+Onggaya/data=!4m7!3m6!1s0x69b5018a4796ea97:0x67bd9c9e0cca2367!8m2!3d-8.7828033!4d140.5975801!16s%2Fg%2F11fcmh3l66!19sChIJl-qWR4oBtWkRZyPKDJ6cvWc?authuser=0&hl=en&rclk=1,-8.7828033,140.5975801,biasa,6.0,,,,,,,,,,,
Pantai Teluk Kerang,Sumatera Utara,4.0,https://www.google.com/maps/place/Pantai+Teluk+Kerang/data=!4m7!3m6!1s0x3037174d629cb511:0x281ca4b57ac709d8!8m2!3d4.1062846!4d98.2978786!16s%2Fg%2F11g691d7rr!19sChIJEbWcYk0XNzAR2AnHerWkHCg?authuser=0&hl=en&rclk=1,4.1062846,98.2978786,biasa,343.0,stalls,sunset,prayer room,fishing pond,beach cleanliness,,,,,,
Pantai Sentang,Sumatera Utara,4.0,https://www.google.com/maps/place/Pantai+Sentang/data=!4m7!3m6!1s0x30315711af25e3e7:0xd0816ae84985666!8m2!3d3.5630002!4d99.1321727!16s%2Fg%2F11dyl_4tkb!19sChIJ5-MlrxFXMTARZlaYhK4WCA0?authuser=0&hl=en&rclk=1,3.5630002,99.1321727,biasa,117.0,calm beach,family vacation,relaxing,scenery,clean beach,,,,,,
Pantai Cermin,Sumatera Utara,4.0,https://www.google.com/maps/place/Pantai+Cermin/data=!4m7!3m6!1s0x30314cfe85bef511:0xac8d3f94468a8ad9!8m2!3d3.6520945!4d98.9876565!16s%2Fg%2F11bwdcbcfn!19sChIJEfW-hf5MMTAR2YqKRpQ_jaw?authuser=0&hl=en&rclk=1,3.6520945,98.9876565,biasa,0.0,,,,,,,,,,,
PATIMBAN BEACH,Jawa Barat,4.0,https://www.google.com/maps/place/PATIMBAN+BEACH/data=!4m7!3m6!1s0x2e6950691fa71c19:0x7113e51bb0dde920!8m2!3d-6.2435014!4d107.9030203!16s%2Fg%2F11bw4t9z4w!19sChIJGRynH2lQaS4RIOndsBvlE3E?authuser=0&hl=en&rclk=1,-6.2435014,107.9030203,biasa,1154.0,fishing spot,port project,not for public,sunset view,road access,,,,,,
Pantai Maras,Bengkulu,4.0,https://www.google.com/maps/place/Pantai+Maras/data=!4m7!3m6!1s0x2e3654ff923b004f:0xf105ddf9e8b73a50!8m2!3d-4.3311057!4d102.7603261!16s%2Fg%2F11cmvj953w!19sChIJTwA7kv9UNi4RUDq36PndBfE?authuser=0&hl=en&rclk=1,-4.3311057,102.7603261,biasa,66.0,attractions,,,,,,,,,,
Pantai Supi,Sumatera Selatan,4.0,https://www.google.com/maps/place/Pantai+Supi/data=!4m7!3m6!1s0x2e3bec5972489739:0x10ec00e379614311!8m2!3d-3.3504425!4d104.7829745!16s%2Fg%2F11bylctjy5!19sChIJOZdIclnsOy4REUNheeMA7BA?authuser=0&hl=en&rclk=1,-3.3504425,104.7829745,biasa,211.0,seasonal beach,dry season,attractions,cleanliness,location,,,,,,
Pantai Muara Kintap,Kalimantan Selatan,4.0,https://www.google.com/maps/place/Pantai+Muara+Kintap/data=!4m7!3m6!1s0x2de649beaaaaaaab:0x4a0914362d8b531e!8m2!3d-3.8958459!4d115.2844176!16s%2Fg%2F11cs1y3c37!19sChIJq6qqqr5J5i0RHlOLLTYUCUo?authuser=0&hl=en&rclk=1,-3.8958459,115.2844176,biasa,183.0,fishing spot,road access,scenery,coffee,tour,,,,,,
Pantai Swarangan,Kalimantan Selatan,4.0,https://www.google.com/maps/place/Pantai+Swarangan/data=!4m7!3m6!1s0x2de7aa3a4e4a3a25:0x989580bc0115fd70!8m2!3d-4.0514243!4d114.9373917!16s%2Fg%2F1232pjh4!19sChIJJTpKTjqq5y0RcP0VAbyAlZg?authuser=0&hl=en&rclk=1,-4.0514243,114.9373917,biasa,142.0,beach,beach cleanliness,wide beach,road access,quiet,,,,,,
Pantai batu lima Asbullah tmbngn,Kalimantan Selatan,4.0,https://www.google.com/maps/place/Pantai+batu+lima+Asbullah+tmbngn/data=!4m7!3m6!1s0x2de71df1af7e7e45:0x6aa635d39a59c0c6!8m2!3d-4.0061778!4d114.6348667!16s%2Fg%2F11fyzbjqsb!19sChIJRX5-r_Ed5y0RxsBZmtM1pmo?authuser=0&hl=en&rclk=1,-4.0061778,114.6348667,biasa,61.0,beach,tourist attractions,place to unwind,few visitors,scenery,,,,,,
Pantai Sesai Pugar Alam,Riau,4.0,https://www.google.com/maps/place/Pantai+Sesai+Pugar+Alam/data=!4m7!3m6!1s0x31d7156a6a9d0d71:0xbf4cb48975f269fb!8m2!3d0.8680838!4d103.1527905!16s%2Fg%2F11gmyw2020!19sChIJcQ2damoV1zER-2nydYm0TL8?authuser=0&hl=en&rclk=1,0.8680838,103.1527905,biasa,5.0,,,,,,,,,,,
Pantai Cimpu Selatan,Sulawesi Selatan,4.0,https://www.google.com/maps/place/Pantai+Cimpu+Selatan/data=!4m7!3m6!1s0x2d96bb85cf1ddd65:0x504d975c612d8f29!8m2!3d-3.4358865!4d120.3988557!16s%2Fg%2F11c5_rp5hm!19sChIJZd0dz4W7li0RKY8tYVyXTVA?authuser=0&hl=en&rclk=1,-3.4358865,120.3988557,biasa,48.0,Mama Anda  review,Ramlasanye Ramla  review,Galiyah Ginah Ganiyah Irsan  review ·  photos,Ali Eldimassi  reviews ·  photos,Zareena  review,,,,,,
Pantai Pasir Panjang Kepuh,Banten,4.0,https://www.google.com/maps/place/Pantai+Pasir+Panjang+Kepuh/data=!4m7!3m6!1s0x2e423489f28d130b:0x10748656ed814053!8m2!3d-6.4281841!4d105.827706!16s%2Fg%2F11gfmldxkv!19sChIJCxON8ok0Qi4RU0CB7VaGdBA?authuser=0&hl=en&rclk=1,-6.4281841,105.827706,biasa,124.0,wide,beautiful place,location,Photo,,,,,,,
Pantai Pasir Baru,Sumatera Barat,4.0,https://www.google.com/maps/place/Pantai+Pasir+Baru/data=!4m7!3m6!1s0x2fd51d9fd8a15341:0x1e5aed931288735f!8m2!3d-0.5647451!4d100.089193!16s%2Fg%2F11hzsv3xxg!19sChIJQVOh2J8d1S8RX3OIEpPtWh4?authuser=0&hl=en&rclk=1,-0.5647451,100.089193,biasa,3.0,,,,,,,,,,,
Pantai Nirwana,Sumatera Barat,4.0,https://www.google.com/maps/place/Pantai+Nirwana/data=!4m7!3m6!1s0x2fd4bb1c13259c05:0x3f2eaeb7fab3e899!8m2!3d-1.0165786!4d100.3900043!16s%2Fg%2F11bxjr80_7!19sChIJBZwlExy71C8Rmeiz-reuLj8?authuser=0&hl=en&rclk=1,-1.0165786,100.3900043,biasa,999.0,gazebo,coconut,prayer room,entrance fee,small waves,,,,,,
Pantai Beringin Cinta,Sulawesi Barat,4.0,https://www.google.com/maps/place/Pantai+Beringin+Cinta/data=!4m7!3m6!1s0x2d9294a7bfc749eb:0x664035df25cbb033!8m2!3d-2.4170129!4d119.1375249!16s%2Fg%2F11h9zl6tpb!19sChIJ60nHv6eUki0RM7DLJd81QGY?authuser=0&hl=en&rclk=1,-2.4170129,119.1375249,biasa,138.0,sunset view,karaoke,place to relax,beach,access,,,,,,
Pantai Serangai,Bengkulu,4.0,https://www.google.com/maps/place/Pantai+Serangai/data=!4m7!3m6!1s0x2e33e5f790868931:0xb6f7cccad2a53ec3!8m2!3d-3.4269797!4d101.8961733!16s%2Fg%2F11nmmdbnps!19sChIJMYmGkPflMy4Rwz6l0srM97Y?authuser=0&hl=en&rclk=1,-3.4269797,101.8961733,biasa,10.0,rest,,,,,,,,,,
"Pantai Sinorang, Batui Selatan",Sulawesi Tengah,4.0,"https://www.google.com/maps/place/Pantai+Sinorang,+Batui+Selatan/data=!4m7!3m6!1s0x2d844e1bb88adc73:0x92e9817610f67fc!8m2!3d-1.4087891!4d122.4622086!16s%2Fg%2F11cr_0hhkv!19sChIJc9yKuBtOhC0R_GcPYReYLgk?authuser=0&hl=en&rclk=1",-1.4087891,122.4622086,biasa,137.0,ikan bakar,crab,fresh food,menu,attractions,,,,,,
Pantai Sungai Komering,Sumatera Selatan,4.0,https://www.google.com/maps/place/Pantai+Sungai+Komering/data=!4m7!3m6!1s0x2e38573e04f8adaf:0x2fcf20e55b6a7b02!8m2!3d-4.3998859!4d104.237252!16s%2Fg%2F11qng9qhl7!19sChIJr634BD5XOC4RAntqW-Ugzy8?authuser=0&hl=en&rclk=1,-4.3998859,104.237252,biasa,12.0,,,,,,,,,,,
Tiska Beach,Lampung,4.0,https://www.google.com/maps/place/Tiska+Beach/data=!4m7!3m6!1s0x2e40df9a42b0f301:0xaed872d201df7edc!8m2!3d-5.4918777!4d105.3255907!16s%2Fg%2F11rd5lg5xc!19sChIJAfOwQprfQC4R3H7fAdJy2K4?authuser=0&hl=en&rclk=1,-5.4918777,105.3255907,biasa,1433.0,waves,beach cleanliness,gazebo,swimming,kids play area,,,,,,
Pantai Bagus Kalianda,Lampung,4.0,https://www.google.com/maps/place/Pantai+Bagus+Kalianda/data=!4m7!3m6!1s0x2e411a8c497e2161:0x289f813fbc7b7f65!8m2!3d-5.6673667!4d105.5558626!16s%2Fg%2F11clzqyg7t!19sChIJYSF-SYwaQS4RZX97vD-Bnyg?authuser=0&hl=en&rclk=1,-5.6673667,105.5558626,biasa,739.0,gazebo,prayer room,waves,gazebo rental,coral reef,,,,,,
Pantai Pasir Putih,Kepulauan Riau,4.0,https://www.google.com/maps/place/Pantai+Pasir+Putih/data=!4m7!3m6!1s0x31d9f5227c4bc27b:0xb15004a0e3f9c168!8m2!3d1.1462115!4d103.8916698!16s%2Fg%2F11f_stcf1d!19sChIJe8JLfCL12TERaMH546AEULE?authuser=0&hl=en&rclk=1,1.1462115,103.8916698,biasa,4221.0,calm waves,coral reef,sailing ship,wharf,salted fish,,,,,,
Pantai Tanjung Pinggir,Kepulauan Riau,4.0,https://www.google.com/maps/place/Pantai+Tanjung+Pinggir/data=!4m7!3m6!1s0x31d98ad72228c3a9:0xef4abfdcca80a2f0!8m2!3d1.142253!4d103.9234858!16s%2Fg%2F11cn7g5vf1!19sChIJqcMoIteK2TER8KKAyty_Su8?authuser=0&hl=en&rclk=1,1.142253,103.9234858,biasa,1313.0,view of singapore,bath,pond,area,japanese grass field,,,,,,
Pantai Pasir Putih Batu Putih,Sulawesi Tenggara,4.0,https://www.google.com/maps/place/Pantai+Pasir+Putih+Batu+Putih/data=!4m7!3m6!1s0x2da2126955a04dcd:0xb9250d8b4a5ff12a!8m2!3d-4.4120632!4d122.7792254!16s%2Fg%2F11gb40gypl!19sChIJzU2gVWkSoi0RKvFfSosNJbk?authuser=0&hl=en&rclk=1,-4.4120632,122.7792254,biasa,48.0,beach 4,beach cleanliness 2,tour 2,photo 2,Umer Waseem 49 reviews · 53 photos,,,,,,
Pantai UTARA TIBAN,Riau,4.0,https://www.google.com/maps/place/Pantai+UTARA+TIBAN/data=!4m7!3m6!1s0x31d98bbd3456c70d:0x334b9b8ebaeac6b4!8m2!3d1.1369972!4d103.9773454!16s%2Fg%2F11hb544d89!19sChIJDcdWNL2L2TERtMbquo6bSzM?authuser=0&hl=en&rclk=1,1.1369972,103.9773454,biasa,128.0,tour,wind,afternoon,,,,,,,,
wisata pantai,Nusa Tenggara Barat,4.0,https://www.google.com/maps/place/wisata+pantai/data=!4m7!3m6!1s0x2dcc4f4f72d7fdaf:0xfc31ddcc939b9acb!8m2!3d-8.7052506!4d116.5689342!16s%2Fg%2F11q8vr6nzq!19sChIJr_3Xck9PzC0Ry5qbk8zdMfw?authuser=0&hl=en&rclk=1,-8.7052506,116.5689342,biasa,44.0,family tourism 2,sunrise 2,cleanliness 2,nice place 3,beach 4,,,,,,
Tanjung Klabsik,Papua Barat Daya,4.0,https://www.google.com/maps/place/Tanjung+Klabsik/data=!4m7!3m6!1s0x2d5ead8d7faf1cd7:0x3d29d3170c66c7fb!8m2!3d-0.8160161!4d131.2577545!16s%2Fg%2F11s2zjmmq4!19sChIJ1xyvf42tXi0R-8dmDBfTKT0?authuser=0&hl=en&rclk=1,-0.8160161,131.2577545,biasa,2.0,,,,,,,,,,,
Pantai Sawatuk,Papua Barat Daya,4.0,https://www.google.com/maps/place/Pantai+Sawatuk/data=!4m7!3m6!1s0x2d594373ac99c0fd:0x5d0d96f04334866a!8m2!3d-0.7690651!4d131.5384168!16s%2Fg%2F11gfh1swst!19sChIJ_cCZrHNDWS0RaoY0Q_CWDV0?authuser=0&hl=en&rclk=1,-0.7690651,131.5384168,biasa,2.0,,,,,,,,,,,
Gumumae Beach,Pulau Seram,4.0,https://www.google.com/maps/place/Gumumae+Beach/data=!4m7!3m6!1s0x2d41978005a715d9:0x6bbfa41021bd997d!8m2!3d-3.0672653!4d130.4715293!16s%2Fg%2F11f0_fs7cb!19sChIJ2RWnBYCXQS0RfZm9IRCkv2s?authuser=0&hl=en&rclk=1,-3.0672653,130.4715293,biasa,112.0,comfort 3,tour 5,cold 3,cleanliness 4,green 2,,,,,,
Pantai Nambo,Sulawesi Tenggara,4.0,https://www.google.com/maps/place/Pantai+Nambo/data=!4m7!3m6!1s0x2d98935d4c8084f5:0xe7ca5afdc1cd47e6!8m2!3d-4.0014536!4d122.6166158!16s%2Fg%2F11bw1shn9x!19sChIJ9YSATF2TmC0R5kfNwf1ayuc?authuser=0&hl=en&rclk=1,-4.0014536,122.6166158,biasa,503.0,gazebo,mat rental,blue sea,white sand,within kendari city,,,,,,
Pantai Kute Kerinci,Riau,4.0,https://www.google.com/maps/place/Pantai+Kute+Kerinci/data=!4m7!3m6!1s0x31d5c3316e4011ed:0xb635d2fad64b92df!8m2!3d0.3421224!4d101.8824929!16s%2Fg%2F11hbv8p7fx!19sChIJ7RFAbjHD1TER35JL1vrSNbY?authuser=0&hl=en&rclk=1,0.3421224,101.8824929,biasa,21099.0,surfing,dusk,beach cleanliness,surfing lessons,white sand,,,,,,
Pantai Pasir Putih,Aceh,4.0,https://www.google.com/maps/place/Pantai+Pasir+Putih/data=!4m7!3m6!1s0x303a4c377608124f:0x7710aeb3abeb185e!8m2!3d3.3432368!4d97.1246554!16s%2Fg%2F11ddxqn54n!19sChIJTxIIdjdMOjARXhjrq7OuEHc?authuser=0&hl=en&rclk=1,3.3432368,97.1246554,biasa,4221.0,Beautiful calm and quiet beach. Located just at the outskirts of situbondo. A bit long drive from Surabaya but it was worth it seeking short serenity here.,"beach with white sand, clear water, and full facilities, this beach located in the northern part of Java Island makes it a perfect destination for relaxation and water activities with the family. also suitable for water sports such as snorkeling, diving, mrmancing also rent a boat to go around the beach","Unwind by enjoying the beautiful white sand, gentle breeze and crashing waves of northern Java, very relaxing.  Seeing children playing in the sand and running on the beach, it's like going back to childhood.  Very delighted.  A hot afternoon will not be felt with the freshness of young coconut water.  This will bring you fresh again to enjoy the next day.  You can enjoy several activities in this place at affordable prices, such as enjoying the beauty of coral reefs using a sailboat, etc.  On holidays, this place is very busy.  Sometimes we can also see naval activities training at this place.","It was nice. The wave is super calm and perfect for swimming (a.k.a bathing(?)) The cost for a boat is quite cheap. There are only few parts left that really has 'white sands' most of it are alrrady black. It was rather dirty and crowded but it's still quiet nice.

The perfect hour is around 4 PM in which most of the guest already left and the sun isn't so scorching.

Probably not a good place for tanning","Nice place. Clean water and beach. Slow waves, awesome spot for sunset vibes, nice diving spot and snorkling and there are many fish",calm waves,,,,,
Pantai Lancok,Aceh,4.0,https://www.google.com/maps/place/Pantai+Lancok/data=!4m7!3m6!1s0x30478478bfffffff:0x46929b76ddaad213!8m2!3d5.1413021!4d97.185476!16s%2Fg%2F11b6_cv435!19sChIJ____v3iERzARE9Kq3XabkkY?authuser=0&hl=en&rclk=1,5.1413021,97.185476,biasa,8.0,,,,,,Tidak ada data,,,,,
Pantai Tanjung Merah,Sulawesi Utara,4.0,https://www.google.com/maps/place/Pantai+Tanjung+Merah/data=!4m7!3m6!1s0x32870487a1371fc9:0xaf4c7e82d295e9b6!8m2!3d1.4016946!4d125.1183839!16s%2Fg%2F11c464jx8w!19sChIJyR83oYcEhzIRtumV0oJ-TK8?authuser=0&hl=en&rclk=1,1.4016946,125.1183839,biasa,194.0,sea urchins,Relax,scenery,tourism spot,recreation,,,,,,
Pantai Buntu Matabing,Sulawesi Selatan,4.0,https://www.google.com/maps/place/Pantai+Buntu+Matabing/data=!4m7!3m6!1s0x2d96973cd8c7efe3:0x141199b5bf7427b9!8m2!3d-3.5394317!4d120.4010915!16s%2Fg%2F11fhjxfrxd!19sChIJ4-_H2DyXli0RuSd0v7WZERQ?authuser=0&hl=en&rclk=1,-3.5394317,120.4010915,biasa,34.0,Aldi Fitra  reviews,,,,,,,,,,
Pantai Lala,Pulau Buru,4.0,https://www.google.com/maps/place/Pantai+Lala/data=!4m7!3m6!1s0x2d72130013f8f1cd:0xd91df48ae9d82078!8m2!3d-3.2201772!4d127.0984681!16s%2Fg%2F11w37mxncd!19sChIJzfH4EwATci0ReCDY6Yr0Hdk?authuser=0&hl=en&rclk=1,-3.2201772,127.0984681,biasa,0.0,,,,,,,,,,,
Penginapan Pantai Batakan,Kalimantan Selatan,4.0,https://www.google.com/maps/place/Penginapan+Pantai+Batakan/data=!4m7!3m6!1s0x2de71bdcbb4913a3:0xf34d2e5faa00dde!8m2!3d-4.096656!4d114.6305841!16s%2Fg%2F121dpmgw!19sChIJoxNJu9wb5y0R3g2g-uXSNA8?authuser=0&hl=en&rclk=1,-4.096656,114.6305841,biasa,821.0,pine trees,banana boat,beach cleanliness,dogcart,ATV,,,,,,
Pantai Pasir Serida,Sumatera Selatan,4.0,https://www.google.com/maps/place/Pantai+Pasir+Serida/data=!4m7!3m6!1s0x2e3bed6f2b361657:0xc57f57041b17cfd0!8m2!3d-3.364368!4d104.7748632!16s%2Fg%2F11gpnjv1m9!19sChIJVxY2K2_tOy4R0M8XGwRXf8U?authuser=0&hl=en&rclk=1,-3.364368,104.7748632,biasa,2.0,,,,,,,,,,,
Pantai Ombuo,Gorontalo,4.0,https://www.google.com/maps/place/Pantai+Ombuo/data=!4m7!3m6!1s0x327f309c82335fb5:0x4c97a791f88e4f3c!8m2!3d0.3354127!4d123.2533468!16s%2Fg%2F11fx7v47xl!19sChIJtV8zgpwwfzIRPE-O-JGnl0w?authuser=0&hl=en&rclk=1,0.3354127,123.2533468,biasa,7.0,Agus Mohi  reviews,kasma hasan  photos,,,,,,,,,
Pantai Motihelumo,Gorontalo,4.0,https://www.google.com/maps/place/Pantai+Motihelumo/data=!4m7!3m6!1s0x327963fc8e67c73d:0xe61a59a7fdc2107f!8m2!3d0.959688!4d122.561269!16s%2Fg%2F11qgjx8dw7!19sChIJPcdnjvxjeTIRfxDC_adZGuY?authuser=0&hl=en&rclk=1,0.959688,122.561269,biasa,9.0,Andris Mantu  reviews,Linda Liong  reviews ·  photos,Gorontalo Bolmong  review,Zul Hamid  reviews,abd galib  reviews ·  photos,,,,,,
Pantai Tangsi,Nusa Tenggara Barat,4.0,https://www.google.com/maps/place/Pantai+Tangsi/data=!4m7!3m6!1s0x2dcc569b27868c77:0xf7022b35bbed9843!8m2!3d-8.8262623!4d116.5226269!16s%2Fg%2F11bt_j0kxx!19sChIJd4yGJ5tWzC0RQ5jtuzUrAvc?authuser=0&hl=en&rclk=1,-8.8262623,116.5226269,biasa,154.0,pink sand 4,locals fishing 2,snorkling 2,village 2,season 2,,,,,,
Pantai Tanjung Karang,Nusa Tenggara Barat,4.0,https://www.google.com/maps/place/Pantai+Tanjung+Karang/data=!4m7!3m6!1s0x2dcdbf91ac685213:0x1ca71d5b0007d885!8m2!3d-8.6011498!4d116.0736546!16s%2Fg%2F11g6mlxrgg!19sChIJE1JorJG_zS0RhdgHAFsdpxw?authuser=0&hl=en&rclk=1,-8.6011498,116.0736546,biasa,188.0,kids' play area 4,fishing boats 4,tanjung karang 2,fresh fish 2,fishing spot 4,,,,,,
pantai kuang wai,Nusa Tenggara Barat,4.0,https://www.google.com/maps/place/pantai+kuang+wai/data=!4m7!3m6!1s0x2dcc51a5c6351f79:0x279c6c621e6e4ad5!8m2!3d-8.7487786!4d116.5470588!16s%2Fg%2F11fzwh045l!19sChIJeR81xqVRzC0R1UpuHmJsnCc?authuser=0&hl=en&rclk=1,-8.7487786,116.5470588,biasa,103.0,spacious beach 2,sunrise 2,beach beauty 2,seating 2,view 3,,,,,,
Pantai Gudang Arang,Gorontalo,4.0,https://www.google.com/maps/place/Pantai+Gudang+Arang/data=!4m7!3m6!1s0x32794fbd54b7226f:0x3314df42a9adf098!8m2!3d0.859185!4d122.9184357!16s%2Fg%2F11t4zw9mzw!19sChIJbyK3VL1PeTIRmPCtqULfFDM?authuser=0&hl=en&rclk=1,0.859185,122.9184357,biasa,5.0,Mutiara Imelia Mahmud  reviews,ririn paramata  reviews ·  photos,Hajir S lajuda  photo,,,,,,,,
Pantai Marina,Banten,4.0,https://www.google.com/maps/place/Pantai+Marina/data=!4m7!3m6!1s0x2e4180c0f2619feb:0x47592da78f6ec63e!8m2!3d-6.1438889!4d105.8561111!16s%2Fg%2F1234bmns!19sChIJ659h8sCAQS4RPsZuj6ctWUc?authuser=0&hl=en&rclk=1,-6.1438889,105.8561111,biasa,16509.0,dusk,deer,fishing,beach cleanliness,jetski,,,,,,
Teluk Lombok,Kalimantan Timur,4.0,https://www.google.com/maps/place/Teluk+Lombok/data=!4m7!3m6!1s0x320a47840ccd6fc5:0xce3c568662f4b259!8m2!3d0.3702549!4d117.5569138!16s%2Fg%2F11b6mcvh5v!19sChIJxW_NDIRHCjIRWbL0YoZWPM4?authuser=0&hl=en&rclk=1,0.3702549,117.5569138,biasa,183.0,banana boat,recreation,peaceful place,tour,clean beach,,,,,,
Pantai Kenyamukan,Kalimantan Timur,4.0,https://www.google.com/maps/place/Pantai+Kenyamukan/data=!4m7!3m6!1s0x320a4bb6d1bed27d:0x4392512c524a0d23!8m2!3d0.4873119!4d117.6052378!16s%2Fg%2F11bw4tl5zd!19sChIJfdK-0bZLCjIRIw1KUixRkkM?authuser=0&hl=en&rclk=1,0.4873119,117.6052378,biasa,920.0,dock,fisherman,kenyamukan beach,wooden pier,close to the city,,,,,,
Pantai Bosur,Sumatera Utara,4.0,https://www.google.com/maps/place/Pantai+Bosur/data=!4m7!3m6!1s0x302ef2b7c9defce7:0x6128a93e0ad6992!8m2!3d1.674246!4d98.8275626!16s%2Fg%2F11b7c689p2!19sChIJ5_zeybfyLjARkmmt4JOKEgY?authuser=0&hl=en&rclk=1,1.674246,98.8275626,biasa,1688.0,Pantai Bosur,beautiful pandan beach,leisure,society,boat ride,,,,,,
Wisata Karang Putih,Gorontalo,4.0,https://www.google.com/maps/place/Wisata+Karang+Putih/data=!4m7!3m6!1s0x3278d71f040cdc4f:0xd86d9112624d53f5!8m2!3d0.4896953!4d122.909912!16s%2Fg%2F11f5q7vpm_!19sChIJT9wMBB_XeDIR9VNNYhKRbdg?authuser=0&hl=en&rclk=1,0.4896953,122.909912,biasa,51.0,attractions,aisyah mila  reviews,Yongki Napu  reviews,,,,,,,,
Pantai Pasir Putih Desa Waprea,Pulau Buru,4.0,https://www.google.com/maps/place/Pantai+Pasir+Putih+Desa+Waprea/data=!4m7!3m6!1s0x2d722bee99556c9b:0x80f101d241df4fab!8m2!3d-3.0638752!4d126.6866744!16s%2Fg%2F11l68yzg5y!19sChIJm2xVme4rci0Rq0_fQdIB8YA?authuser=0&hl=en&rclk=1,-3.0638752,126.6866744,biasa,3.0,,,,,,,,,,,
Lestari Buru Permai,Pulau Buru,4.0,https://www.google.com/maps/place/Lestari+Buru+Permai/data=!4m7!3m6!1s0x2d73d56d32302f71:0x202b22c4c101f98b!8m2!3d-3.0719856!4d126.5844442!16s%2Fg%2F11f62t2cc_!19sChIJcS8wMm3Vcy0Ri_kBwcQiKyA?authuser=0&hl=en&rclk=1,-3.0719856,126.5844442,biasa,10.0,Rudy Ama 1 review,seagate jones 1 review,Dwy Prayitno 1 review,Andi Fattah Wahid 1 review · 3 photos,,,,,,,
Pantai Sukaraja Lampung,Lampung,4.0,https://www.google.com/maps/place/Pantai+Sukaraja+Lampung/data=!4m7!3m6!1s0x2e40db6fafb55ec7:0xbd315abde9d3c011!8m2!3d-5.4450725!4d105.2898654!16s%2Fg%2F11v5qk_47w!19sChIJx161r2_bQC4REcDT6b1aMb0?authuser=0&hl=en&rclk=1,-5.4450725,105.2898654,biasa,65.0,cleanliness,sea,smell,,,,,,,,
Pasir Panjang Beach,Kepulauan Riau,4.0,https://www.google.com/maps/place/Pasir+Panjang+Beach/data=!4m7!3m6!1s0x31dbd7c8b20aa5f3:0xf32ed897d7585474!8m2!3d1.1880556!4d104.4366667!16s%2Fg%2F11fxc108dk!19sChIJ86UKssjX2zERdFRY15fYLvM?authuser=0&hl=en&rclk=1,1.1880556,104.4366667,biasa,339.0,beach,food stalls,sunset view,prayer room,clean beach,,,,,,
Pantai Amal,Kalimantan Utara,4.0,https://www.google.com/maps/place/Pantai+Amal/data=!4m7!3m6!1s0x321389ee484363f7:0x3a47a664e41a34b3!8m2!3d3.3053784!4d117.6568228!16s%2Fg%2F11bzzxps9b!19sChIJ92NDSO6JEzIRszQa5GSmRzo?authuser=0&hl=en&rclk=1,3.3053784,117.6568228,biasa,378.0,seaweed farmers,recreation,scenery,cool spot,beach atmosphere,,,,,,
Pantai Wisata Ngebum,Jawa Tengah,4.0,https://www.google.com/maps/place/Pantai+Wisata+Ngebum/data=!4m7!3m6!1s0x2e705f122b8b85c5:0xe1912a658c118ddf!8m2!3d-6.9269015!4d110.3012622!16s%2Fg%2F11bwyrzk0f!19sChIJxYWLKxJfcC4R340RjGUqkeE?authuser=0&hl=en&rclk=1,-6.9269015,110.3012622,biasa,1976.0,oyster,grilled oysters,gazebo,ngebum beach,float rental,,,,,,
Baruna Beach,Jawa Tengah,4.0,https://www.google.com/maps/place/Baruna+Beach/data=!4m7!3m6!1s0x2e70f4ee9d4e8aa3:0x61019e1e9b838262!8m2!3d-6.9452716!4d110.3998733!16s%2Fg%2F11c4bdfh4m!19sChIJo4pOne70cC4RYoKDmx6eAWE?authuser=0&hl=en&rclk=1,-6.9452716,110.3998733,biasa,557.0,cogon grass,photo spot,scenery,prewedding photo spot,hidden beach,,,,,,
Pantai family m.padi,Kalimantan Utara,4.0,https://www.google.com/maps/place/Pantai+family+m.padi/data=!4m7!3m6!1s0x3212598fc8137651:0x400859ff06bbb5b7!8m2!3d2.5865418!4d117.8399566!16s%2Fg%2F11p604jdkw!19sChIJUXYTyI9ZEjIRt7W7Bv9ZCEA?authuser=0&hl=en&rclk=1,2.5865418,117.8399566,biasa,4.0,leonardo priyo kuncoro  reviews ·  photos,Jesly Juand  review ·  photo,Ramdan Gz  reviews ·  photos,Maulana Lana  review ·  photos,,,,,,,
Pantai Tanjung,Kepulauan Riau,4.0,https://www.google.com/maps/place/Pantai+Tanjung/data=!4m7!3m6!1s0x31d98b078ca68209:0x40ea5ff1137697ae!8m2!3d1.1488338!4d103.9927374!16s%2Fg%2F11yrhf3tp0!19sChIJCYKmjAeL2TERrpd2E_Ff6kA?authuser=0&hl=en&rclk=1,1.1488338,103.9927374,biasa,2478.0,Tanjung Lesung Beach,banana boat,coral reef,white sand,photo spots,,,,,,
Jualan kelontong,Aceh,4.0,https://www.google.com/maps/place/Jualan+kelontong/data=!4m7!3m6!1s0x30479d223e1017f1:0x59ab794438f29a7a!8m2!3d5.2058616!4d97.1294993!16s%2Fm%2F0102ldzv!19sChIJ8RcQPiKdRzARepryOER5q1k?authuser=0&hl=en&rclk=1,5.2058616,97.1294993,biasa,251.0,Best entertainment in Lhokseumawe. My family love the rujak,I confused with name ujung blang every side lol,"Nice place for rilex ,but the beach is dirty with garbage","Never forgotten, the beautiful place ever 1990",Good for hang out,rujak,rujak,relaxing place,food,weekend,cleanliness
Pantai Ulee Rubek. (Seunuddon),Aceh,4.0,https://www.google.com/maps/place/Pantai+Ulee+Rubek.+%28Seunuddon%29/data=!4m7!3m6!1s0x304792d81fb94af3:0xe83d9bf18d5be6e7!8m2!3d5.2229832!4d97.4271768!16s%2Fg%2F11cly88_tn!19sChIJ80q5H9iSRzAR5-ZbjfGbPeg?authuser=0&hl=en&rclk=1,5.2229832,97.4271768,biasa,207.0,That is a one of good destination if you wanne get refresh,Best beach in north Aceh,Best place in north aceh,YouTube Channel subscribe,,beach,beach,cleanliness of the beach,cafe,sunset,wide beach
PANTAI WAISULA INDAH,Pulau Buru,4.0,https://www.google.com/maps/place/PANTAI+WAISULA+INDAH/data=!4m7!3m6!1s0x2d73db000f07855f:0x37b91b0a2f3680f8!8m2!3d-3.0838566!4d126.4335411!16s%2Fg%2F11w9pzfhz3!19sChIJX4UHDwDbcy0R-IA2LwobuTc?authuser=0&hl=en&rclk=1,-3.0838566,126.4335411,biasa,4.0,,,,,,,,,,,
Pantai indah,Papua Barat Daya,4.0,https://www.google.com/maps/place/Pantai+indah/data=!4m7!3m6!1s0x2d5ead007fa15475:0x7604e3e6823a5129!8m2!3d-0.8287026!4d131.2282934!16s%2Fg%2F11vz4d6wg3!19sChIJdVShfwCtXi0RKVE6gubjBHY?authuser=0&hl=en&rclk=1,-0.8287026,131.2282934,biasa,2.0,,,,,,,,,,,
Pantai Pasir Putih Lampung,Lampung,4.0,https://www.google.com/maps/place/Pantai+Pasir+Putih+Lampung/data=!4m7!3m6!1s0x2e412081f4c1b837:0x97906b5e2f3ad7d1!8m2!3d-5.5302939!4d105.3575563!16s%2Fg%2F11b7q7dz9p!19sChIJN7jB9IEgQS4R0dc6L15rkJc?authuser=0&hl=en&rclk=1,-5.5302939,105.3575563,biasa,2367.0,tourism object,mutun beach,white sand,condong island,gentle beach,,,,,,
Pantai Bogak Indah,Sumatera Utara,4.0,https://www.google.com/maps/place/Pantai+Bogak+Indah/data=!4m7!3m6!1s0x303157bd93ded1cf:0x85505399512983ca!8m2!3d3.5565479!4d99.1605045!16s%2Fg%2F11c6zx9dkk!19sChIJz9Hek71XMTARyoMpUZlTUIU?authuser=0&hl=en&rclk=1,3.5565479,99.1605045,biasa,51.0,,,,,,,,,,,
Pantai Bunga Laut,Sumatera Utara,4.0,https://www.google.com/maps/place/Pantai+Bunga+Laut/data=!4m7!3m6!1s0x3033b84756207bf1:0xc0351591c5e1d145!8m2!3d3.2329236!4d99.5733555!16s%2Fg%2F11d_9lrtv8!19sChIJ8XsgVke4MzARRdHhxZEVNcA?authuser=0&hl=en&rclk=1,3.2329236,99.5733555,biasa,189.0,muddy beach,flower beach,prayer room,hut rental,entrance fee,,,,,,
Pantai Batauga,Sulawesi Tenggara,4.0,https://www.google.com/maps/place/Pantai+Batauga/data=!4m7!3m6!1s0x2da46ec60a5d5717:0x68b32849842d6d44!8m2!3d-5.6113195!4d122.599571!16s%2Fg%2F11g888_sqw!19sChIJF1ddCsZupC0RRG0thEkos2g?authuser=0&hl=en&rclk=1,-5.6113195,122.599571,biasa,59.0,Suri Yana 2 reviews · 3 photos,Asmin Hamid 1 review · 4 photos,Andi Nurlisa 2 reviews · 3 photos,Laode Musrafil 1 review · 3 photos,,,,,,,
Pantai Teluk Lombok,Kalimantan Timur,4.0,https://www.google.com/maps/place/Pantai+Teluk+Lombok/data=!4m7!3m6!1s0x320a47ed72b292ab:0x1e8ace103ee51acb!8m2!3d0.3840197!4d117.5627835!16s%2Fg%2F11b6wng70l!19sChIJq5Kycu1HCjIRyxrlPhDOih4?authuser=0&hl=en&rclk=1,0.3840197,117.5627835,biasa,448.0,banana boat,crocodiles,wide beach,scenery,public beach,,,,,,
Wisata Pantai Gedo,Papua Tengah,3.9,https://www.google.com/maps/place/Wisata+Pantai+Gedo/data=!4m7!3m6!1s0x681fa6c6e2494ef9:0x4ffd8040ce323431!8m2!3d-3.3094124!4d135.54655!16s%2Fg%2F11cscc3k0p!19sChIJ-U5J4samH2gRMTQyzkCA_U8?authuser=0&hl=en&rclk=1,-3.3094124,135.54655,biasa,163.0,wide 4,view 2,attractions 7,cleanliness 3,vacation 4,,,,,,
Pantai Cibugel,Jawa Barat,3.9,https://www.google.com/maps/place/Pantai+Cibugel/data=!4m7!3m6!1s0x2e694d1c57dcd981:0x8710fb07a386c185!8m2!3d-6.2960385!4d108.0154531!16s%2Fg%2F11cnc5lm58!19sChIJgdncVxxNaS4RhcGGowf7EIc?authuser=0&hl=en&rclk=1,-6.2960385,108.0154531,biasa,77.0,fishing,seafood,sea view,attractions,beach,,,,,,
pantai ippi,Nusa Tenggara Timur,3.9,https://www.google.com/maps/place/pantai+ippi/data=!4m7!3m6!1s0x2dad592955637a8f:0xa710be72c557a531!8m2!3d-8.8388876!4d121.6795145!16s%2Fg%2F11fy9zdg4w!19sChIJj3pjVSlZrS0RMaVXxXK-EKc?authuser=0&hl=en&rclk=1,-8.8388876,121.6795145,biasa,21.0,Holil Sqwerpentz 1 review · 14 photos,charben 073 Local Guide · 44 reviews · 14 photos,Asrat Zainab 1 review,,,,,,,,
WISATA PANTAI & CAMPING GROUND MANDALA,Sumatera Selatan,3.9,https://www.google.com/maps/place/WISATA+PANTAI+%26+CAMPING+GROUND+MANDALA/data=!4m7!3m6!1s0x2e3b71bebb70f5dd:0x64f8edc0f71f310e!8m2!3d-2.8674074!4d104.7833507!16s%2Fg%2F11v078sw84!19sChIJ3fVwu75xOy4RDjEf98Dt-GQ?authuser=0&hl=en&rclk=1,-2.8674074,104.7833507,biasa,7.0,,,,,,,,,,,
Pantai Bawah Layung,Kalimantan Selatan,3.9,https://www.google.com/maps/place/Pantai+Bawah+Layung/data=!4m7!3m6!1s0x2de693620ca4d0d7:0xec06e23e10243d95!8m2!3d-3.6763149!4d114.6197052!16s%2Fg%2F11hbpkb5k3!19sChIJ19CkDGKT5i0RlT0kED7iBuw?authuser=0&hl=en&rclk=1,-3.6763149,114.6197052,biasa,30.0,natural beach,scenery,Pasya Ramadhani  reviews ·  photos,Akbar Boy  reviews ·  photos,Muhammad Birin  review ·  photos,,,,,,
Pantai Madani Tanjung Batu,Kalimantan Selatan,3.9,https://www.google.com/maps/place/Pantai+Madani+Tanjung+Batu/data=!4m7!3m6!1s0x2de8a27ba11d375b:0x70aae2d0098f778b!8m2!3d-3.6583819!4d115.7972231!16s%2Fg%2F11fxz_nkpl!19sChIJWzcdoXui6C0Ri3ePCdDiqnA?authuser=0&hl=en&rclk=1,-3.6583819,115.7972231,biasa,122.0,melasti,wide,free entry,beach tourism area,view,,,,,,
Pantai Dangas Patam Lestari,Riau,3.9,https://www.google.com/maps/place/Pantai+Dangas+Patam+Lestari/data=!4m7!3m6!1s0x31d98ae2d799364f:0x8e493e8d94ea28b0!8m2!3d1.1401885!4d103.9497084!16s%2Fg%2F11clwlrkdf!19sChIJTzaZ1-KK2TERsCjqlI0-SY4?authuser=0&hl=en&rclk=1,1.1401885,103.9497084,biasa,893.0,ship,coral beach,banana boat,gentle sand,shady beach,,,,,,
Pantai Dewi Mandapa Pesawaran,Lampung,3.9,https://www.google.com/maps/place/Pantai+Dewi+Mandapa+Pesawaran/data=!4m7!3m6!1s0x2e41264ae8444d97:0x55ccbc7624ce3fa4!8m2!3d-5.5723783!4d105.2436664!16s%2Fg%2F11cmy3dtm1!19sChIJl01E6EomQS4RpD_OJHa8zFU?authuser=0&hl=en&rclk=1,-5.5723783,105.2436664,biasa,562.0,bridge,mangrove,asri atmosphere,photo spots,sandbar,,,,,,
Pantai Sedau,Kalimantan Barat,3.9,https://www.google.com/maps/place/Pantai+Sedau/data=!4m7!3m6!1s0x31e374a7ff26d9cf:0x815306742c106f19!8m2!3d0.8661203!4d108.9022858!16s%2Fg%2F12vt18cmb!19sChIJz9km_6d04zERGW8QLHQGU4E?authuser=0&hl=en&rclk=1,0.8661203,108.9022858,biasa,57.0,free entry,family tourism,cost,tour,public facilities,,,,,,
Pantai Zore,Kepulauan Riau,3.9,https://www.google.com/maps/place/Pantai+Zore/data=!4m7!3m6!1s0x31d99743e76e2e8d:0x6dd977e31c0ac183!8m2!3d0.9375367!4d104.0832067!16s%2Fg%2F11f29_q875!19sChIJjS5u50OX2TERg8EKHON32W0?authuser=0&hl=en&rclk=1,0.9375367,104.0832067,biasa,73.0,dragon fruit,cleanliness,,,,,,,,,
Pantai Kijing,Kalimantan Barat,3.9,https://www.google.com/maps/place/Pantai+Kijing/data=!4m7!3m6!1s0x31e2fc1c99499d3d:0x118e5872fef79dd!8m2!3d0.5067192!4d108.9089017!16s%2Fg%2F11bc78k8hg!19sChIJPZ1JmRz84jER3XnvL4flGAE?authuser=0&hl=en&rclk=1,0.5067192,108.9089017,biasa,339.0,Pantai Kijing,coconut,port,port construction,comfortable atmosphere,,,,,,
Pantai Baru,Lampung,3.9,https://www.google.com/maps/place/Pantai+Baru/data=!4m7!3m6!1s0x2e4056780e42f4dd:0x9d0fd3597d6b7e8f!8m2!3d-5.4327585!4d105.8188463!16s%2Fg%2F11b776h6cl!19sChIJ3fRCDnhWQC4Rj35rfVnTD50?authuser=0&hl=en&rclk=1,-5.4327585,105.8188463,biasa,8848.0,ATV,wave,area,shady,black sand beach,,,,,,
Pantai Pasifik Toba,Sumatera Utara,3.9,https://www.google.com/maps/place/Pantai+Pasifik+Toba/data=!4m7!3m6!1s0x3031fe2eb1969ee1:0x8f0642dc43ff6679!8m2!3d2.4344682!4d99.1392799!16s%2Fg%2F11c0r5g551!19sChIJ4Z6WsS7-MTAReWb_Q9xCBo8?authuser=0&hl=en&rclk=1,2.4344682,99.1392799,biasa,76.0,tourist destination,facilities,,,,,,,,,
Tanjung Apek Beach,Sumatera Utara,3.9,https://www.google.com/maps/place/Tanjung+Apek+Beach/data=!4m7!3m6!1s0x303711c21786c867:0xf36bb44de527579e!8m2!3d4.1751709!4d98.244395!16s%2Fg%2F11gb3tmjqc!19sChIJZ8iGF8IRNzARnlcn5U20a_M?authuser=0&hl=en&rclk=1,4.1751709,98.244395,biasa,67.0,scenery,open sea view,relaxing,sand,,,,,,,
PANTAI BAGAN KUALA,Sumatera Utara,3.9,https://www.google.com/maps/place/PANTAI+BAGAN+KUALA/data=!4m7!3m6!1s0x3033e31df2431dcd:0x551c436435d01c65!8m2!3d3.5091824!4d99.23543!16s%2Fg%2F11c4p952rj!19sChIJzR1D8h3jMzARZRzQNWRDHFU?authuser=0&hl=en&rclk=1,3.5091824,99.23543,biasa,122.0,beautiful view,coffee,village,sand,,,,,,,
Fatmite Beach,Pulau Buru,3.9,https://www.google.com/maps/place/Fatmite+Beach/data=!4m7!3m6!1s0x2d72dc13d7064063:0x976ef7a1bafada88!8m2!3d-3.8488227!4d126.7120808!16s%2Fg%2F11f400ljdj!19sChIJY0AG1xPcci0RiNr6uqH3bpc?authuser=0&hl=en&rclk=1,-3.8488227,126.7120808,biasa,54.0,Titawael Kaedar 1 review,adhyt p'unk 1 review,ASBAN drow 1 review · 4 photos,,,,,,,,
Pantai Kampung Kuala,Aceh,3.9,https://www.google.com/maps/place/Pantai+Kampung+Kuala/data=!4m7!3m6!1s0x3037f93d45993845:0x7a02fdac28d6de21!8m2!3d4.910598!4d97.8402646!16s%2Fg%2F11cnx68q_d!19sChIJRTiZRT35NzARId7WKKz9Ano?authuser=0&hl=en&rclk=1,4.910598,97.8402646,biasa,45.0,clean beach,,,,,,,,,,
Putra Deli Beach,Sumatera Utara,3.9,https://www.google.com/maps/place/Putra+Deli+Beach/data=!4m7!3m6!1s0x30314b526b3c3a1d:0x494b692b4efeeae5!8m2!3d3.6792145!4d98.9163749!16s%2Fg%2F11rjv4dkvk!19sChIJHTo8a1JLMTAR5er-TitpS0k?authuser=0&hl=en&rclk=1,3.6792145,98.9163749,biasa,165.0,prayer room,muddy beach,beach cleanliness,vendors,family tourism,,,,,,
Pantai Batam Desa Mataiwoi Kec Molawe Kab Konawe Utara,Sulawesi Tenggara,3.9,https://www.google.com/maps/place/Pantai+Batam+Desa+Mataiwoi+Kec+Molawe+Kab+Konawe+Utara/data=!4m7!3m6!1s0x2d99ae59603ff565:0x89f6237df5e71569!8m2!3d-3.6301549!4d122.2144209!16s%2Fg%2F11fy_d36j9!19sChIJZfU_YFmumS0RaRXn9X0j9ok?authuser=0&hl=en&rclk=1,-3.6301549,122.2144209,biasa,29.0,QAComplianceAuditor 58 reviews · 62 photos,Vidha Tonde 4 reviews · 3 photos,Mhd. Senal Anak perantau 3 reviews · 2 photos,Tahan 15 photos,hardiman arif 3 reviews,,,,,,
kuala idi,Aceh,3.9,https://www.google.com/maps/place/kuala+idi/data=!4m7!3m6!1s0x303801a555555555:0xd3a420e8f4c89257!8m2!3d4.9590829!4d97.7794375!16s%2Fg%2F11cmrts3f9!19sChIJVVVVVaUBODARV5LI9OggpNM?authuser=0&hl=en&rclk=1,4.9590829,97.7794375,biasa,0.0,,,,,,,,,,,
Pantai Labombo,Sulawesi Selatan,3.9,https://www.google.com/maps/place/Pantai+Labombo/data=!4m7!3m6!1s0x2d915ee5747c1c93:0xb82fa7b4a73b2bdb!8m2!3d-3.0014498!4d120.2154088!16s%2Fg%2F11b7gt0llq!19sChIJkxx8dOVekS0R2ys7p7SnL7g?authuser=0&hl=en&rclk=1,-3.0014498,120.2154088,biasa,655.0,beach,beach cleanliness,sea view,photo spots,white sand,,,,,,
Pantai Rebo,Bangka Belitung,3.9,https://www.google.com/maps/place/Pantai+Rebo/data=!4m7!3m6!1s0x2e2292bb2bdcd189:0x4396d67f73eee9bc!8m2!3d-1.9191907!4d106.1730589!16s%2Fg%2F11b6s66c1z!19sChIJidHcK7uSIi4RvOnuc3_WlkM?authuser=0&hl=en&rclk=1,-1.9191907,106.1730589,biasa,220.0,fisherman,mining area,fishing port,fresh fish,morning,,,,,,
Pantai Marurinding,Sulawesi Barat,3.9,https://www.google.com/maps/place/Pantai+Marurinding/data=!4m7!3m6!1s0x2d933bcce353fe2d:0xe6b5215b35a5d935!8m2!3d-2.8913919!4d118.8861901!16s%2Fg%2F11jft7pxh1!19sChIJLf5T48w7ky0RNdmlNVshteY?authuser=0&hl=en&rclk=1,-2.8913919,118.8861901,biasa,19.0,beach,Muh Taufan  reviews ·  photos,Tasri Muhammad  review ·  photos,Muh Galib  reviews ·  photo,Rusdi Ansyah  review,,,,,,
Pantai Bedeng Buaran Asem Tj Kait.,Banten,3.9,https://www.google.com/maps/place/Pantai+Bedeng+Buaran+Asem+Tj+Kait./data=!4m7!3m6!1s0x2e6a0782b1aa94ff:0x9c07a740b0741d31!8m2!3d-6.021194!4d106.5460763!16s%2Fg%2F11gb3rkcyq!19sChIJ_5SqsYIHai4RMR10sECnB5w?authuser=0&hl=en&rclk=1,-6.021194,106.5460763,biasa,0.0,,,,,,,,,,,
Pantai Tirang,Jawa Tengah,3.9,https://www.google.com/maps/place/Pantai+Tirang/data=!4m7!3m6!1s0x2e70f51438f917eb:0x700025efbbefcd30!8m2!3d-6.9545274!4d110.3589709!16s%2Fg%2F11b7lc8yh2!19sChIJ6xf5OBT1cC4RMM3vu-8lAHA?authuser=0&hl=en&rclk=1,-6.9545274,110.3589709,biasa,1957.0,Pantai Tirang,gazebo,access road to the beach,gazebo rental,airplane view,,,,,,
Pantai Kuri Indah,Sulawesi Selatan,3.9,https://www.google.com/maps/place/Pantai+Kuri+Indah/data=!4m7!3m6!1s0x2dbefbfbc172b97d:0x5ec3610e1421b2c5!8m2!3d-5.0307002!4d119.4669631!16s%2Fg%2F11c3k56vqg!19sChIJfblywfv7vi0RxbIhFA5hw14?authuser=0&hl=en&rclk=1,-5.0307002,119.4669631,biasa,81.0,camping,sunset,tourism potential,long,attractions,,,,,,
pantai tirtayasa,Lampung,3.9,https://www.google.com/maps/place/pantai+tirtayasa/data=!4m7!3m6!1s0x2e40d9b2249b18d1:0xfe4752b23e502313!8m2!3d-5.4842046!4d105.2527274!16s%2Fg%2F11bx1ykgxl!19sChIJ0RibJLLZQC4REyNQPrJSR_4?authuser=0&hl=en&rclk=1,-5.4842046,105.2527274,biasa,275.0,cozy beach,entrance fee,clean sand,bathe,cost,,,,,,
Pantai Sebalang,Lampung,3.9,https://www.google.com/maps/place/Pantai+Sebalang/data=!4m7!3m6!1s0x2e4121b4223923c3:0x10f69adb76696ee!8m2!3d-5.569988!4d105.3773484!16s%2Fg%2F11bycj4km_!19sChIJwyM5IrQhQS4R7pZmt61pDwE?authuser=0&hl=en&rclk=1,-5.569988,105.3773484,biasa,1683.0,beach,sunset,beach cleanliness,sebalang beach,bean bag rental,,,,,,
Pantai Pajala,Sulawesi Tenggara,3.9,https://www.google.com/maps/place/Pantai+Pajala/data=!4m7!3m6!1s0x2da3003c75741733:0x7ea3ac02a0e3bfa0!8m2!3d-4.8586091!4d122.3278274!16s%2Fg%2F11c75vqwmd!19sChIJMxd0dTwAoy0RoL_joAKso34?authuser=0&hl=en&rclk=1,-4.8586091,122.3278274,biasa,88.0,scenery 2,tourist attraction 7,facilities 2,M Safrudin 194 reviews · 343 photos,lukman hakim 2 reviews · 9 photos,,,,,,
Pantai Saliper Ate,Nusa Tenggara Barat,3.9,https://www.google.com/maps/place/Pantai+Saliper+Ate/data=!4m7!3m6!1s0x2dcbed3d758a950d:0x6ce4a2eabc599c33!8m2!3d-8.4724585!4d117.3939673!16s%2Fg%2F11b7rtp_55!19sChIJDZWKdT3tyy0RM5xZvOqi5Gw?authuser=0&hl=en&rclk=1,-8.4724585,117.3939673,biasa,343.0,scenery 3,gazebo 3,fishing spot 2,sea view 2,grilled fish 2,,,,,,
Pantai Muara Tanjung,Aceh,3.9,https://www.google.com/maps/place/Pantai+Muara+Tanjung/data=!4m7!3m6!1s0x3037906285658f6b:0xb9188851eedca4fa!8m2!3d4.5304422!4d98.0022486!16s%2Fg%2F11hbql6krw!19sChIJa49lhWKQNzAR-qTc7lGIGLk?authuser=0&hl=en&rclk=1,4.5304422,98.0022486,biasa,16.0,mangrove trees,,,,,,,,,,
Pantai dewi,Sulawesi Tenggara,3.9,https://www.google.com/maps/place/Pantai+dewi/data=!4m7!3m6!1s0x2d98973eae52f35d:0x4bfa24b9f7a3ac48!8m2!3d-4.0822773!4d122.6612491!16s%2Fg%2F11ry9dzxv8!19sChIJXfNSrj6XmC0RSKyj97kk-ks?authuser=0&hl=en&rclk=1,-4.0822773,122.6612491,biasa,7.0,beach 3,Rudi udy 4 reviews · 8 photos,,,,,,,,,
Pantai Pede,Nusa Tenggara Timur,3.8,https://www.google.com/maps/place/Pantai+Pede/data=!4m7!3m6!1s0x2db4669eefe90fc3:0xe54044e25b328543!8m2!3d-8.5063218!4d119.8778447!16s%2Fg%2F11c3hw6y6t!19sChIJww_p755mtC0RQ4UyW-JEQOU?authuser=0&hl=en&rclk=1,-8.5063218,119.8778447,biasa,719.0,ships 10,sunset 28,white sand 3,local beach 2,hangout spot 3,,,,,,
Pantai Terusan,Sumatera Selatan,3.8,https://www.google.com/maps/place/Pantai+Terusan/data=!4m7!3m6!1s0x2e30ccc52967142b:0xc46a568dc8729706!8m2!3d-3.6349836!4d103.0476054!16s%2Fg%2F11gc9g8q7v!19sChIJKxRnKcXMMC4RBpdyyI1WasQ?authuser=0&hl=en&rclk=1,-3.6349836,103.0476054,biasa,126.0,river,birth,place to relax,relieve stress,,,,,,,
Pantai Dayang,Kalimantan Barat,3.8,https://www.google.com/maps/place/Pantai+Dayang/data=!4m7!3m6!1s0x31e30bdceb85e4f7:0xe58a01d8e23a567d!8m2!3d0.8350022!4d108.8989577!16s%2Fg%2F11q1jtz28s!19sChIJ9-SF69wL4zERfVY64tgBiuU?authuser=0&hl=en&rclk=1,0.8350022,108.8989577,biasa,24.0,pond,lazy river,changing room,safe,float rental,,,,,,
"Pantai Sinjiliang, Dampelas, Donggala Sulawesi Tengah",Sulawesi Tengah,3.8,"https://www.google.com/maps/place/Pantai+Sinjiliang,+Dampelas,+Donggala+Sulawesi+Tengah/data=!4m7!3m6!1s0x3275e960a9e8e245:0xc889a71dee7b7b9a!8m2!3d0.2109234!4d119.8868685!16s%2Fg%2F11gdy8kffh!19sChIJReLoqWDpdTIRmnt77h2nicg?authuser=0&hl=en&rclk=1",0.2109234,119.8868685,biasa,17.0,Nurhamzah   reviews ·  photos,Ahmad Beni  review,Adrian Aja  review,Siraj kelana  Local Guide ·  reviews ·  photos,Nhova Yanie  reviews,,,,,,
Pantai Marimbati,Maluku Utara,3.8,https://www.google.com/maps/place/Pantai+Marimbati/data=!4m7!3m6!1s0x329b4f1f00def083:0x674fa1bff3454452!8m2!3d1.1292891!4d127.4282674!16s%2Fg%2F11dd_qxpkh!19sChIJg_DeAB9PmzIRUkRF87-hT2c?authuser=0&hl=en&rclk=1,1.1292891,127.4282674,biasa,26.0,Jhonry Tadjibu 1 review · 1 photo,Iskandar Mr 1 review,,,,,,,,,
pantai langkowala,Sulawesi Tenggara,3.8,https://www.google.com/maps/place/pantai+langkowala/data=!4m7!3m6!1s0x2da2e878a2d81791:0xacd9e52e120238f3!8m2!3d-4.7186433!4d122.0313535!16s%2Fg%2F11fxzsc__j!19sChIJkRfYonjooi0R8zgCEi7l2aw?authuser=0&hl=en&rclk=1,-4.7186433,122.0313535,biasa,11.0,Murdianto Mokaleleo 1 review · 3 photos,Tiya 0223 3 photos,,,,,,,,,
Pantai Rum,Maluku Utara,3.8,https://www.google.com/maps/place/Pantai+Rum/data=!4m7!3m6!1s0x329cb60aef5b834b:0xb89de76710f76b46!8m2!3d0.7335806!4d127.3846963!16s%2Fg%2F11g8v24_j5!19sChIJS4Nb7wq2nDIRRmv3EGfnnbg?authuser=0&hl=en&rclk=1,0.7335806,127.3846963,biasa,32.0,view 2,Nursafitri Muksin.syindra 7 reviews · 2 photos,Mansur Ismail 6 reviews · 3 photos,,,,,,,,
Togeo Beach,Sulawesi Selatan,3.8,https://www.google.com/maps/place/Togeo+Beach/data=!4m7!3m6!1s0x2dbdd3a1b561d3f7:0x7310e05fa95de3f7!8m2!3d-4.9149736!4d120.3067262!16s%2Fg%2F11rsjghlfg!19sChIJ99NhtaHTvS0R9-NdqV_gEHM?authuser=0&hl=en&rclk=1,-4.9149736,120.3067262,biasa,134.0,photo spot,calm atmosphere,place for families,renovation,cleanliness,,,,,,
Wisata Pantai Pasir Putih Wawontulap,Sulawesi Utara,3.8,https://www.google.com/maps/place/Wisata+Pantai+Pasir+Putih+Wawontulap/data=!4m7!3m6!1s0x3287620e3e4a6b53:0x2bf40a64bfbb2441!8m2!3d1.3280275!4d124.5184083!16s%2Fg%2F11f15f8tjs!19sChIJU2tKPg5ihzIRQSS7v2QK9Cs?authuser=0&hl=en&rclk=1,1.3280275,124.5184083,biasa,8.0,Naftali Samuel Johannes  reviews ·  photo,,,,,,,,,,
Pantai Encing,Kalimantan Utara,3.8,https://www.google.com/maps/place/Pantai+Encing/data=!4m7!3m6!1s0x3215bb3e256eb0a1:0x6d84853e3c908c33!8m2!3d4.0928584!4d117.7144943!16s%2Fg%2F11c4js5npd!19sChIJobBuJT67FTIRM4yQPD6FhG0?authuser=0&hl=en&rclk=1,4.0928584,117.7144943,biasa,139.0,crocodile,comfortable,cleanliness,tourist attraction,recreation,,,,,,
Pantai Toola,Sulawesi Tenggara,3.8,https://www.google.com/maps/place/Pantai+Toola/data=!4m7!3m6!1s0x2d98f1c9abe6706d:0x6e715910c8ec52f2!8m2!3d-3.8898937!4d122.5170157!16s%2Fg%2F11fzb1rmm8!19sChIJbXDmq8nxmC0R8lLsyBBZcW4?authuser=0&hl=en&rclk=1,-3.8898937,122.5170157,biasa,25.0,scenery 2,Sitti Fatimah 1 review · 1 photo,Riana Jainudin 6 reviews,Jhez GERLIMIT 2 reviews · 2 photos,Qory Hamida 1 review,,,,,,
Pantai Sejarah Pantai Perupuk,Sumatera Utara,3.8,https://www.google.com/maps/place/Pantai+Sejarah+Pantai+Perupuk/data=!4m7!3m6!1s0x3033c76efa846e87:0x5a8951815a32f425!8m2!3d3.2660829!4d99.5305239!16s%2Fg%2F11g6wdfm80!19sChIJh26E-m7HMzARJfQyWoFRiVo?authuser=0&hl=en&rclk=1,3.2660829,99.5305239,biasa,321.0,mangroves,bridge,historical beach,photo spot,prayer room,,,,,,
Wisata Pantai Monyet Mangrove Putera Denai Pantai Muara Puntung,Sumatera Utara,3.8,https://www.google.com/maps/place/Wisata+Pantai+Monyet+Mangrove+Putera+Denai+Pantai+Muara+Puntung/data=!4m7!3m6!1s0x30314da59455fe41:0x23667183b5de806a!8m2!3d3.677931!4d98.9288364!16s%2Fg%2F11gj67h1kr!19sChIJQf5VlKVNMTARaoDetYNxZiM?authuser=0&hl=en&rclk=1,3.677931,98.9288364,biasa,139.0,monkeys,beach cleanliness,monkey attraction,comfortable atmosphere,wild monkeys,,,,,,
Pantai Ilodulunga,Gorontalo,3.8,https://www.google.com/maps/place/Pantai+Ilodulunga/data=!4m7!3m6!1s0x327947242583a65f:0x32deaa39f6b989b3!8m2!3d0.8188867!4d122.8307748!16s%2Fg%2F11svcdy2_v!19sChIJX6aDJSRHeTIRs4m59jmq3jI?authuser=0&hl=en&rclk=1,0.8188867,122.8307748,biasa,5.0,sikili irfan  reviews ·  photos,Iqbal Sutrisna  photos,Yanto Fishery  reviews ·  photos,Ari Anum  photo,,,,,,,
Pantai Duta Wisata,Lampung,3.8,https://www.google.com/maps/place/Pantai+Duta+Wisata/data=!4m7!3m6!1s0x2e40d9baefab01b1:0x67832ff31f1ea752!8m2!3d-5.4768533!4d105.2525653!16s%2Fg%2F11b6_y5jb_!19sChIJsQGr77rZQC4RUqceH_Mvg2c?authuser=0&hl=en&rclk=1,-5.4768533,105.2525653,biasa,766.0,gazebo,pantai duta wisata,spacious place,dirty beach,white sand,,,,,,
Pantai Kelapa,Kalimantan Utara,3.8,https://www.google.com/maps/place/Pantai+Kelapa/data=!4m7!3m6!1s0x3212590e780f1e4d:0x247adf312c52c206!8m2!3d2.5644258!4d117.8598127!16s%2Fg%2F11bzs2mv1j!19sChIJTR4PeA5ZEjIRBsJSLDHfeiQ?authuser=0&hl=en&rclk=1,2.5644258,117.8598127,biasa,31.0,,,,,,,,,,,
Pantai Pelehu,Gorontalo,3.8,https://www.google.com/maps/place/Pantai+Pelehu/data=!4m7!3m6!1s0x32791e2fee0964a9:0xff9762f31eca9a9c!8m2!3d0.5135993!4d122.6624229!16s%2Fg%2F11f1r0mhp1!19sChIJqWQJ7i8eeTIRnJrKHvNil_8?authuser=0&hl=en&rclk=1,0.5135993,122.6624229,biasa,43.0,cleanliness,view,Wandi Patalani  reviews ·  photo,Tanty Taliki  reviews ·  photos,Siti Nurhalimah  reviews ·  photos,,,,,,
Pantai Desa waimasing,Pulau Buru,3.8,https://www.google.com/maps/place/Pantai+Desa+waimasing/data=!4m7!3m6!1s0x2d7295b483f2cdb1:0xb11e874bb6d03539!8m2!3d-3.7179552!4d127.0068472!16s%2Fg%2F11l75f1_q9!19sChIJsc3yg7SVci0ROTXQtkuHHrE?authuser=0&hl=en&rclk=1,-3.7179552,127.0068472,biasa,6.0,Marwan Riau 1 review · 2 photos,Aminah Ami 1 review,Isra kola 7 photos,Randy Pelu 3 reviews · 2 photos,,,,,,,
Pantai Kuala Putri,Sumatera Utara,3.8,https://www.google.com/maps/place/Pantai+Kuala+Putri/data=!4m7!3m6!1s0x3031520eaffdef59:0xb8da6691f7e4a65!8m2!3d3.6316666!4d99.019068!16s%2Fg%2F11b6jghzt_!19sChIJWe_9rw5SMTARZUp-H2mmjQs?authuser=0&hl=en&rclk=1,3.6316666,99.019068,biasa,211.0,prayer room,renting a hut,not crowded atmosphere,white sand,karaoke,,,,,,
Pantai Dorpedu,Ternate,3.8,https://www.google.com/maps/place/Pantai+Dorpedu/data=!4m7!3m6!1s0x32834cb5978899d1:0xea89c9e1154d793d!8m2!3d0.7956514!4d127.2938469!16s%2Fg%2F11c6zvt3vl!19sChIJ0ZmIl7VMgzIRPXlNFeHJieo?authuser=0&hl=en&rclk=1,0.7956514,127.2938469,biasa,24.0,fahmy simin 8 reviews · 5 photos,,,,,,,,,,
Pantai Jambosag,Bangka Belitung,3.8,https://www.google.com/maps/place/Pantai+Jambosag/data=!4m7!3m6!1s0x2e22f54925bac04d:0xe66f8492b2664bfd!8m2!3d-1.7991286!4d106.1192159!16s%2Fg%2F11lgjrsx_h!19sChIJTcC6JUn1Ii4R_UtmspKEb-Y?authuser=0&hl=en&rclk=1,-1.7991286,106.1192159,biasa,180.0,entrance fee,large granite rocks,beach cleanliness,beach view,photo spots,,,,,,
PANTAI KETAPANG,Aceh,3.7,https://www.google.com/maps/place/PANTAI+KETAPANG/data=!4m7!3m6!1s0x3037a2c56ca5a657:0xaec57a0dc75cbc01!8m2!3d4.5049459!4d98.1648956!16s%2Fg%2F11gbxbp7km!19sChIJV6albMWiNzARAbxcxw16xa4?authuser=0&hl=en&rclk=1,4.5049459,98.1648956,biasa,199.0,coconut,beach,beach cleanliness,prayer room,soft sand,,,,,,
Pantai Sei Manurung,Kalimantan Utara,3.7,https://www.google.com/maps/place/Pantai+Sei+Manurung/data=!4m7!3m6!1s0x3215a7f1490fbe39:0x2c038a1012dc0b3f!8m2!3d4.0800005!4d117.92211!16s%2Fg%2F11hz8l459h!19sChIJOb4PSfGnFTIRPwvcEhCKAyw?authuser=0&hl=en&rclk=1,4.0800005,117.92211,biasa,3.0,Padlan Lan  reviews ·  photos,Auliya Janelin  photos,,,,,,,,,
Pantai Galuh Indah Permai,Sumatera Utara,3.7,https://www.google.com/maps/place/Pantai+Galuh+Indah+Permai/data=!4m7!3m6!1s0x3033b9c87dc57831:0xd5164a2799f90d14!8m2!3d3.2302992!4d99.6003332!16s%2Fg%2F11cn33w1t0!19sChIJMXjFfci5MzARFA35mSdKFtU?authuser=0&hl=en&rclk=1,3.2302992,99.6003332,biasa,29.0,beaches,,,,,,,,,,
Pantai muara Serdang,Sumatera Utara,3.7,https://www.google.com/maps/place/Pantai+muara+Serdang/data=!4m7!3m6!1s0x3036b55270dad821:0x84205ba9c75c16b8!8m2!3d3.7023527!4d98.8469043!16s%2Fg%2F11bxjnm2x5!19sChIJIdjacFK1NjARuBZcx6lbIIQ?authuser=0&hl=en&rclk=1,3.7023527,98.8469043,biasa,36.0,mangroves,,,,,,,,,,
Pantai kuburan tanjung kasuari,Papua Barat Daya,3.7,https://www.google.com/maps/place/Pantai+kuburan+tanjung+kasuari/data=!4m7!3m6!1s0x2d5ead000d2652d9:0x3604c7db7913a45f!8m2!3d-0.821165!4d131.2267374!16s%2Fg%2F11ytydlhrs!19sChIJ2VImDQCtXi0RX6QTedvHBDY?authuser=0&hl=en&rclk=1,-0.821165,131.2267374,biasa,3.0,,,,,,,,,,,
Pantai Pasir putih,Sulawesi Selatan,3.7,https://www.google.com/maps/place/Pantai+Pasir+putih/data=!4m7!3m6!1s0x2db931351b8df6e3:0x70cfdc7bc3f16c5f!8m2!3d-5.6823791!4d119.6535685!16s%2Fg%2F11rkdjdrzr!19sChIJ4_aNGzUxuS0RX2zxw3vcz3A?authuser=0&hl=en&rclk=1,-5.6823791,119.6535685,biasa,20.0,Sulham Jpt  review ·  photos,Muhammad Arlan  review,Isma Buton Galery  reviews ·  photos,Al Ghozan  review ·  photos,Fiko Rafzn  reviews,,,,,,
Wisata Pantai Nawaligh,Papua Selatan,3.7,https://www.google.com/maps/place/Wisata+Pantai+Nawaligh/data=!4m7!3m6!1s0x69b5154dfa510d77:0xf54a9adb250fa097!8m2!3d-8.5091737!4d140.3765114!16s%2Fg%2F11ptslq2gs!19sChIJdw1R-k0VtWkRl6APJduaSvU?authuser=0&hl=en&rclk=1,-8.5091737,140.3765114,biasa,7.0,Kadek Wahyu 7 reviews · 1 photo,Felomina Tupan 1 review,Emond Dei 2 reviews,,,,,,,,
Pantai Samberah,Kalimantan Timur,3.7,https://www.google.com/maps/place/Pantai+Samberah/data=!4m7!3m6!1s0x2df5e9b6db162705:0x9719e4f1c5d6236a!8m2!3d-0.2457751!4d117.4168184!16s%2Fg%2F11c5500z7d!19sChIJBScW27bp9S0RaiPWxfHkGZc?authuser=0&hl=en&rclk=1,-0.2457751,117.4168184,biasa,319.0,gazebo,tide,private beach,muddy beach,entrance fee,,,,,,
Pantai Talipo Somahode,Maluku Utara,3.7,https://www.google.com/maps/place/Pantai+Talipo+Somahode/data=!4m7!3m6!1s0x329cc7001d6959b1:0x3c7efb77a9a3897!8m2!3d0.7069671!4d127.5485981!16s%2Fg%2F11w8tv_vh4!19sChIJsVlpHQDHnDIRlziaerfvxwM?authuser=0&hl=en&rclk=1,0.7069671,127.5485981,biasa,3.0,Talipo 23 Local Guide · 4 reviews · 42 photos,,,,,,,,,,
Pantai Sarung Sakin,Sumatera Barat,3.7,https://www.google.com/maps/place/Pantai+Sarung+Sakin/data=!4m7!3m6!1s0x2fd4a7007f61a643:0x9e6cbf4bb6e760c1!8m2!3d-1.1793578!4d100.3968735!16s%2Fg%2F11jcl85c_7!19sChIJQ6ZhfwCn1C8RwWDntku_bJ4?authuser=0&hl=en&rclk=1,-1.1793578,100.3968735,biasa,30.0,quiet place,Maghrib,beautiful place,rent,comfortable,,,,,,
Pantai Batam Mataiwoi,Sulawesi Tenggara,3.7,https://www.google.com/maps/place/Pantai+Batam+Mataiwoi/data=!4m7!3m6!1s0x2d99ae4e365414d5:0x5f615ded1263f899!8m2!3d-3.6246754!4d122.2073992!16s%2Fg%2F11f1t8fhy4!19sChIJ1RRUNk6umS0RmfhjEu1dYV8?authuser=0&hl=en&rclk=1,-3.6246754,122.2073992,biasa,45.0,,,,,,,,,,,
pantai Bone-Bone,Sulawesi Tenggara,3.7,https://www.google.com/maps/place/pantai+Bone-Bone/data=!4m7!3m6!1s0x2da476d940000001:0x3586811330ca2a9d!8m2!3d-5.4652277!4d122.5867605!16s%2Fg%2F11gbfrsjx0!19sChIJAQAAQNl2pC0RnSrKMBOBhjU?authuser=0&hl=en&rclk=1,-5.4652277,122.5867605,biasa,42.0,Zinu La 7 reviews,safili fili 2 reviews,Alifar As 4 reviews · 11 photos,Fadly 17 (Fdy_ulumando) Local Guide · 17 reviews · 54 photos,Ryan Hidayat 1 review · 1 photo,,,,,,
pantai cinta alam,Papua Barat Daya,3.6,https://www.google.com/maps/place/pantai+cinta+alam/data=!4m7!3m6!1s0x2d5ead006b7f7f33:0x7c8cb8aadf3bc0a7!8m2!3d-0.8214547!4d131.2458371!16s%2Fg%2F11xlzt319l!19sChIJM39_awCtXi0Rp8A736q4jHw?authuser=0&hl=en&rclk=1,-0.8214547,131.2458371,biasa,7.0,roof 3,Askana Nahla 2 reviews · 1 photo,MhiaMhie 4 reviews,Naya Abil 1 review,nurhudayah rahman 1 review,,,,,,
Pantai Air Buaya,Pulau Buru,3.6,https://www.google.com/maps/place/Pantai+Air+Buaya/data=!4m7!3m6!1s0x2d73d0b657f17771:0xed9d7294186735ee!8m2!3d-3.0836511!4d126.4554333!16s%2Fg%2F11hbqlhl73!19sChIJcXfxV7bQcy0R7jVnGJRyne0?authuser=0&hl=en&rclk=1,-3.0836511,126.4554333,biasa,9.0,SOETHAR 486 Local Guide · 11 reviews · 173 photos,Putra Anchu 2 photos,,,,,,,,,
Pantai Stres,Kepulauan Riau,3.6,https://www.google.com/maps/place/Pantai+Stres/data=!4m7!3m6!1s0x31d98a22974805a9:0xbbabecaebc0e3626!8m2!3d1.1593888!4d103.9973423!16s%2Fg%2F1q5blmthl!19sChIJqQVIlyKK2TERJjYOvK7sq7s?authuser=0&hl=en&rclk=1,1.1593888,103.9973423,biasa,66.0,stress,beach,corporate,,,,,,,,
Pantai Sb Binjai,Sumatera Utara,3.6,https://www.google.com/maps/place/Pantai+Sb+Binjai/data=!4m7!3m6!1s0x3030d7d0dbb8deef:0x20a9c6b40768629e!8m2!3d3.5743922!4d98.4778418!16s%2Fg%2F11hbg9lzxr!19sChIJ796429DXMDARnmJoB7TGqSA?authuser=0&hl=en&rclk=1,3.5743922,98.4778418,biasa,176.0,river,tourism,,,,,,,,,
Pantai Maron,Jawa Tengah,3.6,https://www.google.com/maps/place/Pantai+Maron/data=!4m7!3m6!1s0x2e70f5142fbbe565:0x1edaedb42a0e63aa!8m2!3d-6.9545687!4d110.3600951!16s%2Fg%2F120z_28c!19sChIJZeW7LxT1cC4RqmMOKrTt2h4?authuser=0&hl=en&rclk=1,-6.9545687,110.3600951,biasa,242.0,Pantai Maron,airplane view,mangrove forest,black sand beach,tour,,,,,,
Pantai Barat,Sulawesi Barat,3.6,https://www.google.com/maps/place/Pantai+Barat/data=!4m7!3m6!1s0x2d8d0f5f4091adcb:0x23fedc2bdb2ba81!8m2!3d-1.7348897!4d119.3063937!16s%2Fg%2F11f2wpj8z9!19sChIJy62RQF8PjS0RgbqyvcLtPwI?authuser=0&hl=en&rclk=1,-1.7348897,119.3063937,biasa,28.0,Zaki Thai  review,kartini tiny  reviews,Ade Setiawan  review ·  photos,,,,,,,,
Pantai Sergang,Jambi,3.6,https://www.google.com/maps/place/Pantai+Sergang/data=!4m7!3m6!1s0x2e2588192d18e65d:0x610027ecd97750eb!8m2!3d-1.6133816!4d103.5495751!16s%2Fg%2F11d_8gq3lj!19sChIJXeYYLRmIJS4R61B32ewnAGE?authuser=0&hl=en&rclk=1,-1.6133816,103.5495751,biasa,256.0,prayer room,gentle beach,cool view,food stalls,tour,,,,,,
Pantai Irio,Papua Tengah,3.5,https://www.google.com/maps/place/Pantai+Irio/data=!4m7!3m6!1s0x681fa1a2f3819367:0x9755b67951b7ac61!8m2!3d-3.3256717!4d135.5343683!16s%2Fg%2F11sbdc9n9b!19sChIJZ5OB86KhH2gRYay3UXm2VZc?authuser=0&hl=en&rclk=1,-3.3256717,135.5343683,biasa,4.0,,,,,,,,,,,
Pantai Jono/Perjuangan,Sumatera Utara,3.5,https://www.google.com/maps/place/Pantai+Jono%2FPerjuangan/data=!4m7!3m6!1s0x3033e8331a3c2baf:0x7d57d21087b2c2a9!8m2!3d3.3853568!4d99.4097536!16s%2Fg%2F11bw65vps4!19sChIJrys8GjPoMzARqcKyhxDSV30?authuser=0&hl=en&rclk=1,3.3853568,99.4097536,biasa,459.0,tide,huts,cottage,clam,entrance fee,,,,,,
Pantai My Darling,Sumatera Utara,3.5,https://www.google.com/maps/place/Pantai+My+Darling/data=!4m7!3m6!1s0x30314cfc223abc01:0x78d5eaa91a761b06!8m2!3d3.6631603!4d98.9646848!16s%2Fg%2F11g8z51t04!19sChIJAbw6IvxMMTARBht2Gqnq1Xg?authuser=0&hl=en&rclk=1,3.6631603,98.9646848,biasa,46.0,,,,,,,,,,,
Pantai Tambu,Sulawesi Tengah,3.5,https://www.google.com/maps/place/Pantai+Tambu/data=!4m7!3m6!1s0x2d8a0be109c9b703:0x7a10bbb925032adb!8m2!3d-0.0397885!4d119.8735333!16s%2Fg%2F11bx5q2ymq!19sChIJA7fJCeELii0R2yoDJbm7EHo?authuser=0&hl=en&rclk=1,-0.0397885,119.8735333,biasa,6.0,sunset,Mukhlis Ridho  review ·  photos,,,,,,,,,
Pantai wailihang,Pulau Buru,3.5,https://www.google.com/maps/place/Pantai+wailihang/data=!4m7!3m6!1s0x2d7229005a66a15f:0xb8c26a751475e51!8m2!3d-3.0579375!4d126.7323174!16s%2Fg%2F11yx2h9qyy!19sChIJX6FmWgApci0RUV5HUacmjAs?authuser=0&hl=en&rclk=1,-3.0579375,126.7323174,biasa,4.0,Nadra Nadra 1 review · 6 photos,Dwi Asiyanto 4 reviews · 7 photos,,,,,,,,,
Pantai Buti,Papua Selatan,3.4,https://www.google.com/maps/place/Pantai+Buti/data=!4m7!3m6!1s0x69b515f5f88e59bd:0xc24d2918da931bfe!8m2!3d-8.5251817!4d140.3945383!16s%2Fg%2F11lm3_q264!19sChIJvVmO-PUVtWkR_huT2hgpTcI?authuser=0&hl=en&rclk=1,-8.5251817,140.3945383,biasa,9.0,Andreas Fick 4 reviews,Karlos Error 1 photo,Udhy Mix 8 reviews · 12 photos,BAMBANG WAHYUDI 1 review,,,,,,,
Pantai Kuta Limau Manis,Riau,3.4,https://www.google.com/maps/place/Pantai+Kuta+Limau+Manis/data=!4m7!3m6!1s0x31d5144d12ca94e7:0x5edb2cf8846e028b!8m2!3d0.3413567!4d101.0279545!16s%2Fg%2F11dy1pp0wm!19sChIJ55TKEk0U1TERiwJuhPgs214?authuser=0&hl=en&rclk=1,0.3413567,101.0279545,biasa,62.0,river,cleanliness,maps,point,,,,,,,
Pantai Desa Ahu,Sulawesi Barat,3.3,https://www.google.com/maps/place/Pantai+Desa+Ahu/data=!4m7!3m6!1s0x2d932c06f7fadaf5:0xdee26e4648e5edad!8m2!3d-2.7894475!4d118.7577331!16s%2Fg%2F11f1p0c_d4!19sChIJ9dr69wYsky0Rre3lSEZu4t4?authuser=0&hl=en&rclk=1,-2.7894475,118.7577331,biasa,6.0,Shugi yannur  review,Wawan wf  photos,,,,,,,,,
Wisata Pantai Galung,Sulawesi Barat,3.3,https://www.google.com/maps/place/Wisata+Pantai+Galung/data=!4m7!3m6!1s0x2d92c2654f5765f9:0x9969312faf9620ad!8m2!3d-2.5260244!4d119.033657!16s%2Fg%2F11f106g538!19sChIJ-WVXT2XCki0RrSCWry8xaZk?authuser=0&hl=en&rclk=1,-2.5260244,119.033657,biasa,14.0,Abdul Syukur  reviews,Fikram Fah  review,Irsan Iccang  photos,Fitriani Rasyid  review ·  photos,,,,,,,
Romance Bay Island,Sumatera Utara,3.3,https://www.google.com/maps/place/Romance+Bay+Island/data=!4m7!3m6!1s0x30314c945462ab35:0x2f887096d70644a!8m2!3d3.585653!4d99.0995017!16s%2Fg%2F11c1n81r_z!19sChIJNatiVJRMMTARSmRwbQmH-AI?authuser=0&hl=en&rclk=1,3.585653,99.0995017,biasa,159.0,romantic beach,mud,calm atmosphere,gate,property,,,,,,
Pantai Batang Tumbang,Kalimantan Barat,3.2,https://www.google.com/maps/place/Pantai+Batang+Tumbang/data=!4m7!3m6!1s0x31e4dd0027de53cb:0x31dffe61aee1ca31!8m2!3d1.6242613!4d109.2068817!16s%2Fg%2F11yqldy2qs!19sChIJy1PeJwDd5DERMcrhrmH-3zE?authuser=0&hl=en&rclk=1,1.6242613,109.2068817,biasa,5.0,Rifki Kamarul  reviews ·  photos,Sabila Mayesa  photo,Maulia Arsya Nandaaa  review ·  photos,,,,,,,,
Pantai Tubatub Tak,Papua Selatan,3.0,https://www.google.com/maps/place/Pantai+Tubatub+Tak/data=!4m7!3m6!1s0x69b5470051f165fb:0xce0c5287cc7399b2!8m2!3d-8.4148178!4d140.2680265!16s%2Fg%2F11ynjvyw5f!19sChIJ-2XxUQBHtWkRsplzzIdSDM4?authuser=0&hl=en&rclk=1,-8.4148178,140.2680265,biasa,2.0,,,,,,,,,,,
Pantai sehea,Pulau Buru,3.0,https://www.google.com/maps/place/Pantai+sehea/data=!4m7!3m6!1s0x2d72a5fe825a82ef:0x506a86e4ac8522bb!8m2!3d-3.8674375!4d127.1510625!16s%2Fg%2F11t_s43xj0!19sChIJ74Jagv6lci0RuyKFrOSGalA?authuser=0&hl=en&rclk=1,-3.8674375,127.1510625,biasa,0.0,,,,,,,,,,,
Pantai Losari Desa purun,Sumatera Selatan,3.0,https://www.google.com/maps/place/Pantai+Losari+Desa+purun/data=!4m7!3m6!1s0x2e3a47003400f717:0xe753badbf591be40!8m2!3d-3.248452!4d104.088517!16s%2Fg%2F11vr_3nz_d!19sChIJF_cANABHOi4RQL6R9du6U-c?authuser=0&hl=en&rclk=1,-3.248452,104.088517,biasa,1.0,,,,,,,,,,,
PANTAI EDOK,Papua Pegunungan,3.0,https://www.google.com/maps/place/PANTAI+EDOK/data=!4m7!3m6!1s0x683be7cb66602d7b:0xaf4df2edf8a05bec!8m2!3d-5.0552508!4d138.5787728!16s%2Fg%2F11l6zttm5v!19sChIJey1gZsvnO2gR7Fug-O3yTa8?authuser=0&hl=en&rclk=1,-5.0552508,138.5787728,biasa,2.0,Gerald samderubun Geri 1 review,,,,,,,,,,
Kampung/Batu Lubang Pantai,Papua Barat Daya,3.0,https://www.google.com/maps/place/Kampung%2FBatu+Lubang+Pantai/data=!4m7!3m6!1s0x2d594f006e06bdf7:0x68b3c76a2298d535!8m2!3d-0.7677734!4d131.4147734!16s%2Fg%2F11z7p91wkw!19sChIJ970GbgBPWS0RNdWYImrHs2g?authuser=0&hl=en&rclk=1,-0.7677734,131.4147734,biasa,0.0,,,,,,,,,,,
Pantai OKI Lama x,Pulau Buru,3.0,https://www.google.com/maps/place/Pantai+OKI+Lama+x/data=!4m7!3m6!1s0x2d72c3521e2bd651:0x7d1438b233a2b1f!8m2!3d-3.7865231!4d126.861116!16s%2Fg%2F11kk930v0j!19sChIJUdYrHlLDci0RHys6I4tD0Qc?authuser=0&hl=en&rclk=1,-3.7865231,126.861116,biasa,2.0,Nurdiansa rahman 1 photo,,,,,,,,,,
Tambang Tembaga Pulau Wetar,Pulau Wetar,2.9,https://www.google.com/maps/place/Tambang+Tembaga+Pulau+Wetar/data=!4m7!3m6!1s0x2d03958d67a53c45:0xfdd8542ee2b47a08!8m2!3d-7.7064127!4d126.326663!16s%2Fg%2F11dxl9lsxc!19sChIJRTylZ42VAy0RCHq04i5U2P0?authuser=0&hl=en&rclk=1,-7.7064127,126.326663,biasa,14.0,natural 2,Money 2,Jay Fajar 2 reviews,Mamah 3 reviews,Rolland Corputty 1 review · 9 photos,,,,,,
Pantai Waebia Bara,Pulau Buru,2.5,https://www.google.com/maps/place/Pantai+Waebia+Bara/data=!4m7!3m6!1s0x2d73e7000c3cfc83:0x53e5754a3a31a51f!8m2!3d-3.131347!4d126.2437047!16s%2Fg%2F11z16x2jsz!19sChIJg_w8DADncy0RH6UxOkp15VM?authuser=0&hl=en&rclk=1,-3.131347,126.2437047,biasa,2.0,,,,,,,,,,,
Pantai Daerah Yogyakarta,DI Yogyakarta,2.5,https://www.google.com/maps/place/Pantai+Daerah+Yogyakarta/data=!4m7!3m6!1s0x2e7a515555555555:0xd70548d49540f939!8m2!3d-7.8753849!4d110.4262088!16s%2Fg%2F11f121xgcl!19sChIJVVVVVVVRei4ROflAldRIBdc?authuser=0&hl=en&rclk=1,-7.8753849,110.4262088,biasa,67.0,cool beach,forest,hidden gem,person,gem,,,,,,
Pantai Kecamatan Air Buaya,Pulau Buru,2.0,https://www.google.com/maps/place/Pantai+Kecamatan+Air+Buaya/data=!4m7!3m6!1s0x2d73db0061b400f3:0x5b251d9abdfe6a27!8m2!3d-3.0841914!4d126.4361914!16s%2Fg%2F11w2jy6j44!19sChIJ8wC0YQDbcy0RJ2r-vZodJVs?authuser=0&hl=en&rclk=1,-3.0841914,126.4361914,biasa,3.0,Husna Pikauli 1 review,ninja Ss 1 review,,,,,,,,,
Pantai Wisata Gauksuak Kampung Malaumkarta Distrik Makbon Kabupaten Sorong Provinsi Papua Barat Daya,Papua Barat,1.0,https://www.google.com/maps/place/Pantai+Wisata+Gauksuak+Kampung+Malaumkarta+Distrik+Makbon+Kabupaten+Sorong+Provinsi+Papua+Barat+Daya/data=!4m7!3m6!1s0x2d5943003607b76f:0xae1ae5b8a6ba3e20!8m2!3d-0.7576792!4d131.569915!16s%2Fg%2F11ldq22_tx!19sChIJb7cHNgBDWS0RID66prjlGq4?authuser=0&hl=en&rclk=1,-0.7576792,131.569915,biasa,2.0,Lamjr Lamox 2 reviews · 5 photos,,,,,,,,,,
Pantai Desa Kasih Raja,Sumatera Selatan,1.0,https://www.google.com/maps/place/Pantai+Desa+Kasih+Raja/data=!4m7!3m6!1s0x2e3bdd007fe8bf51:0xd80f5cef9cc1e3e8!8m2!3d-3.4687478!4d104.6502749!16s%2Fg%2F11zd5qc956!19sChIJUb_ofwDdOy4R6OPBnO9cD9g?authuser=0&hl=en&rclk=1,-3.4687478,104.6502749,biasa,1.0,,,,,,,,,,,
