Nama Pantai,Provinsi,Rating Angka,Predikat,Link Google Maps,Latitude,Longitude
Lampuuk Beach,Aceh,4.6,sangat bagus,https://www.google.com/maps/place/Lampuuk+Beach/data=!4m7!3m6!1s0x30403b320c058633:0x8f29a799e8866618!8m2!3d5.4854715!4d95.2264699!16s%2Fg%2F11b7q0gwyq!19sChIJM4YFDDI7QDARGGaG6JmnKY8?authuser=0&hl=en&rclk=1,5.4854715,95.2264699
"Pasir Putih Beach, Lhok Mee",Aceh,4.4,sangat bagus,"https://www.google.com/maps/place/Pasir+Putih+Beach,+Lhok+Mee/data=!4m7!3m6!1s0x30404e0f4820b1b1:0xbdb15f8c9233af96!8m2!3d5.6137342!4d95.5501536!16s%2Fg%2F11c5h1zt_g!19sChIJsbEgSA9OQDARlq8zkoxfsb0?authuser=0&hl=en&rclk=1",5.6137342,95.5501536
Lange Beach,Aceh,4.5,sangat bagus,https://www.google.com/maps/place/Lange+Beach/data=!4m7!3m6!1s0x3040253dfe56cb2d:0xbbb01f23edadb35e!8m2!3d5.5129946!4d95.2060781!16s%2Fg%2F1q2wcxdb2!19sChIJLctW_j0lQDARXrOt7SMfsLs?authuser=0&hl=en&rclk=1,5.5129946,95.2060781
Pantai Alue Naga,Aceh,4.3,sangat bagus,https://www.google.com/maps/place/Pantai+Alue+Naga/data=!4m7!3m6!1s0x3040368c15da7797:0xafef920eea73e6b6!8m2!3d5.6044872!4d95.3458568!16s%2Fg%2F11cn7bs61r!19sChIJl3faFYw2QDARtuZz6g6S768?authuser=0&hl=en&rclk=1,5.6044872,95.3458568
Lhoknga Beach,Aceh,4.5,sangat bagus,https://www.google.com/maps/place/Lhoknga+Beach/data=!4m7!3m6!1s0x30403b5ea7556f7f:0xfe218df799c4f6b6!8m2!3d5.4643339!4d95.2418239!16s%2Fg%2F11b7q1591k!19sChIJf29Vp147QDARtvbEmfeNIf4?authuser=0&hl=en&rclk=1,5.4643339,95.2418239
Ulee Lheue Beach,Aceh,4.4,sangat bagus,https://www.google.com/maps/place/Ulee+Lheue+Beach/data=!4m7!3m6!1s0x304030eb48882ffb:0x3ab153b2c7c6f86e!8m2!3d5.5597522!4d95.2852583!16s%2Fg%2F11b6gldcxr!19sChIJ-y-ISOswQDARbvjGx7JTsTo?authuser=0&hl=en&rclk=1,5.5597522,95.2852583
Lhok Mata Ie Beach,Aceh,4.6,sangat bagus,https://www.google.com/maps/place/Lhok+Mata+Ie+Beach/data=!4m7!3m6!1s0x30402fd7e1489e5f:0x56f5a220b71118ec!8m2!3d5.5709758!4d95.2263979!16s%2Fg%2F11bccgj6wg!19sChIJX55I4dcvQDAR7BgRtyCi9VY?authuser=0&hl=en&rclk=1,5.5709758,95.2263979
Pantai Syiah Kuala,Aceh,4.3,sangat bagus,https://www.google.com/maps/place/Pantai+Syiah+Kuala/data=!4m7!3m6!1s0x304036c26874f7d7:0x6ef01c6757b51593!8m2!3d5.5934193!4d95.3299497!16s%2Fg%2F11c5fz3cf_!19sChIJ1_d0aMI2QDARkxW1V2cc8G4?authuser=0&hl=en&rclk=1,5.5934193,95.3299497
Pantai Ujung Karang,Aceh,4.3,sangat bagus,https://www.google.com/maps/place/Pantai+Ujung+Karang/data=!4m7!3m6!1s0x303ec1610e3b2cfb:0x42d911917522f947!8m2!3d4.124597!4d96.1279608!16s%2Fg%2F11bw2fx6l_!19sChIJ-yw7DmHBPjARR_kidZER2UI?authuser=0&hl=en&rclk=1,4.124597,96.1279608
Lhokseudu Beach,Aceh,4.3,sangat bagus,https://www.google.com/maps/place/Lhokseudu+Beach/data=!4m7!3m6!1s0x304017ec04f5735d:0xa6816bd398b9186b!8m2!3d5.3541119!4d95.2406723!16s%2Fg%2F11f040pm35!19sChIJXXP1BOwXQDARaxi5mNNrgaY?authuser=0&hl=en&rclk=1,5.3541119,95.2406723
Pantai Pasir Putih,Aceh,4.0,bagus,https://www.google.com/maps/place/Pantai+Pasir+Putih/data=!4m7!3m6!1s0x303a4c377608124f:0x7710aeb3abeb185e!8m2!3d3.3432368!4d97.1246554!16s%2Fg%2F11ddxqn54n!19sChIJTxIIdjdMOjARXhjrq7OuEHc?authuser=0&hl=en&rclk=1,3.3432368,97.1246554
Pantai Ulee Rubek. (Seunuddon),Aceh,4.0,bagus,https://www.google.com/maps/place/Pantai+Ulee+Rubek.+%28Seunuddon%29/data=!4m7!3m6!1s0x304792d81fb94af3:0xe83d9bf18d5be6e7!8m2!3d5.2229832!4d97.4271768!16s%2Fg%2F11cly88_tn!19sChIJ80q5H9iSRzAR5-ZbjfGbPeg?authuser=0&hl=en&rclk=1,5.2229832,97.4271768
PANTAI BALI ABDYA,Aceh,4.2,sangat bagus,https://www.google.com/maps/place/PANTAI+BALI+ABDYA/data=!4m7!3m6!1s0x303bdf52459b5e49:0x8a4943c792770520!8m2!3d3.7087682!4d96.8315609!16s%2Fg%2F11f089ygf3!19sChIJSV6bRVLfOzARIAV3ksdDSYo?authuser=0&hl=en&rclk=1,3.7087682,96.8315609
Pantai Lancok,Aceh,4.0,bagus,https://www.google.com/maps/place/Pantai+Lancok/data=!4m7!3m6!1s0x30478478bfffffff:0x46929b76ddaad213!8m2!3d5.1413021!4d97.185476!16s%2Fg%2F11b6_cv435!19sChIJ____v3iERzARE9Kq3XabkkY?authuser=0&hl=en&rclk=1,5.1413021,97.185476
Pantai Lhoknga,Aceh,4.5,sangat bagus,https://www.google.com/maps/place/Pantai+Lhoknga/data=!4m7!3m6!1s0x30403b5c6444b86d:0x1935d07abbbaad05!8m2!3d5.4460541!4d95.2421696!16s%2Fg%2F11b6_cgvyh!19sChIJbbhEZFw7QDARBa26u3rQNRk?authuser=0&hl=en&rclk=1,5.4460541,95.2421696
Ujong Blang Beach,Aceh,4.2,sangat bagus,https://www.google.com/maps/place/Ujong+Blang+Beach/data=!4m7!3m6!1s0x30479cdf5db151b7:0x35387f6b1c294b6d!8m2!3d5.2030986!4d97.1363812!16s%2Fg%2F11c563fl64!19sChIJt1GxXd-cRzARbUspHGt_ODU?authuser=0&hl=en&rclk=1,5.2030986,97.1363812
Pantai Pandawa,Aceh,4.4,sangat bagus,https://www.google.com/maps/place/Pantai+Pandawa/data=!4m7!3m6!1s0x304793ff74eb2fc9:0xb1979686bbb2ca82!8m2!3d5.2246785!4d97.4318208!16s%2Fg%2F11sgqj70cm!19sChIJyS_rdP-TRzARgsqyu4aWl7E?authuser=0&hl=en&rclk=1,5.2246785,97.4318208
Penyu Beach,Aceh,4.3,sangat bagus,https://www.google.com/maps/place/Penyu+Beach/data=!4m7!3m6!1s0x30403d1ff89193b9:0xff7fbd3a966345c2!8m2!3d5.4127632!4d95.2476097!16s%2Fg%2F11c48mzx19!19sChIJuZOR-B89QDARwkVjljq9f_8?authuser=0&hl=en&rclk=1,5.4127632,95.2476097
Jualan kelontong,Aceh,4.0,bagus,https://www.google.com/maps/place/Jualan+kelontong/data=!4m7!3m6!1s0x30479d223e1017f1:0x59ab794438f29a7a!8m2!3d5.2058616!4d97.1294993!16s%2Fm%2F0102ldzv!19sChIJ8RcQPiKdRzARepryOER5q1k?authuser=0&hl=en&rclk=1,5.2058616,97.1294993
Pantai Rigaih,Aceh,4.1,sangat bagus,https://www.google.com/maps/place/Pantai+Rigaih/data=!4m7!3m6!1s0x303fa2d5d795cb55:0x1b1d148b856fe0a5!8m2!3d4.6663735!4d95.5668799!16s%2Fg%2F11fxwb6054!19sChIJVcuV19WiPzARpeBvhYsUHRs?authuser=0&hl=en&rclk=1,4.6663735,95.5668799
kuala idi,Aceh,3.9,bagus,https://www.google.com/maps/place/kuala+idi/data=!4m7!3m6!1s0x303801a555555555:0xd3a420e8f4c89257!8m2!3d4.9590829!4d97.7794375!16s%2Fg%2F11cmrts3f9!19sChIJVVVVVaUBODARV5LI9OggpNM?authuser=0&hl=en&rclk=1,4.9590829,97.7794375
Cliff Beach Lampuuk,Aceh,4.6,sangat bagus,https://www.google.com/maps/place/Cliff+Beach+Lampuuk/data=!4m7!3m6!1s0x30403ad55fbd44a9:0x55781902cf72b99a!8m2!3d5.4970038!4d95.227854!16s%2Fg%2F11fy4jfvk_!19sChIJqUS9X9U6QDARmrlyzwIZeFU?authuser=0&hl=en&rclk=1,5.4970038,95.227854
Pantai Lhok Geudong,Aceh,4.1,sangat bagus,https://www.google.com/maps/place/Pantai+Lhok+Geudong/data=!4m7!3m6!1s0x303ec3de3211b01b:0xa5a46fbf7dfc80bf!8m2!3d4.1293342!4d96.1300432!16s%2Fg%2F11cm0dkx1c!19sChIJG7ARMt7DPjARv4D8fb9vpKU?authuser=0&hl=en&rclk=1,4.1293342,96.1300432
Pantai Leupung,Aceh,4.1,sangat bagus,https://www.google.com/maps/place/Pantai+Leupung/data=!4m7!3m6!1s0x30403cc436c83cad:0xfa00d43518e4e8eb!8m2!3d5.4279119!4d95.2401298!16s%2Fg%2F11g9q46_tg!19sChIJrTzINsQ8QDAR6-jkGDXUAPo?authuser=0&hl=en&rclk=1,5.4279119,95.2401298
Wisata Pantai Buatan Kuala Langsa,Aceh,4.2,sangat bagus,https://www.google.com/maps/place/Wisata+Pantai+Buatan+Kuala+Langsa/data=!4m7!3m6!1s0x3037909d083ebb9f:0xfa945e1a4d22b863!8m2!3d4.5198635!4d98.0164532!16s%2Fg%2F11gc0b87lk!19sChIJn7s-CJ2QNzARY7giTRpelPo?authuser=0&hl=en&rclk=1,4.5198635,98.0164532
Pantai Kampung Kuala,Aceh,3.9,bagus,https://www.google.com/maps/place/Pantai+Kampung+Kuala/data=!4m7!3m6!1s0x3037f93d45993845:0x7a02fdac28d6de21!8m2!3d4.910598!4d97.8402646!16s%2Fg%2F11cnx68q_d!19sChIJRTiZRT35NzARId7WKKz9Ano?authuser=0&hl=en&rclk=1,4.910598,97.8402646
Pantai Kuala Merisi,Aceh,4.2,sangat bagus,https://www.google.com/maps/place/Pantai+Kuala+Merisi/data=!4m7!3m6!1s0x303fa364ebc793af:0xb830684d2cc0c05b!8m2!3d4.6296994!4d95.5917146!16s%2Fg%2F11g8xf_khp!19sChIJr5PH62SjPzARW8DALE1oMLg?authuser=0&hl=en&rclk=1,4.6296994,95.5917146
Ujong Blang,Aceh,4.1,sangat bagus,https://www.google.com/maps/place/Ujong+Blang/data=!4m7!3m6!1s0x30479d17bda8eb8d:0xf433e7003c065076!8m2!3d5.2090356!4d97.1236917!16s%2Fg%2F11c605pgb4!19sChIJjeuovRedRzARdlAGPADnM_Q?authuser=0&hl=en&rclk=1,5.2090356,97.1236917
Pantai Leuge,Aceh,4.2,sangat bagus,https://www.google.com/maps/place/Pantai+Leuge/data=!4m7!3m6!1s0x3037f1b5e3cfb3e1:0x1691db610bb236c8!8m2!3d4.8014311!4d97.9362977!16s%2Fg%2F11c5s5kys2!19sChIJ4bPP47XxNzARyDayC2HbkRY?authuser=0&hl=en&rclk=1,4.8014311,97.9362977
Pantai Wisata Kuala Radja,Aceh,4.6,sangat bagus,https://www.google.com/maps/place/Pantai+Wisata+Kuala+Radja/data=!4m7!3m6!1s0x3047433e5b76fe6b:0x500f8e7ae8e14fd0!8m2!3d5.2479284!4d96.7284031!16s%2Fg%2F11gjt_mcw1!19sChIJa_52Wz5DRzAR0E_h6HqOD1A?authuser=0&hl=en&rclk=1,5.2479284,96.7284031
Pantai Ujong Batee,Aceh,4.2,sangat bagus,https://www.google.com/maps/place/Pantai+Ujong+Batee/data=!4m7!3m6!1s0x30404a437a440af3:0x5829939eedd35c8f!8m2!3d5.6499521!4d95.4195857!16s%2Fg%2F11f2lgksly!19sChIJ8wpEekNKQDARj1zT7Z6TKVg?authuser=0&hl=en&rclk=1,5.6499521,95.4195857
Pantai Peudawa,Aceh,4.1,sangat bagus,https://www.google.com/maps/place/Pantai+Peudawa/data=!4m7!3m6!1s0x3037f8cc50c5ef0f:0xc3b8f86e84472e86!8m2!3d4.9277273!4d97.8144708!16s%2Fg%2F11f1y6d7jv!19sChIJD-_FUMz4NzARhi5HhG74uMM?authuser=0&hl=en&rclk=1,4.9277273,97.8144708
Pantai Lhok Bubon,Aceh,4.3,sangat bagus,https://www.google.com/maps/place/Pantai+Lhok+Bubon/data=!4m7!3m6!1s0x303ee86258f27eb3:0x19ec9888d363ca1b!8m2!3d4.1971822!4d96.0273525!16s%2Fg%2F11cs23f3zt!19sChIJs37yWGLoPjARG8pj04iY7Bk?authuser=0&hl=en&rclk=1,4.1971822,96.0273525
Pantai Pasir Putih Lhok Mee,Aceh,4.4,sangat bagus,https://www.google.com/maps/place/Pantai+Pasir+Putih+Lhok+Mee/data=!4m7!3m6!1s0x30404faea56f841f:0x969732c6861cc322!8m2!3d5.6138203!4d95.556308!16s%2Fg%2F11qzvvs71y!19sChIJH4Rvpa5PQDARIsMchsYyl5Y?authuser=0&hl=en&rclk=1,5.6138203,95.556308
Pantai Keremak Aceh Tamiang,Aceh,5.0,sangat bagus,https://www.google.com/maps/place/Pantai+Keremak+Aceh+Tamiang/data=!4m7!3m6!1s0x3037a2b6b7c02573:0xea7ba858886cd455!8m2!3d4.5102352!4d98.1508387!16s%2Fg%2F11hcfn2bf5!19sChIJcyXAt7aiNzARVdRsiFioe-o?authuser=0&hl=en&rclk=1,4.5102352,98.1508387
Pantai Muara Tanjung,Aceh,3.9,bagus,https://www.google.com/maps/place/Pantai+Muara+Tanjung/data=!4m7!3m6!1s0x3037906285658f6b:0xb9188851eedca4fa!8m2!3d4.5304422!4d98.0022486!16s%2Fg%2F11hbql6krw!19sChIJa49lhWKQNzAR-qTc7lGIGLk?authuser=0&hl=en&rclk=1,4.5304422,98.0022486
Pantai Blang Kijue,Aceh,4.3,sangat bagus,https://www.google.com/maps/place/Pantai+Blang+Kijue/data=!4m7!3m6!1s0x3040b2bbc507ff4d:0x8179feb89b4120e7!8m2!3d5.2094406!4d96.3938921!16s%2Fg%2F11c2lh1d3r!19sChIJTf8HxbuyQDAR5yBBm7j-eYE?authuser=0&hl=en&rclk=1,5.2094406,96.3938921
Pantai Ujong Blang Bireuen,Aceh,4.1,sangat bagus,https://www.google.com/maps/place/Pantai+Ujong+Blang+Bireuen/data=!4m7!3m6!1s0x304743acb861693f:0xc6db1509780ac9d!8m2!3d5.2390246!4d96.7057703!16s%2Fg%2F11b6s2snb_!19sChIJP2lhuKxDRzARnayAl1CxbQw?authuser=0&hl=en&rclk=1,5.2390246,96.7057703
Teluk Jantang Beach,Aceh,4.4,sangat bagus,https://www.google.com/maps/place/Teluk+Jantang+Beach/data=!4m7!3m6!1s0x304010bf8a86b4ed:0x15df23eb4b06038c!8m2!3d5.2687475!4d95.247531!16s%2Fg%2F11fzyy7cd7!19sChIJ7bSGir8QQDARjAMGS-sj3xU?authuser=0&hl=en&rclk=1,5.2687475,95.247531
Pantai Baro Peukan Bada Aceh Besar,Aceh,4.7,sangat bagus,https://www.google.com/maps/place/Pantai+Baro+Peukan+Bada+Aceh+Besar/data=!4m7!3m6!1s0x30403182b74158e7:0x82ebfe5247009a03!8m2!3d5.5497549!4d95.2742311!16s%2Fg%2F11fnr5bb87!19sChIJ51hBt4IxQDARA5oAR1L-64I?authuser=0&hl=en&rclk=1,5.5497549,95.2742311
WISATA GREEN BEACH Paya Dua Peudawa Aceh timur,Aceh,4.1,sangat bagus,https://www.google.com/maps/place/WISATA+GREEN+BEACH+Paya+Dua+Peudawa+Aceh+timur/data=!4m7!3m6!1s0x3037f913398474cf:0x667b10eaf8674292!8m2!3d4.9032038!4d97.8499455!16s%2Fg%2F11g6xbc88l!19sChIJz3SEORP5NzARkkJn-OoQe2Y?authuser=0&hl=en&rclk=1,4.9032038,97.8499455
PANTAI KUALA PAREK,Aceh,4.5,sangat bagus,https://www.google.com/maps/place/PANTAI+KUALA+PAREK/data=!4m7!3m6!1s0x3037ed4d82bd2dbd:0x13c87521035b3545!8m2!3d4.671696!4d97.975915!16s%2Fg%2F11cnxst0zd!19sChIJvS29gk3tNzARRTVbAyF1yBM?authuser=0&hl=en&rclk=1,4.671696,97.975915
Pantai Kuala Aceh,Aceh,4.2,sangat bagus,https://www.google.com/maps/place/Pantai+Kuala+Aceh/data=!4m7!3m6!1s0x304037d070d222d7:0x6cab465bc1a57de4!8m2!3d5.5829649!4d95.3133079!16s%2Fg%2F11qn51dxdk!19sChIJ1yLScNA3QDAR5H2lwVtGq2w?authuser=0&hl=en&rclk=1,5.5829649,95.3133079
Pantai Ujung Batu,Aceh,4.4,sangat bagus,https://www.google.com/maps/place/Pantai+Ujung+Batu/data=!4m7!3m6!1s0x303a51661d4cbd93:0x9877ed174caf5902!8m2!3d3.2186802!4d97.2602526!16s%2Fg%2F11m9cl355c!19sChIJk71MHWZROjARAlmvTBftd5g?authuser=0&hl=en&rclk=1,3.2186802,97.2602526
Pondok Pantai Biru,Aceh,4.0,bagus,https://www.google.com/maps/place/Pondok+Pantai+Biru/data=!4m7!3m6!1s0x30479d21a80e1d21:0x27ffa42788606f3f!8m2!3d5.2046342!4d97.132614!16s%2Fg%2F11f120lr7c!19sChIJIR0OqCGdRzARP29giCek_yc?authuser=0&hl=en&rclk=1,5.2046342,97.132614
Pantai Lhok Rukam,Aceh,4.7,sangat bagus,https://www.google.com/maps/place/Pantai+Lhok+Rukam/data=!4m7!3m6!1s0x303a4f7ff142ce5d:0x7c8e9e54201c413e!8m2!3d3.232949!4d97.2348957!16s%2Fg%2F11mc6w3mpq!19sChIJXc5C8X9POjARPkEcIFSejnw?authuser=0&hl=en&rclk=1,3.232949,97.2348957
PANTAI KETAPANG,Aceh,3.7,bagus,https://www.google.com/maps/place/PANTAI+KETAPANG/data=!4m7!3m6!1s0x3037a2c56ca5a657:0xaec57a0dc75cbc01!8m2!3d4.5049459!4d98.1648956!16s%2Fg%2F11gbxbp7km!19sChIJV6albMWiNzARAbxcxw16xa4?authuser=0&hl=en&rclk=1,4.5049459,98.1648956
Pantai pelangi matang Rayeuk pp,Aceh,4.2,sangat bagus,https://www.google.com/maps/place/Pantai+pelangi+matang+Rayeuk+pp/data=!4m7!3m6!1s0x3037fff4e9e4300b:0x7917c3a7975bd41e!8m2!3d4.9392652!4d97.8010336!16s%2Fg%2F11n0x3c47w!19sChIJCzDk6fT_NzARHtRbl6fDF3k?authuser=0&hl=en&rclk=1,4.9392652,97.8010336
Pantai Sawang Biduk Buruak (SBB),Aceh,4.4,sangat bagus,https://www.google.com/maps/place/Pantai+Sawang+Biduk+Buruak+%28SBB%29/data=!4m7!3m6!1s0x303bce0ad10ecac3:0x7563e75908f80e8e!8m2!3d3.5349324!4d97.0046349!16s%2Fg%2F11c2np0yxm!19sChIJw8oO0QrOOzARjg74CFnnY3U?authuser=0&hl=en&rclk=1,3.5349324,97.0046349
Pantai Olo,Sumatera Utara,3.3,bagus,https://www.google.com/maps/place/Pantai+Olo/data=!4m7!3m6!1s0x3036ce90eb2fc3f3:0x6734f55f275e9443!8m2!3d3.7920996!4d98.7190002!16s%2Fg%2F11g6vm3lzw!19sChIJ88Mv65DONjARQ5ReJ1_1NGc?authuser=0&hl=en&rclk=1,3.7920996,98.7190002
Pantai Romantis,Sumatera Utara,4.2,sangat bagus,https://www.google.com/maps/place/Pantai+Romantis/data=!4m7!3m6!1s0x3031512d736bbf25:0xa8c63fecec492c65!8m2!3d3.5856526!4d99.099502!16s%2Fg%2F11b7q5f6_m!19sChIJJb9rcy1RMTARZSxJ7Ow_xqg?authuser=0&hl=en&rclk=1,3.5856526,99.099502
Pantai BUL BUL,Sumatera Utara,4.3,sangat bagus,https://www.google.com/maps/place/Pantai+BUL+BUL/data=!4m7!3m6!1s0x302e041198ee45d1:0x7438dfa4c9a63950!8m2!3d2.3484022!4d99.0732353!16s%2Fg%2F11b_3fytd8!19sChIJ0UXumBEELjARUDmmyaTfOHQ?authuser=0&hl=en&rclk=1,2.3484022,99.0732353
Pantai Mutiara,Sumatera Utara,4.0,bagus,https://www.google.com/maps/place/Pantai+Mutiara/data=!4m7!3m6!1s0x30314cfe9ddbed59:0x7a3ac141f037e95e!8m2!3d3.6627012!4d98.9649313!16s%2Fg%2F11f2b60wgt!19sChIJWe3bnf5MMTARXuk38EHBOno?authuser=0&hl=en&rclk=1,3.6627012,98.9649313
Pantai Bosur,Sumatera Utara,4.0,bagus,https://www.google.com/maps/place/Pantai+Bosur/data=!4m7!3m6!1s0x302ef2b7c9defce7:0x6128a93e0ad6992!8m2!3d1.674246!4d98.8275626!16s%2Fg%2F11b7c689p2!19sChIJ5_zeybfyLjARkmmt4JOKEgY?authuser=0&hl=en&rclk=1,1.674246,98.8275626
Pantai Lumban Bul Bul,Sumatera Utara,4.3,sangat bagus,https://www.google.com/maps/place/Pantai+Lumban+Bul+Bul/data=!4m7!3m6!1s0x302e04746a9d2759:0x6db93fac96bc4a60!8m2!3d2.3479207!4d99.0752046!16s%2Fg%2F11b77fznqv!19sChIJWSedanQELjARYEq8lqw_uW0?authuser=0&hl=en&rclk=1,2.3479207,99.0752046
Pantai Pasir Putih Parparean,Sumatera Utara,4.2,sangat bagus,https://www.google.com/maps/place/Pantai+Pasir+Putih+Parparean/data=!4m7!3m6!1s0x3031ffd451ee5d77:0x4329e9a7d027afb0!8m2!3d2.4318413!4d99.149081!16s%2Fg%2F11cs2btn5v!19sChIJd13uUdT_MTARsK8n0KfpKUM?authuser=0&hl=en&rclk=1,2.4318413,99.149081
Pantai Sialang Buah,Sumatera Utara,4.1,sangat bagus,https://www.google.com/maps/place/Pantai+Sialang+Buah/data=!4m7!3m6!1s0x30315722353e3451:0xc5fe8af53d540f43!8m2!3d3.5699434!4d99.1207948!16s%2Fg%2F11ck2q1hpz!19sChIJUTQ-NSJXMTARQw9UPfWK_sU?authuser=0&hl=en&rclk=1,3.5699434,99.1207948
Pantai Sri Mersing,Sumatera Utara,4.1,sangat bagus,https://www.google.com/maps/place/Pantai+Sri+Mersing/data=!4m7!3m6!1s0x3031520be6cef5c7:0xa42012d21c6fd4ed!8m2!3d3.632547!4d99.017264!16s%2Fg%2F11ckvkwgzd!19sChIJx_XO5gtSMTAR7dRvHNISIKQ?authuser=0&hl=en&rclk=1,3.632547,99.017264
Pantai pasir putih said dolok,Sumatera Utara,4.5,sangat bagus,https://www.google.com/maps/place/Pantai+pasir+putih+said+dolok/data=!4m7!3m6!1s0x3031eda50f73766f:0x3bdeda721ffe8650!8m2!3d2.6809914!4d98.9242616!16s%2Fg%2F11p02mnxvt!19sChIJb3ZzD6XtMTARUIb-H3La3js?authuser=0&hl=en&rclk=1,2.6809914,98.9242616
Bebas Beach Parapat,Sumatera Utara,4.5,sangat bagus,https://www.google.com/maps/place/Bebas+Beach+Parapat/data=!4m7!3m6!1s0x3031ec1ce767b511:0x7a933989fde98bcc!8m2!3d2.6683978!4d98.9370427!16s%2Fg%2F11bv38pln4!19sChIJEbVn5xzsMTARzIvp_Yk5k3o?authuser=0&hl=en&rclk=1,2.6683978,98.9370427
Pantai Sibandol,Sumatera Utara,4.6,sangat bagus,https://www.google.com/maps/place/Pantai+Sibandol/data=!4m7!3m6!1s0x3031e1dddc3c34ef:0x2b38115fc017372!8m2!3d2.4360657!4d98.9008335!16s%2Fg%2F11c54bsg6j!19sChIJ7zQ83N3hMTARcnMB_BWBswI?authuser=0&hl=en&rclk=1,2.4360657,98.9008335
Objek Wisata Pantai Paris,Sumatera Utara,4.3,sangat bagus,https://www.google.com/maps/place/Objek+Wisata+Pantai+Paris/data=!4m7!3m6!1s0x3031be4dacbb753f:0x66d6b7ab5cf56d7b!8m2!3d2.80154!4d98.780056!16s%2Fg%2F11b86lnmg0!19sChIJP3W7rE2-MTARe231XKu31mY?authuser=0&hl=en&rclk=1,2.80154,98.780056
Pantai Cermin,Sumatera Utara,4.0,bagus,https://www.google.com/maps/place/Pantai+Cermin/data=!4m7!3m6!1s0x30314cfe85bef511:0xac8d3f94468a8ad9!8m2!3d3.6520945!4d98.9876565!16s%2Fg%2F11bwdcbcfn!19sChIJEfW-hf5MMTAR2YqKRpQ_jaw?authuser=0&hl=en&rclk=1,3.6520945,98.9876565
Sibolazi Beach,Sumatera Utara,4.2,sangat bagus,https://www.google.com/maps/place/Sibolazi+Beach/data=!4m7!3m6!1s0x3031bf54564cdc7f:0x181dff6b9a275193!8m2!3d2.7486107!4d98.7509865!16s%2Fg%2F11bzt7sv7j!19sChIJf9xMVlS_MTARk1Enmmv_HRg?authuser=0&hl=en&rclk=1,2.7486107,98.7509865
Pantai Batu Rusa,Sumatera Utara,4.3,sangat bagus,https://www.google.com/maps/place/Pantai+Batu+Rusa/data=!4m7!3m6!1s0x302966002ffd8073:0x473a56699b594da7!8m2!3d0.8209505!4d99.0135832!16s%2Fg%2F11f3njv906!19sChIJc4D9LwBmKTARp01Zm2lWOkc?authuser=0&hl=en&rclk=1,0.8209505,99.0135832
Penginapan pantai indah pandan kabupaten tapanuli tengah,Sumatera Utara,4.2,sangat bagus,https://www.google.com/maps/place/Penginapan+pantai+indah+pandan+kabupaten+tapanuli+tengah/data=!4m7!3m6!1s0x302ef2c47dcd655b:0xa4f1d37d314e651b!8m2!3d1.6827982!4d98.8197554!16s%2Fg%2F11bx2kwdvb!19sChIJW2XNfcTyLjARG2VOMX3T8aQ?authuser=0&hl=en&rclk=1,1.6827982,98.8197554
Pantai Barat Natal,Sumatera Utara,4.3,sangat bagus,https://www.google.com/maps/place/Pantai+Barat+Natal/data=!4m7!3m6!1s0x30298177ffbc0bf5:0xabd7d716f558d61a!8m2!3d0.5564014!4d99.1125206!16s%2Fg%2F11dzz6psbc!19sChIJ9Qu8_3eBKTARGtZY9RbX16s?authuser=0&hl=en&rclk=1,0.5564014,99.1125206
Pantai TukTuk,Sumatera Utara,4.3,sangat bagus,https://www.google.com/maps/place/Pantai+TukTuk/data=!4m7!3m6!1s0x3031bebb09cbeecd:0x3558c08d10e0c548!8m2!3d2.8121481!4d98.7627634!16s%2Fg%2F11b73zgjvf!19sChIJze7LCbu-MTARSMXgEI3AWDU?authuser=0&hl=en&rclk=1,2.8121481,98.7627634
Pantai Kahona,Sumatera Utara,4.3,sangat bagus,https://www.google.com/maps/place/Pantai+Kahona/data=!4m7!3m6!1s0x302fb0d786fcfb2d:0xa229c8f3315c5f4c!8m2!3d2.035093!4d98.3503959!16s%2Fg%2F11b7lq7ksh!19sChIJLfv8htewLzARTF9cMfPIKaI?authuser=0&hl=en&rclk=1,2.035093,98.3503959
Pantai Mangrove (Wisata Mangrove),Sumatera Utara,4.2,sangat bagus,https://www.google.com/maps/place/Pantai+Mangrove+%28Wisata+Mangrove%29/data=!4m7!3m6!1s0x30315127aaaaaaab:0xd2629b0e83aafe0d!8m2!3d3.5908402!4d99.0930098!16s%2Fg%2F11b825lyxy!19sChIJq6qqqidRMTARDf6qgw6bYtI?authuser=0&hl=en&rclk=1,3.5908402,99.0930098
Batuhoda Beach,Sumatera Utara,4.4,sangat bagus,https://www.google.com/maps/place/Batuhoda+Beach/data=!4m7!3m6!1s0x3031c715b0bed547:0x346964c80c83147!8m2!3d2.759845!4d98.725414!16s%2Fg%2F11rtsn0zhj!19sChIJR9W-sBXHMTARRzHIgEyWRgM?authuser=0&hl=en&rclk=1,2.759845,98.725414
Romance Bay Island,Sumatera Utara,3.3,bagus,https://www.google.com/maps/place/Romance+Bay+Island/data=!4m7!3m6!1s0x30314c945462ab35:0x2f887096d70644a!8m2!3d3.585653!4d99.0995017!16s%2Fg%2F11c1n81r_z!19sChIJNatiVJRMMTARSmRwbQmH-AI?authuser=0&hl=en&rclk=1,3.585653,99.0995017
Pantai Sentang,Sumatera Utara,4.0,bagus,https://www.google.com/maps/place/Pantai+Sentang/data=!4m7!3m6!1s0x30315711af25e3e7:0xd0816ae84985666!8m2!3d3.5630002!4d99.1321727!16s%2Fg%2F11dyl_4tkb!19sChIJ5-MlrxFXMTARZlaYhK4WCA0?authuser=0&hl=en&rclk=1,3.5630002,99.1321727
Tureloto Beach Lahewa,Sumatera Utara,4.5,sangat bagus,https://www.google.com/maps/place/Tureloto+Beach+Lahewa/data=!4m7!3m6!1s0x3025cdd5b366659b:0x5633ab195309e997!8m2!3d1.4296774!4d97.1427202!16s%2Fg%2F11b6tj50jc!19sChIJm2Vms9XNJTARl-kJUxmrM1Y?authuser=0&hl=en&rclk=1,1.4296774,97.1427202
pantai pasir putih,Sumatera Utara,4.2,sangat bagus,https://www.google.com/maps/place/pantai+pasir+putih/data=!4m7!3m6!1s0x3031c5bd2ab25691:0xb4222cec89d65ac2!8m2!3d2.6955706!4d98.6898657!16s%2Fg%2F11b6v7c3jj!19sChIJkVayKr3FMTARwlrWiewsIrQ?authuser=0&hl=en&rclk=1,2.6955706,98.6898657
Wisata Pantai Monyet Mangrove Putera Denai Pantai Muara Puntung,Sumatera Utara,3.8,bagus,https://www.google.com/maps/place/Wisata+Pantai+Monyet+Mangrove+Putera+Denai+Pantai+Muara+Puntung/data=!4m7!3m6!1s0x30314da59455fe41:0x23667183b5de806a!8m2!3d3.677931!4d98.9288364!16s%2Fg%2F11gj67h1kr!19sChIJQf5VlKVNMTARaoDetYNxZiM?authuser=0&hl=en&rclk=1,3.677931,98.9288364
Pantai Teluk Bengkuang,Sumatera Utara,4.2,sangat bagus,https://www.google.com/maps/place/Pantai+Teluk+Bengkuang/data=!4m7!3m6!1s0x3025bff7aa7047a1:0xf8d8c236fbb6a24c!8m2!3d1.5104843!4d97.4248343!16s%2Fg%2F11cn68j7z7!19sChIJoUdwqve_JTARTKK2-zbC2Pg?authuser=0&hl=en&rclk=1,1.5104843,97.4248343
Pantai Jono/Perjuangan,Sumatera Utara,3.5,bagus,https://www.google.com/maps/place/Pantai+Jono%2FPerjuangan/data=!4m7!3m6!1s0x3033e8331a3c2baf:0x7d57d21087b2c2a9!8m2!3d3.3853568!4d99.4097536!16s%2Fg%2F11bw65vps4!19sChIJrys8GjPoMzARqcKyhxDSV30?authuser=0&hl=en&rclk=1,3.3853568,99.4097536
Pantai Indah Tureloto,Sumatera Utara,4.6,sangat bagus,https://www.google.com/maps/place/Pantai+Indah+Tureloto/data=!4m7!3m6!1s0x3025cc7918f927ad:0x27a99002904068b5!8m2!3d1.4294342!4d97.1428125!16s%2Fg%2F11bvqgtrmv!19sChIJrSf5GHnMJTARtWhAkAKQqSc?authuser=0&hl=en&rclk=1,1.4294342,97.1428125
Pantai Kenangan,Sumatera Utara,4.4,sangat bagus,https://www.google.com/maps/place/Pantai+Kenangan/data=!4m7!3m6!1s0x3031bfb2b0f312ed:0xdb7db92344469a08!8m2!3d2.7841487!4d98.8040926!16s%2Fg%2F11d_1ssn7l!19sChIJ7RLzsLK_MTARCJpGRCO5fds?authuser=0&hl=en&rclk=1,2.7841487,98.8040926
PANTAI BAGAN KUALA,Sumatera Utara,3.9,bagus,https://www.google.com/maps/place/PANTAI+BAGAN+KUALA/data=!4m7!3m6!1s0x3033e31df2431dcd:0x551c436435d01c65!8m2!3d3.5091824!4d99.23543!16s%2Fg%2F11c4p952rj!19sChIJzR1D8h3jMzARZRzQNWRDHFU?authuser=0&hl=en&rclk=1,3.5091824,99.23543
Pantai Cermin Theme Park & ​​Resort Hotel,Sumatera Utara,4.1,sangat bagus,https://www.google.com/maps/place/Pantai+Cermin+Theme+Park+%26+%E2%80%8B%E2%80%8BResort+Hotel/data=!4m7!3m6!1s0x30312e2aa4839fc1:0xf6de2d5b87e0f869!8m2!3d3.650949!4d98.9893152!16s%2Fg%2F1pzys6h9_!19sChIJwZ-DpCouMTARafjgh1st3vY?authuser=0&hl=en&rclk=1,3.650949,98.9893152
Pantai Biru,Sumatera Utara,4.3,sangat bagus,https://www.google.com/maps/place/Pantai+Biru/data=!4m7!3m6!1s0x3030dd25d4218ee7:0xae7e069efec6602e!8m2!3d3.4183617!4d98.32221!16s%2Fg%2F11dxdw2f0w!19sChIJ544h1CXdMDARLmDG_p4Gfq4?authuser=0&hl=en&rclk=1,3.4183617,98.32221
Pantai Mutiara Indah,Sumatera Utara,4.1,sangat bagus,https://www.google.com/maps/place/Pantai+Mutiara+Indah/data=!4m7!3m6!1s0x30315773cb4f9bcb:0xc21bc825c0e4bf4a!8m2!3d3.5652974!4d99.1288833!16s%2Fg%2F11hd_f02h9!19sChIJy5tPy3NXMTARSr_kwCXIG8I?authuser=0&hl=en&rclk=1,3.5652974,99.1288833
Pantai BINASI,Sumatera Utara,4.3,sangat bagus,https://www.google.com/maps/place/Pantai+BINASI/data=!4m7!3m6!1s0x302e53f326ecd58d:0x91da67229e9a0910!8m2!3d1.8985408!4d98.5500599!16s%2Fg%2F11b7kcjbpl!19sChIJjdXsJvNTLjAREAmaniJn2pE?authuser=0&hl=en&rclk=1,1.8985408,98.5500599
Pantai Sejarah Pantai Perupuk,Sumatera Utara,3.8,bagus,https://www.google.com/maps/place/Pantai+Sejarah+Pantai+Perupuk/data=!4m7!3m6!1s0x3033c76efa846e87:0x5a8951815a32f425!8m2!3d3.2660829!4d99.5305239!16s%2Fg%2F11g6wdfm80!19sChIJh26E-m7HMzARJfQyWoFRiVo?authuser=0&hl=en&rclk=1,3.2660829,99.5305239
Pantai Binasi,Sumatera Utara,4.3,sangat bagus,https://www.google.com/maps/place/Pantai+Binasi/data=!4m7!3m6!1s0x302e539320a3811b:0xd91d6798dc459020!8m2!3d1.9008244!4d98.5490333!16s%2Fg%2F11cs2gplnt!19sChIJG4GjIJNTLjARIJBF3JhnHdk?authuser=0&hl=en&rclk=1,1.9008244,98.5490333
Pantai muara Serdang,Sumatera Utara,3.7,bagus,https://www.google.com/maps/place/Pantai+muara+Serdang/data=!4m7!3m6!1s0x3036b55270dad821:0x84205ba9c75c16b8!8m2!3d3.7023527!4d98.8469043!16s%2Fg%2F11bxjnm2x5!19sChIJIdjacFK1NjARuBZcx6lbIIQ?authuser=0&hl=en&rclk=1,3.7023527,98.8469043
Pantai Atp,Sumatera Utara,4.1,sangat bagus,https://www.google.com/maps/place/Pantai+Atp/data=!4m7!3m6!1s0x303151376416d9ad:0x27db77c47c126853!8m2!3d3.5930316!4d99.090701!16s%2Fg%2F11c5_kyxz3!19sChIJrdkWZDdRMTARU2gSfMR32yc?authuser=0&hl=en&rclk=1,3.5930316,99.090701
Barus Pantai,Sumatera Utara,4.4,sangat bagus,https://www.google.com/maps/place/Barus+Pantai/data=!4m7!3m6!1s0x302fb3d50fbd44a5:0xfb69d5099bdf9f3d!8m2!3d2.007521!4d98.3983969!16s%2Fg%2F11b_25z1mb!19sChIJpUS9D9WzLzARPZ_fmwnVafs?authuser=0&hl=en&rclk=1,2.007521,98.3983969
Pantai Pasifik Toba,Sumatera Utara,3.9,bagus,https://www.google.com/maps/place/Pantai+Pasifik+Toba/data=!4m7!3m6!1s0x3031fe2eb1969ee1:0x8f0642dc43ff6679!8m2!3d2.4344682!4d99.1392799!16s%2Fg%2F11c0r5g551!19sChIJ4Z6WsS7-MTAReWb_Q9xCBo8?authuser=0&hl=en&rclk=1,2.4344682,99.1392799
Pantai Bogak Indah,Sumatera Utara,4.0,bagus,https://www.google.com/maps/place/Pantai+Bogak+Indah/data=!4m7!3m6!1s0x303157bd93ded1cf:0x85505399512983ca!8m2!3d3.5565479!4d99.1605045!16s%2Fg%2F11c6zx9dkk!19sChIJz9Hek71XMTARyoMpUZlTUIU?authuser=0&hl=en&rclk=1,3.5565479,99.1605045
Attractions Coast Edge Sibolga,Sumatera Utara,4.0,bagus,https://www.google.com/maps/place/Attractions+Coast+Edge+Sibolga/data=!4m7!3m6!1s0x302ef46d89458eff:0xb04657780392af94!8m2!3d1.7430181!4d98.7735724!16s%2Fg%2F11ddxkxl1r!19sChIJ_45FiW30LjARlK-SA3hXRrA?authuser=0&hl=en&rclk=1,1.7430181,98.7735724
Pantai My Darling,Sumatera Utara,3.5,bagus,https://www.google.com/maps/place/Pantai+My+Darling/data=!4m7!3m6!1s0x30314cfc223abc01:0x78d5eaa91a761b06!8m2!3d3.6631603!4d98.9646848!16s%2Fg%2F11g8z51t04!19sChIJAbw6IvxMMTARBht2Gqnq1Xg?authuser=0&hl=en&rclk=1,3.6631603,98.9646848
Pantai Bunga Laut,Sumatera Utara,4.0,bagus,https://www.google.com/maps/place/Pantai+Bunga+Laut/data=!4m7!3m6!1s0x3033b84756207bf1:0xc0351591c5e1d145!8m2!3d3.2329236!4d99.5733555!16s%2Fg%2F11d_9lrtv8!19sChIJ8XsgVke4MzARRdHhxZEVNcA?authuser=0&hl=en&rclk=1,3.2329236,99.5733555
Pantai Salju,Sumatera Utara,4.1,sangat bagus,https://www.google.com/maps/place/Pantai+Salju/data=!4m7!3m6!1s0x303114985e6dd57b:0x9d716555cca8f69c!8m2!3d3.3080613!4d98.8111332!16s%2Fg%2F11cn7bzbvs!19sChIJe9VtXpgUMTARnPaozFVlcZ0?authuser=0&hl=en&rclk=1,3.3080613,98.8111332
Pantai Pieztri,Sumatera Utara,5.0,sangat bagus,https://www.google.com/maps/place/Pantai+Pieztri/data=!4m7!3m6!1s0x3031bf00411e1169:0x94eee85482813553!8m2!3d2.8167189!4d98.7605298!16s%2Fg%2F11mybyy61s!19sChIJaREeQQC_MTARUzWBglTo7pQ?authuser=0&hl=en&rclk=1,2.8167189,98.7605298
Pantai Holywood,Sumatera Utara,4.1,sangat bagus,https://www.google.com/maps/place/Pantai+Holywood/data=!4m7!3m6!1s0x302ef2c35cddd3db:0x4773fa657a418bb6!8m2!3d1.684053!4d98.8191257!16s%2Fg%2F11dyrbm3q_!19sChIJ29PdXMPyLjARtotBemX6c0c?authuser=0&hl=en&rclk=1,1.684053,98.8191257
Pantai Putra Deli,Sumatera Utara,3.7,bagus,https://www.google.com/maps/place/Pantai+Putra+Deli/data=!4m7!3m6!1s0x30314b5d9e6c6f19:0xf84f38e825f396fa!8m2!3d3.6793282!4d98.9163561!16s%2Fg%2F11c601rhbq!19sChIJGW9snl1LMTAR-pbzJeg4T_g?authuser=0&hl=en&rclk=1,3.6793282,98.9163561
Padang Beach,Sumatera Barat,4.5,sangat bagus,https://www.google.com/maps/place/Padang+Beach/data=!4m7!3m6!1s0x2fd4b93318fd31bf:0x15db501c7239061f!8m2!3d-0.9295716!4d100.3499566!16s%2Fg%2F11bzrg_ckn!19sChIJvzH9GDO51C8RHwY5chxQ2xU?authuser=0&hl=en&rclk=1,-0.9295716,100.3499566
Sako Beach,Sumatera Barat,4.2,sangat bagus,https://www.google.com/maps/place/Sako+Beach/data=!4m7!3m6!1s0x2fd4bab000000001:0xdff299bebdec1f95!8m2!3d-1.0320116!4d100.4022524!16s%2Fg%2F11bxfn3t2g!19sChIJAQAAALC61C8RlR_svb6Z8t8?authuser=0&hl=en&rclk=1,-1.0320116,100.4022524
Pantai Ujuang Batu,Sumatera Barat,4.4,sangat bagus,https://www.google.com/maps/place/Pantai+Ujuang+Batu/data=!4m7!3m6!1s0x2fd4c0c37a14dc4f:0x37b178f4a7280868!8m2!3d-0.8648099!4d100.3323228!16s%2Fg%2F11cs24qqql!19sChIJT9wUesPA1C8RaAgop_R4sTc?authuser=0&hl=en&rclk=1,-0.8648099,100.3323228
Pantai Tabing Pasir Putih,Sumatera Barat,4.4,sangat bagus,https://www.google.com/maps/place/Pantai+Tabing+Pasir+Putih/data=!4m7!3m6!1s0x2fd4c0c40ab1d23d:0x9e816c6da1a5b22c!8m2!3d-0.8663698!4d100.3329957!16s%2Fg%2F11byyftq73!19sChIJPdKxCsTA1C8RLLKloW1sgZ4?authuser=0&hl=en&rclk=1,-0.8663698,100.3329957
Pantai Carocok,Sumatera Barat,4.5,sangat bagus,https://www.google.com/maps/place/Pantai+Carocok/data=!4m7!3m6!1s0x2fd34d8532fc3f11:0x3769b900f1b811b6!8m2!3d-1.3520247!4d100.5670321!16s%2Fg%2F11b6rd09kq!19sChIJET_8MoVN0y8RthG48QC5aTc?authuser=0&hl=en&rclk=1,-1.3520247,100.5670321
Pantai Tanjung Mutiara,Sumatera Barat,4.3,sangat bagus,https://www.google.com/maps/place/Pantai+Tanjung+Mutiara/data=!4m7!3m6!1s0x2fd5297b97ebae2b:0x4c78008abb6f102f!8m2!3d-0.547953!4d100.523163!16s%2Fg%2F11ckxwwdpw!19sChIJK67rl3sp1S8RLxBvu4oAeEw?authuser=0&hl=en&rclk=1,-0.547953,100.523163
Pantai Carolina,Sumatera Barat,4.2,sangat bagus,https://www.google.com/maps/place/Pantai+Carolina/data=!4m7!3m6!1s0x2fd4bacc33ecdb41:0x8924aa7303f6290a!8m2!3d-1.0370792!4d100.4082903!16s%2Fg%2F11bw77srp2!19sChIJQdvsM8y61C8RCin2A3OqJIk?authuser=0&hl=en&rclk=1,-1.0370792,100.4082903
Pantai Nirwana,Sumatera Barat,4.0,bagus,https://www.google.com/maps/place/Pantai+Nirwana/data=!4m7!3m6!1s0x2fd4bb1c13259c05:0x3f2eaeb7fab3e899!8m2!3d-1.0165786!4d100.3900043!16s%2Fg%2F11bxjr80_7!19sChIJBZwlExy71C8Rmeiz-reuLj8?authuser=0&hl=en&rclk=1,-1.0165786,100.3900043
Pantai Puruih Padang,Sumatera Barat,4.5,sangat bagus,https://www.google.com/maps/place/Pantai+Puruih+Padang/data=!4m7!3m6!1s0x2fd4b916117c42f9:0x79b1b61b853d93b8!8m2!3d-0.9330346!4d100.3503536!16s%2Fg%2F11fnsdm1kr!19sChIJ-UJ8ERa51C8RuJM9hRu2sXk?authuser=0&hl=en&rclk=1,-0.9330346,100.3503536
Wisata Pantai Tiku,Sumatera Barat,4.3,sangat bagus,https://www.google.com/maps/place/Wisata+Pantai+Tiku/data=!4m7!3m6!1s0x2fd509cdb08dc59b:0x58ddbce9dd11f274!8m2!3d-0.4032809!4d99.9151484!16s%2Fg%2F11cnc2rv8m!19sChIJm8WNsM0J1S8RdPIR3em83Vg?authuser=0&hl=en&rclk=1,-0.4032809,99.9151484
Pantai Padang,Sumatera Barat,4.5,sangat bagus,https://www.google.com/maps/place/Pantai+Padang/data=!4m7!3m6!1s0x2fd4b953816f4fcd:0x62047dd24b799b54!8m2!3d-0.9611252!4d100.3528356!16s%2Fg%2F11gfj_xbhg!19sChIJzU9vgVO51C8RVJt5S9J9BGI?authuser=0&hl=en&rclk=1,-0.9611252,100.3528356
Pantai Pariaman,Sumatera Barat,4.6,sangat bagus,https://www.google.com/maps/place/Pantai+Pariaman/data=!4m7!3m6!1s0x2fd4e3d1070265df:0xaa1cf4e766f43dbe!8m2!3d-0.6253131!4d100.114925!16s%2Fg%2F11l00f15jz!19sChIJ32UCB9Hj1C8Rvj30Zuf0HKo?authuser=0&hl=en&rclk=1,-0.6253131,100.114925
Pantai Katapiang,Sumatera Barat,4.5,sangat bagus,https://www.google.com/maps/place/Pantai+Katapiang/data=!4m7!3m6!1s0x2fd4e872ef40f8b7:0x521bc998fa30a86!8m2!3d-0.7489604!4d100.2357538!16s%2Fg%2F11c0pyv2f2!19sChIJt_hA73Lo1C8Rhgqjj5m8IQU?authuser=0&hl=en&rclk=1,-0.7489604,100.2357538
Pantai Gajah Padang,Sumatera Barat,4.2,sangat bagus,https://www.google.com/maps/place/Pantai+Gajah+Padang/data=!4m7!3m6!1s0x2fd4bf56a1a96391:0xb966bbadaf3acfdd!8m2!3d-0.894702!4d100.3440705!16s%2Fg%2F11by_kxryj!19sChIJkWOpoVa_1C8R3c86r627Zrk?authuser=0&hl=en&rclk=1,-0.894702,100.3440705
Pantai Ulakan,Sumatera Barat,4.5,sangat bagus,https://www.google.com/maps/place/Pantai+Ulakan/data=!4m7!3m6!1s0x2fd4e68f5e5c6d29:0x2b0a4ceea9fa4df3!8m2!3d-0.6982931!4d100.1817757!16s%2Fg%2F11c460dcq3!19sChIJKW1cXo_m1C8R8036qe5MCis?authuser=0&hl=en&rclk=1,-0.6982931,100.1817757
Pantai Cinta,Sumatera Barat,4.3,sangat bagus,https://www.google.com/maps/place/Pantai+Cinta/data=!4m7!3m6!1s0x2fd4c18503b68947:0x512b0722901bc63a!8m2!3d-0.8234507!4d100.2962725!16s%2Fg%2F11cs17cyf2!19sChIJR4m2A4XB1C8ROsYbkCIHK1E?authuser=0&hl=en&rclk=1,-0.8234507,100.2962725
Taplau Pantai Padang,Sumatera Barat,4.4,sangat bagus,https://www.google.com/maps/place/Taplau+Pantai+Padang/data=!4m7!3m6!1s0x2fd4b9d15026f397:0x268a9aee3e7b83ea!8m2!3d-0.9484478!4d100.3518922!16s%2Fg%2F11s8vkf6ch!19sChIJl_MmUNG51C8R6oN7Pu6aiiY?authuser=0&hl=en&rclk=1,-0.9484478,100.3518922
Pasir Jambak Beach,Sumatera Barat,4.5,sangat bagus,https://www.google.com/maps/place/Pasir+Jambak+Beach/data=!4m7!3m6!1s0x2fd4c11a48d3fd19:0x1f51f7aee760d432!8m2!3d-0.8254092!4d100.2988964!16s%2Fg%2F11fmqb0m0v!19sChIJGf3TSBrB1C8RMtRg5673UR8?authuser=0&hl=en&rclk=1,-0.8254092,100.2988964
Pantai Sasak,Sumatera Barat,4.4,sangat bagus,https://www.google.com/maps/place/Pantai+Sasak/data=!4m7!3m6!1s0x2fd5881f5fa96577:0x983c0345fdd3560a!8m2!3d0.0000125!4d99.6947344!16s%2Fg%2F11fx7t_fby!19sChIJd2WpXx-I1S8RClbT_UUDPJg?authuser=0&hl=en&rclk=1,1.25e-05,99.6947344
Pantai Batu Kalang,Sumatera Barat,4.6,sangat bagus,https://www.google.com/maps/place/Pantai+Batu+Kalang/data=!4m7!3m6!1s0x2fd357565d4f9ebf:0x6af373a35a10f608!8m2!3d-1.2666907!4d100.4412443!16s%2Fg%2F11b7xjkxvb!19sChIJv55PXVZX0y8RCPYQWqNz82o?authuser=0&hl=en&rclk=1,-1.2666907,100.4412443
Pantai Cermin,Sumatera Barat,4.4,sangat bagus,https://www.google.com/maps/place/Pantai+Cermin/data=!4m7!3m6!1s0x2fd4e306fe8dde7d:0xa221d43bbd7c985d!8m2!3d-0.6355283!4d100.1221831!16s%2Fg%2F11b6_d8dm6!19sChIJfd6N_gbj1C8RXZh8vTvUIaI?authuser=0&hl=en&rclk=1,-0.6355283,100.1221831
Pantai Sikabau,Sumatera Barat,4.4,sangat bagus,https://www.google.com/maps/place/Pantai+Sikabau/data=!4m7!3m6!1s0x302a11e10096e2e9:0x49c2f1837a3d2a84!8m2!3d0.1465889!4d99.4350424!16s%2Fg%2F11fx8ykztw!19sChIJ6eKWAOERKjARhCo9eoPxwkk?authuser=0&hl=en&rclk=1,0.1465889,99.4350424
Batu Malin Kundang,Sumatera Barat,4.1,sangat bagus,https://www.google.com/maps/place/Batu+Malin+Kundang/data=!4m7!3m6!1s0x2fd4bb9a778a3041:0xcec062c40063270!8m2!3d-0.9944478!4d100.3645746!16s%2Fg%2F1218lpyw!19sChIJQTCKd5q71C8RcDIGQCwG7Aw?authuser=0&hl=en&rclk=1,-0.9944478,100.3645746
Pantai Tan Sridano,Sumatera Barat,4.3,sangat bagus,https://www.google.com/maps/place/Pantai+Tan+Sridano/data=!4m7!3m6!1s0x2e2ccaab223e2931:0x719a8646e63b3f5c!8m2!3d-1.4975592!4d100.6209737!16s%2Fg%2F11g8v10w19!19sChIJMSk-IqvKLC4RXD875kaGmnE?authuser=0&hl=en&rclk=1,-1.4975592,100.6209737
Pantai Tiram,Sumatera Barat,4.5,sangat bagus,https://www.google.com/maps/place/Pantai+Tiram/data=!4m7!3m6!1s0x2fd4e6345e7591b9:0x7642b6e2304d414a!8m2!3d-0.7199795!4d100.2039938!16s%2Fg%2F11bwfljgy_!19sChIJuZF1XjTm1C8RSkFNMOK2QnY?authuser=0&hl=en&rclk=1,-0.7199795,100.2039938
Pantai Kampoeang Tingga,Sumatera Barat,4.6,sangat bagus,https://www.google.com/maps/place/Pantai+Kampoeang+Tingga/data=!4m7!3m6!1s0x2fd4bb6d8dad4a81:0xf422879c3784143c!8m2!3d-0.9810182!4d100.3599253!16s%2Fg%2F11h18cs8kq!19sChIJgUqtjW271C8RPBSEN5yHIvQ?authuser=0&hl=en&rclk=1,-0.9810182,100.3599253
Pantai Kalampayan,Sumatera Barat,4.5,sangat bagus,https://www.google.com/maps/place/Pantai+Kalampayan/data=!4m7!3m6!1s0x2fd5045ae69fe3f7:0x1dadc0605ff1bc32!8m2!3d-0.4917978!4d100.0265254!16s%2Fg%2F11g9vvkdr0!19sChIJ9-Of5loE1S8RMrzxX2DArR0?authuser=0&hl=en&rclk=1,-0.4917978,100.0265254
Kawasan Pantai Muaro Bantiang,Sumatera Barat,4.5,sangat bagus,https://www.google.com/maps/place/Kawasan+Pantai+Muaro+Bantiang/data=!4m7!3m6!1s0x2fd350ca5d576b49:0x166a04e39f1f9985!8m2!3d-1.2706007!4d100.4635572!16s%2Fg%2F11c4bgncwy!19sChIJSWtXXcpQ0y8RhZkfn-MEahY?authuser=0&hl=en&rclk=1,-1.2706007,100.4635572
Pantai Samudra (Taplau),Sumatera Barat,4.3,sangat bagus,https://www.google.com/maps/place/Pantai+Samudra+%28Taplau%29/data=!4m7!3m6!1s0x2fd4b935a4a76f0d:0x6a1566cd76b05724!8m2!3d-0.9509335!4d100.3519528!16s%2Fg%2F1pzw39xs8!19sChIJDW-npDW51C8RJFewds1mFWo?authuser=0&hl=en&rclk=1,-0.9509335,100.3519528
Pantai Arta Indah,Sumatera Barat,4.2,sangat bagus,https://www.google.com/maps/place/Pantai+Arta+Indah/data=!4m7!3m6!1s0x2fd5035c9b000001:0x81278c494983cfbf!8m2!3d-0.4991826!4d100.0651573!16s%2Fg%2F11g8wd7zz2!19sChIJAQAAm1wD1S8Rv8-DSUmMJ4E?authuser=0&hl=en&rclk=1,-0.4991826,100.0651573
Gandoriah Beach,Sumatera Barat,4.4,sangat bagus,https://www.google.com/maps/place/Gandoriah+Beach/data=!4m7!3m6!1s0x2fd4e2fcb7497303:0xe94c5e99bef3f23c!8m2!3d-0.6252124!4d100.1149368!16s%2Fg%2F1224zlpc!19sChIJA3NJt_zi1C8RPPLzvpleTOk?authuser=0&hl=en&rclk=1,-0.6252124,100.1149368
Carocok Beach,Sumatera Barat,4.4,sangat bagus,https://www.google.com/maps/place/Carocok+Beach/data=!4m7!3m6!1s0x2fd34d9d1b26aafd:0xab73edf3dfc631c8!8m2!3d-1.3529706!4d100.5733473!16s%2Fg%2F121l0tzn!19sChIJ_aomG51N0y8RyDHG3_Ptc6s?authuser=0&hl=en&rclk=1,-1.3529706,100.5733473
Pantai Padang Purus,Sumatera Barat,4.4,sangat bagus,https://www.google.com/maps/place/Pantai+Padang+Purus/data=!4m7!3m6!1s0x2fd4b9bffffffff9:0x990f13dbea9337aa!8m2!3d-0.9295254!4d100.3500354!16s%2Fg%2F11f_3j72n4!19sChIJ-f___7-51C8RqjeT6tsTD5k?authuser=0&hl=en&rclk=1,-0.9295254,100.3500354
Pantai Pasir Baru,Sumatera Barat,4.0,bagus,https://www.google.com/maps/place/Pantai+Pasir+Baru/data=!4m7!3m6!1s0x2fd51d9fd8a15341:0x1e5aed931288735f!8m2!3d-0.5647451!4d100.089193!16s%2Fg%2F11hzsv3xxg!19sChIJQVOh2J8d1S8RX3OIEpPtWh4?authuser=0&hl=en&rclk=1,-0.5647451,100.089193
Pantai Indah Cemara Laut,Sumatera Barat,4.5,sangat bagus,https://www.google.com/maps/place/Pantai+Indah+Cemara+Laut/data=!4m7!3m6!1s0x2fd4c1ce6de15bdf:0x68068b3b1f4c92d7!8m2!3d-0.8353115!4d100.3115497!16s%2Fg%2F11hzpnfm72!19sChIJ31vhbc7B1C8R15JMHzuLBmg?authuser=0&hl=en&rclk=1,-0.8353115,100.3115497
Pantai marapalam,Sumatera Barat,4.9,sangat bagus,https://www.google.com/maps/place/Pantai+marapalam/data=!4m7!3m6!1s0x2fd4a794c2c57c1d:0x1a7c2beb56f0f72!8m2!3d-1.1685005!4d100.3820797!16s%2Fg%2F11nnqsbt_n!19sChIJHXzFwpSn1C8Rcg9vtb7CpwE?authuser=0&hl=en&rclk=1,-1.1685005,100.3820797
Teluk Marunggai,Sumatera Barat,4.7,sangat bagus,https://www.google.com/maps/place/Teluk+Marunggai/data=!4m7!3m6!1s0x2fd4a7331a881c9d:0x1585510d7d4b8dd5!8m2!3d-1.1786552!4d100.3851857!16s%2Fg%2F11j7hyn0y_!19sChIJnRyIGjOn1C8R1Y1LfQ1RhRU?authuser=0&hl=en&rclk=1,-1.1786552,100.3851857
"Tapakis Ulakan beach, Padang Pariaman",Sumatera Barat,4.4,sangat bagus,"https://www.google.com/maps/place/Tapakis+Ulakan+beach,+Padang+Pariaman/data=!4m7!3m6!1s0x2fd4e7d1227c0d0d:0x1ab69615f59646ab!8m2!3d-0.7354992!4d100.2230603!16s%2Fg%2F11gdkxqvjh!19sChIJDQ18ItHn1C8Rq0aW9RWWtho?authuser=0&hl=en&rclk=1",-0.7354992,100.2230603
"Pantai Air Manih, Padang, Sumatera Barat",Sumatera Barat,4.2,sangat bagus,"https://www.google.com/maps/place/Pantai+Air+Manih,+Padang,+Sumatera+Barat/data=!4m7!3m6!1s0x2fd4bb426fca773b:0x6f659d58c8cd92e5!8m2!3d-0.9899923!4d100.358416!16s%2Fg%2F11g0ssvdt7!19sChIJO3fKb0K71C8R5ZLNyFidZW8?authuser=0&hl=en&rclk=1",-0.9899923,100.358416
Pantai air manis,Sumatera Barat,4.7,sangat bagus,https://www.google.com/maps/place/Pantai+air+manis/data=!4m7!3m6!1s0x2fd4bb97600710a5:0xf670a88e1c66e4b4!8m2!3d-0.986835!4d100.3597573!16s%2Fg%2F11trn80bkt!19sChIJpRAHYJe71C8RtORmHI6ocPY?authuser=0&hl=en&rclk=1,-0.986835,100.3597573
Pantai Salido,Sumatera Barat,4.4,sangat bagus,https://www.google.com/maps/place/Pantai+Salido/data=!4m7!3m6!1s0x2fd3526630af0553:0x6079df98877c6df8!8m2!3d-1.327039!4d100.5643871!16s%2Fg%2F11hd6m8v6t!19sChIJUwWvMGZS0y8R-G18h5jfeWA?authuser=0&hl=en&rclk=1,-1.327039,100.5643871
Pantai Pasia Sabalah,Sumatera Barat,4.5,sangat bagus,https://www.google.com/maps/place/Pantai+Pasia+Sabalah/data=!4m7!3m6!1s0x2fd4c0de79729503:0x665bb59fce7b09ec!8m2!3d-0.8579197!4d100.3296559!16s%2Fg%2F11b_24c17g!19sChIJA5Vyed7A1C8R7Al7zp-1W2Y?authuser=0&hl=en&rclk=1,-0.8579197,100.3296559
Pantai Tiku,Sumatera Barat,4.2,sangat bagus,https://www.google.com/maps/place/Pantai+Tiku/data=!4m7!3m6!1s0x2fd509cef5e839fd:0x6b6b7109dd8d6e06!8m2!3d-0.4003066!4d99.9158607!16s%2Fg%2F11b6hqmnr1!19sChIJ_Tno9c4J1S8RBm6N3Qlxa2s?authuser=0&hl=en&rclk=1,-0.4003066,99.9158607
Padang beach,Sumatera Barat,4.7,sangat bagus,https://www.google.com/maps/place/Padang+beach/data=!4m7!3m6!1s0x2fd4b9b17a4ffb99:0x62bae7db3a11995!8m2!3d-0.9381194!4d100.3507549!16s%2Fg%2F11gh9xgvh7!19sChIJmftPerG51C8RlRmhs32uKwY?authuser=0&hl=en&rclk=1,-0.9381194,100.3507549
Pantai Gasan,Sumatera Barat,4.4,sangat bagus,https://www.google.com/maps/place/Pantai+Gasan/data=!4m7!3m6!1s0x2fd5060ffcdc6437:0xeb27c7acd40d9079!8m2!3d-0.4532397!4d99.9802493!16s%2Fg%2F11g02w0snj!19sChIJN2Tc_A8G1S8ReZAN1KzHJ-s?authuser=0&hl=en&rclk=1,-0.4532397,99.9802493
Pantai Sikilang,Sumatera Barat,4.3,sangat bagus,https://www.google.com/maps/place/Pantai+Sikilang/data=!4m7!3m6!1s0x302a0cd238af8195:0xe8ff7ef48e660c02!8m2!3d0.1017673!4d99.5433262!16s%2Fg%2F11gg96hflx!19sChIJlYGvONIMKjARAgxmjvR-_-g?authuser=0&hl=en&rclk=1,0.1017673,99.5433262
Pantai Tanjung Mutiara Tiku,Sumatera Barat,4.2,sangat bagus,https://www.google.com/maps/place/Pantai+Tanjung+Mutiara+Tiku/data=!4m7!3m6!1s0x2fd5085f50bbea33:0xd9a742e8495b4ff6!8m2!3d-0.4207758!4d99.9460977!16s%2Fg%2F11fyx7dy4b!19sChIJM-q7UF8I1S8R9k9bSehCp9k?authuser=0&hl=en&rclk=1,-0.4207758,99.9460977
Pantai karambia ampek,Sumatera Barat,4.4,sangat bagus,https://www.google.com/maps/place/Pantai+karambia+ampek/data=!4m7!3m6!1s0x2fd4e7d8787378ff:0x90ba4272084fde63!8m2!3d-0.7412906!4d100.2285695!16s%2Fg%2F11cjhlvhxw!19sChIJ_3hzeNjn1C8RY95PCHJCupA?authuser=0&hl=en&rclk=1,-0.7412906,100.2285695
Pantai Airmanis Batu Malin Kundang,Sumatera Barat,4.1,sangat bagus,https://www.google.com/maps/place/Pantai+Airmanis+Batu+Malin+Kundang/data=!4m7!3m6!1s0x2fd4bb23228be8c7:0x2e6ea2ca0ffac1dd!8m2!3d-0.993751!4d100.3646404!16s%2Fg%2F11hz6dkf6m!19sChIJx-iLIiO71C8R3cH6D8qibi4?authuser=0&hl=en&rclk=1,-0.993751,100.3646404
Pantai Salido Painan,Sumatera Barat,4.6,sangat bagus,https://www.google.com/maps/place/Pantai+Salido+Painan/data=!4m7!3m6!1s0x2fd3527ead5cdd89:0xfe5b3f2e03338f4f!8m2!3d-1.3388644!4d100.5690699!16s%2Fg%2F11fx8d6vcb!19sChIJid1crX5S0y8RT48zAy4_W_4?authuser=0&hl=en&rclk=1,-1.3388644,100.5690699
Pulau Angso Duo,Sumatera Barat,4.4,sangat bagus,https://www.google.com/maps/place/Pulau+Angso+Duo/data=!4m7!3m6!1s0x2fd4e3e551fa5995:0x97aeeaa18c2fa2a4!8m2!3d-0.6327099!4d100.0996971!16s%2Fg%2F11ks1_nsnq!19sChIJlVn6UeXj1C8RpKIvjKHqrpc?authuser=0&hl=en&rclk=1,-0.6327099,100.0996971
Pantai Aru Rapek,Sumatera Barat,4.2,sangat bagus,https://www.google.com/maps/place/Pantai+Aru+Rapek/data=!4m7!3m6!1s0x2fd4e94a4c87a453:0xb54c3800f776d63!8m2!3d-0.7638783!4d100.2515633!16s%2Fg%2F11s2pl14t2!19sChIJU6SHTErp1C8RY213D4DDVAs?authuser=0&hl=en&rclk=1,-0.7638783,100.2515633
Pantai Morgan Bangau Putih,Sumatera Barat,4.4,sangat bagus,https://www.google.com/maps/place/Pantai+Morgan+Bangau+Putih/data=!4m7!3m6!1s0x2fd4c1df95265c05:0x5142a5bcde8e6e7b!8m2!3d-0.8775878!4d100.3392452!16s%2Fg%2F11tmkf5fvl!19sChIJBVwmld_B1C8Re26O3rylQlE?authuser=0&hl=en&rclk=1,-0.8775878,100.3392452
"Pantai Cinta, Teluk Jering Tambang",Riau,4.1,sangat bagus,"https://www.google.com/maps/place/Pantai+Cinta,+Teluk+Jering+Tambang/data=!4m7!3m6!1s0x31d5a6eaad948359:0x7dbd5215415f6571!8m2!3d0.3861839!4d101.4109818!16s%2Fg%2F11f1sylhtp!19sChIJWYOUreqm1TERcWVfQRVSvX0?authuser=0&hl=en&rclk=1",0.3861839,101.4109818
Pantai Selat Baru,Riau,4.3,sangat bagus,https://www.google.com/maps/place/Pantai+Selat+Baru/data=!4m7!3m6!1s0x31d16607810b45c3:0xdcf48be692296d95!8m2!3d1.5625169!4d102.2460199!16s%2Fg%2F11b6g6d_y_!19sChIJw0ULgQdm0TERlW0pkuaL9Nw?authuser=0&hl=en&rclk=1,1.5625169,102.2460199
Pantai Marina Puak - Teluk Makmur,Riau,3.9,bagus,https://www.google.com/maps/place/Pantai+Marina+Puak+-+Teluk+Makmur/data=!4m7!3m6!1s0x31d3b009dc44c601:0x39fd0dcfd56053dd!8m2!3d1.6426122!4d101.5401983!16s%2Fg%2F11bzz1dlb9!19sChIJAcZE3Amw0zER3VNg1c8N_Tk?authuser=0&hl=en&rclk=1,1.6426122,101.5401983
Pantai Solop,Riau,4.2,sangat bagus,https://www.google.com/maps/place/Pantai+Solop/data=!4m7!3m6!1s0x2e27fdd772b2da6b:0x7d70d04b013c793c!8m2!3d-0.0753845!4d103.5798445!16s%2Fg%2F11c45wjxbb!19sChIJa9qyctf9Jy4RPHk8AUvQcH0?authuser=0&hl=en&rclk=1,-0.0753845,103.5798445
Pelawan Beach,Riau,4.2,sangat bagus,https://www.google.com/maps/place/Pelawan+Beach/data=!4m7!3m6!1s0x31d74fa9a44c5d9f:0x5b59c2ff65d0823b!8m2!3d1.0491494!4d103.3127636!16s%2Fg%2F11b6t406fc!19sChIJn11MpKlP1zERO4LQZf_CWVs?authuser=0&hl=en&rclk=1,1.0491494,103.3127636
Medang cape coast (North Rupat),Riau,4.2,sangat bagus,https://www.google.com/maps/place/Medang+cape+coast+%28North+Rupat%29/data=!4m7!3m6!1s0x31d26a8c44f3d101:0x9be4ea65b8f2a734!8m2!3d2.115016!4d101.6405655!16s%2Fg%2F11b7rtwv0h!19sChIJAdHzRIxq0jERNKfyuGXq5Js?authuser=0&hl=en&rclk=1,2.115016,101.6405655
Pantai pulau bayur,Riau,4.6,sangat bagus,https://www.google.com/maps/place/Pantai+pulau+bayur/data=!4m7!3m6!1s0x31d50b7a12e58697:0x89612222daf07a83!8m2!3d0.34648!4d101.289498!16s%2Fg%2F11t44ms_1v!19sChIJl4blEnoL1TERg3rw2iIiYYk?authuser=0&hl=en&rclk=1,0.34648,101.289498
Pantai Kute Kerinci,Riau,4.0,bagus,https://www.google.com/maps/place/Pantai+Kute+Kerinci/data=!4m7!3m6!1s0x31d5c3316e4011ed:0xb635d2fad64b92df!8m2!3d0.3421224!4d101.8824929!16s%2Fg%2F11hbv8p7fx!19sChIJ7RFAbjHD1TER35JL1vrSNbY?authuser=0&hl=en&rclk=1,0.3421224,101.8824929
Pantai Pasir Koneng ( Puak ),Riau,4.0,bagus,https://www.google.com/maps/place/Pantai+Pasir+Koneng+%28+Puak+%29/data=!4m7!3m6!1s0x31d3baa0a777b4af:0x25305c7b01eaca49!8m2!3d1.6421441!4d101.5427516!16s%2Fg%2F11d_pswn7y!19sChIJr7R3p6C60zERScrqAXtcMCU?authuser=0&hl=en&rclk=1,1.6421441,101.5427516
Pantai Wisata Raja Kecik,Riau,4.4,sangat bagus,https://www.google.com/maps/place/Pantai+Wisata+Raja+Kecik/data=!4m7!3m6!1s0x31d16b5e83a66d4f:0x7b07eb5ab382e85b!8m2!3d1.5320819!4d102.4163633!16s%2Fg%2F11q23fjxxt!19sChIJT22mg15r0TERW-iCs1rrB3s?authuser=0&hl=en&rclk=1,1.5320819,102.4163633
PANTAI JANGKANG,Riau,4.6,sangat bagus,https://www.google.com/maps/place/PANTAI+JANGKANG/data=!4m7!3m6!1s0x31d1650f94fd7403:0xea4ef0457859404c!8m2!3d1.5694565!4d102.1868436!16s%2Fg%2F11n175ggtr!19sChIJA3T9lA9l0TERTEBZeEXwTuo?authuser=0&hl=en&rclk=1,1.5694565,102.1868436
Pantai Bidari Kuala Enok,Riau,4.6,sangat bagus,https://www.google.com/maps/place/Pantai+Bidari+Kuala+Enok/data=!4m7!3m6!1s0x2e287ea1f82d0673:0xc64aead170d918c1!8m2!3d-0.529192!4d103.4567865!16s%2Fg%2F11cmd09b8j!19sChIJcwYt-KF-KC4RwRjZcNHqSsY?authuser=0&hl=en&rclk=1,-0.529192,103.4567865
Pantai Wisata Purnama,Riau,3.7,bagus,https://www.google.com/maps/place/Pantai+Wisata+Purnama/data=!4m7!3m6!1s0x31d3a9c30ae82d9d:0xa16770871fe7bee1!8m2!3d1.6975866!4d101.4087851!16s%2Fg%2F11jr5dhql4!19sChIJnS3oCsOp0zER4b7nH4dwZ6E?authuser=0&hl=en&rclk=1,1.6975866,101.4087851
Pantai Kuta Limau Manis,Riau,3.4,bagus,https://www.google.com/maps/place/Pantai+Kuta+Limau+Manis/data=!4m7!3m6!1s0x31d5144d12ca94e7:0x5edb2cf8846e028b!8m2!3d0.3413567!4d101.0279545!16s%2Fg%2F11dy1pp0wm!19sChIJ55TKEk0U1TERiwJuhPgs214?authuser=0&hl=en&rclk=1,0.3413567,101.0279545
PANTAI JAI-JAI RAOK,Riau,4.4,sangat bagus,https://www.google.com/maps/place/PANTAI+JAI-JAI+RAOK/data=!4m7!3m6!1s0x2e2a471d06492c23:0x20254bd02160de5f!8m2!3d-0.4301941!4d101.6706136!16s%2Fg%2F11h_z7sdb9!19sChIJIyxJBh1HKi4RX95gIdBLJSA?authuser=0&hl=en&rclk=1,-0.4301941,101.6706136
Pantai Boting Pasir Teluk Bano II,Riau,4.4,sangat bagus,https://www.google.com/maps/place/Pantai+Boting+Pasir+Teluk+Bano+II/data=!4m7!3m6!1s0x31d2db621121777b:0xc86a85f770042bc6!8m2!3d1.9275931!4d100.8893275!16s%2Fg%2F11f0kxyqq7!19sChIJe3chEWLb0jERxisEcPeFasg?authuser=0&hl=en&rclk=1,1.9275931,100.8893275
Pantai Akasia Indah Guntung,Riau,3.9,bagus,https://www.google.com/maps/place/Pantai+Akasia+Indah+Guntung/data=!4m7!3m6!1s0x31d3ba9c2fcd8d71:0x6923950783719984!8m2!3d1.6392853!4d101.5538892!16s%2Fg%2F11f1t2vksv!19sChIJcY3NL5y60zERhJlxgweVI2k?authuser=0&hl=en&rclk=1,1.6392853,101.5538892
Pantai Tenggayun,Riau,4.0,bagus,https://www.google.com/maps/place/Pantai+Tenggayun/data=!4m7!3m6!1s0x31d3dce68623feb1:0x2187916c2e00391b!8m2!3d1.5329228!4d101.917002!16s%2Fg%2F11c6_z39xd!19sChIJsf4jhubc0zERGzkALmyRhyE?authuser=0&hl=en&rclk=1,1.5329228,101.917002
Pantai Tanjung Motong,Riau,4.3,sangat bagus,https://www.google.com/maps/place/Pantai+Tanjung+Motong/data=!4m7!3m6!1s0x31d6dab09380aa65:0x3df67e2cd7a15434!8m2!3d1.0204397!4d102.6318691!16s%2Fg%2F11gckj469z!19sChIJZaqAk7Da1jERNFSh1yx-9j0?authuser=0&hl=en&rclk=1,1.0204397,102.6318691
Pantai Tanjung Medang,Riau,4.7,sangat bagus,https://www.google.com/maps/place/Pantai+Tanjung+Medang/data=!4m7!3m6!1s0x31d26b5999e154fd:0xb5e9eea05a77bced!8m2!3d2.124676!4d101.6557636!16s%2Fg%2F11gtyx2nxg!19sChIJ_VThmVlr0jER7bx3WqDu6bU?authuser=0&hl=en&rclk=1,2.124676,101.6557636
Pantai Sesai Pugar Alam,Riau,4.0,bagus,https://www.google.com/maps/place/Pantai+Sesai+Pugar+Alam/data=!4m7!3m6!1s0x31d7156a6a9d0d71:0xbf4cb48975f269fb!8m2!3d0.8680838!4d103.1527905!16s%2Fg%2F11gmyw2020!19sChIJcQ2damoV1zER-2nydYm0TL8?authuser=0&hl=en&rclk=1,0.8680838,103.1527905
Pantai Tanjungpunak,Riau,4.1,sangat bagus,https://www.google.com/maps/place/Pantai+Tanjungpunak/data=!4m7!3m6!1s0x31d26aa64d39ce7d:0x7861287d5eb2491e!8m2!3d2.1033201!4d101.6936924!16s%2Fg%2F11gg920_7f!19sChIJfc45TaZq0jERHkmyXn0oYXg?authuser=0&hl=en&rclk=1,2.1033201,101.6936924
Pantai Captain Elwin,Riau,4.6,sangat bagus,https://www.google.com/maps/place/Pantai+Captain+Elwin/data=!4m7!3m6!1s0x31d3bb3f8294dcfb:0xb5e63b253ed85b79!8m2!3d1.6413992!4d101.5443352!16s%2Fg%2F11rk4ltb7c!19sChIJ-9yUgj-70zEReVvYPiU75rU?authuser=0&hl=en&rclk=1,1.6413992,101.5443352
Pantai pulai bungkuk,Riau,4.1,sangat bagus,https://www.google.com/maps/place/Pantai+pulai+bungkuk/data=!4m7!3m6!1s0x31d3af14a0f1236d:0x7cafa18332d2d853!8m2!3d1.6689355!4d101.4954171!16s%2Fg%2F11qq1pb8vh!19sChIJbSPxoBSv0zERU9jSMoOhr3w?authuser=0&hl=en&rclk=1,1.6689355,101.4954171
Pantai Indah Sergang,Riau,4.4,sangat bagus,https://www.google.com/maps/place/Pantai+Indah+Sergang/data=!4m7!3m6!1s0x2e27190e9379cd9b:0xb18d61dcfa165f37!8m2!3d-0.4851884!4d104.5916576!16s%2Fg%2F11c4sz5wz1!19sChIJm815kw4ZJy4RN18W-txhjbE?authuser=0&hl=en&rclk=1,-0.4851884,104.5916576
Pantai kiambang,Riau,4.5,sangat bagus,https://www.google.com/maps/place/Pantai+kiambang/data=!4m7!3m6!1s0x2e2855a95b639ffb:0x19fe97651734269e!8m2!3d-0.5385375!4d102.8549844!16s%2Fg%2F11h3x4r2gv!19sChIJ-59jW6lVKC4RniY0F2WX_hk?authuser=0&hl=en&rclk=1,-0.5385375,102.8549844
Pantai Makeruh,Riau,4.4,sangat bagus,https://www.google.com/maps/place/Pantai+Makeruh/data=!4m7!3m6!1s0x31d23f2f2ec9b291:0x71ad61e6db4b405c!8m2!3d2.0308089!4d101.7462368!16s%2Fg%2F11g9qgvg2k!19sChIJkbLJLi8_0jERXEBL2-ZhrXE?authuser=0&hl=en&rclk=1,2.0308089,101.7462368
Pantai Wisata Bahtera Alam Guntung,Riau,4.3,sangat bagus,https://www.google.com/maps/place/Pantai+Wisata+Bahtera+Alam+Guntung/data=!4m7!3m6!1s0x31d3afc447fab813:0x39cac0d1df604f3c!8m2!3d1.6373153!4d101.5587823!16s%2Fg%2F11fct4nwt7!19sChIJE7j6R8Sv0zERPE9g39HAyjk?authuser=0&hl=en&rclk=1,1.6373153,101.5587823
Pantai Paus,Riau,4.0,bagus,https://www.google.com/maps/place/Pantai+Paus/data=!4m7!3m6!1s0x31d72a61d30a6329:0x7127dbc0b38eb1e7!8m2!3d1.1440491!4d102.825425!16s%2Fg%2F11gg6b8q0y!19sChIJKWMK02Eq1zER57GOs8DbJ3E?authuser=0&hl=en&rclk=1,1.1440491,102.825425
Pasir Pantai Pulau Ingu,Riau,4.1,sangat bagus,https://www.google.com/maps/place/Pasir+Pantai+Pulau+Ingu/data=!4m7!3m6!1s0x2e2a4888d7091c7d:0xd28bbddf017dbf73!8m2!3d-0.4523472!4d101.6561931!16s%2Fg%2F11csswn7f7!19sChIJfRwJ14hIKi4Rc799Ad-9i9I?authuser=0&hl=en&rclk=1,-0.4523472,101.6561931
Pantai Pasir Putih,Kepulauan Riau,4.0,bagus,https://www.google.com/maps/place/Pantai+Pasir+Putih/data=!4m7!3m6!1s0x31d9f5227c4bc27b:0xb15004a0e3f9c168!8m2!3d1.1462115!4d103.8916698!16s%2Fg%2F11f_stcf1d!19sChIJe8JLfCL12TERaMH546AEULE?authuser=0&hl=en&rclk=1,1.1462115,103.8916698
Pantai Payung,Kepulauan Riau,4.1,sangat bagus,https://www.google.com/maps/place/Pantai+Payung/data=!4m7!3m6!1s0x31d987a8a4b3560d:0x9c3c4a6ecc845de6!8m2!3d1.1468719!4d104.1418163!16s%2Fg%2F11cjhzs2t3!19sChIJDVazpKiH2TER5l2EzG5KPJw?authuser=0&hl=en&rclk=1,1.1468719,104.1418163
Pantai SISI,Kepulauan Riau,4.8,sangat bagus,https://www.google.com/maps/place/Pantai+SISI/data=!4m7!3m6!1s0x31ef911e7efffb83:0xa8cefff71b792c1b!8m2!3d2.5274945!4d109.0481043!16s%2Fg%2F11c6z20vs9!19sChIJg_v_fh6R7zERGyx5G_f_zqg?authuser=0&hl=en&rclk=1,2.5274945,109.0481043
Pantai Tanjung Siambang,Kepulauan Riau,4.2,sangat bagus,https://www.google.com/maps/place/Pantai+Tanjung+Siambang/data=!4m7!3m6!1s0x31d90d29c4a675b7:0xcf0657965e147ede!8m2!3d0.8713219!4d104.4265757!16s%2Fg%2F11c65k6cvt!19sChIJt3WmxCkN2TER3n4UXpZXBs8?authuser=0&hl=en&rclk=1,0.8713219,104.4265757
Pantai Stres,Kepulauan Riau,3.6,bagus,https://www.google.com/maps/place/Pantai+Stres/data=!4m7!3m6!1s0x31d98a22974805a9:0xbbabecaebc0e3626!8m2!3d1.1593888!4d103.9973423!16s%2Fg%2F1q5blmthl!19sChIJqQVIlyKK2TERJjYOvK7sq7s?authuser=0&hl=en&rclk=1,1.1593888,103.9973423
Pantai Kampung Indonesia Ocarina,Kepulauan Riau,4.3,sangat bagus,https://www.google.com/maps/place/Pantai+Kampung+Indonesia+Ocarina/data=!4m7!3m6!1s0x31d9884cba6cb8e5:0xf576504745842034!8m2!3d1.1519305!4d104.0547994!16s%2Fg%2F11c2nn1v0p!19sChIJ5bhsukyI2TERNCCERUdQdvU?authuser=0&hl=en&rclk=1,1.1519305,104.0547994
Nongsa Beach,Kepulauan Riau,4.2,sangat bagus,https://www.google.com/maps/place/Nongsa+Beach/data=!4m7!3m6!1s0x31d987c555555555:0x3d6b8470f6dba4cf!8m2!3d1.1886521!4d104.0768767!16s%2Fg%2F11bv39z_c4!19sChIJVVVVVcWH2TERz6Tb9nCEaz0?authuser=0&hl=en&rclk=1,1.1886521,104.0768767
Pantai Bale Bale,Kepulauan Riau,4.4,sangat bagus,https://www.google.com/maps/place/Pantai+Bale+Bale/data=!4m7!3m6!1s0x31d98924504ad691:0x757a8cc5396c6251!8m2!3d1.1706384!4d104.0698885!16s%2Fg%2F11hg9zs0ql!19sChIJkdZKUCSJ2TERUWJsOcWMenU?authuser=0&hl=en&rclk=1,1.1706384,104.0698885
Pantai Teluk Buton,Kepulauan Riau,4.6,sangat bagus,https://www.google.com/maps/place/Pantai+Teluk+Buton/data=!4m7!3m6!1s0x31ec86499a68eabd:0xf73eeab951c8d61b!8m2!3d4.1717428!4d108.2294928!16s%2Fg%2F11ggncm72x!19sChIJvepomkmG7DERG9bIUbnqPvc?authuser=0&hl=en&rclk=1,4.1717428,108.2294928
Pantai Batu Kasah,Kepulauan Riau,4.7,sangat bagus,https://www.google.com/maps/place/Pantai+Batu+Kasah/data=!4m7!3m6!1s0x31ec150afc15e6d5:0x7e4afc247c1f9628!8m2!3d3.8036844!4d108.3899402!16s%2Fg%2F11h07y2mhd!19sChIJ1eYV_AoV7DERKJYffCT8Sn4?authuser=0&hl=en&rclk=1,3.8036844,108.3899402
Pantai Panau,Kepulauan Riau,4.1,sangat bagus,https://www.google.com/maps/place/Pantai+Panau/data=!4m7!3m6!1s0x31d985c58669d86b:0x4294e4614f425072!8m2!3d1.0887997!4d104.1351993!16s%2Fg%2F11c57wpsk7!19sChIJa9hphsWF2TERclBCT2HklEI?authuser=0&hl=en&rclk=1,1.0887997,104.1351993
Cipta Land Beach,Kepulauan Riau,4.2,sangat bagus,https://www.google.com/maps/place/Cipta+Land+Beach/data=!4m7!3m6!1s0x31d98bb3644addc3:0x5fc744403f3a297a!8m2!3d1.1371593!4d103.9780922!16s%2Fg%2F11gfjc_35g!19sChIJw91KZLOL2TEReik6P0BEx18?authuser=0&hl=en&rclk=1,1.1371593,103.9780922
Pantai Trikora 4,Kepulauan Riau,4.4,sangat bagus,https://www.google.com/maps/place/Pantai+Trikora+4/data=!4m7!3m6!1s0x31d96199215a6063:0x6a3c1c207c7d6a4e!8m2!3d1.1414438!4d104.5855911!16s%2Fg%2F11dy_h4dxy!19sChIJY2BaIZlh2TERTmp9fCAcPGo?authuser=0&hl=en&rclk=1,1.1414438,104.5855911
Sekilak Beach Tourism Batam,Kepulauan Riau,4.2,sangat bagus,https://www.google.com/maps/place/Sekilak+Beach+Tourism+Batam/data=!4m7!3m6!1s0x31d98700c8d8d94d:0x4a1cec19f3f17303!8m2!3d1.1424595!4d104.1474891!16s%2Fg%2F11c1v0hrr4!19sChIJTdnYyACH2TERA3Px8xnsHEo?authuser=0&hl=en&rclk=1,1.1424595,104.1474891
Pantai Tebung,Kepulauan Riau,4.8,sangat bagus,https://www.google.com/maps/place/Pantai+Tebung/data=!4m7!3m6!1s0x31ef9164e3b3b2c5:0xd632e82fd5bff25a!8m2!3d2.52367!4d109.08416!16s%2Fg%2F11c805wgbz!19sChIJxbKz42SR7zERWvK_1S_oMtY?authuser=0&hl=en&rclk=1,2.52367,109.08416
PANTAI TELUK DEPEH,Kepulauan Riau,4.5,sangat bagus,https://www.google.com/maps/place/PANTAI+TELUK+DEPEH/data=!4m7!3m6!1s0x31ec05fe90449307:0xc3a3b6aca118b7a9!8m2!3d3.6415903!4d108.1669914!16s%2Fg%2F11mmkd3wqj!19sChIJB5NEkP4F7DERqbcYoay2o8M?authuser=0&hl=en&rclk=1,3.6415903,108.1669914
Pantai Teluk Selahang,Kepulauan Riau,4.6,sangat bagus,https://www.google.com/maps/place/Pantai+Teluk+Selahang/data=!4m7!3m6!1s0x31ec692fc1606cf7:0x450e96a68a2786f!8m2!3d4.0023058!4d108.344761!16s%2Fg%2F11h0tx6fdk!19sChIJ92xgwS9p7DERb3iiaGrpUAQ?authuser=0&hl=en&rclk=1,4.0023058,108.344761
Pantai Pasir Manang,Kepulauan Riau,4.6,sangat bagus,https://www.google.com/maps/place/Pantai+Pasir+Manang/data=!4m7!3m6!1s0x31c26b1cf79c8ca3:0xd7817fa7f6597a17!8m2!3d3.2293991!4d106.2329834!16s%2Fg%2F11j03zstz6!19sChIJo4yc9xxrwjERF3pZ9qd_gdc?authuser=0&hl=en&rclk=1,3.2293991,106.2329834
Wisata Pulau Abang,Kepulauan Riau,3.9,bagus,https://www.google.com/maps/place/Wisata+Pulau+Abang/data=!4m7!3m6!1s0x31d8544cd72dcb9d:0xd48abc44ffa4e5!8m2!3d0.5320456!4d104.2400278!16s%2Fg%2F11ckfs_fgj!19sChIJncst10xU2DER5aT_RLyK1AA?authuser=0&hl=en&rclk=1,0.5320456,104.2400278
Pantai UTARA TIBAN,Kepulauan Riau,4.0,bagus,https://www.google.com/maps/place/Pantai+UTARA+TIBAN/data=!4m7!3m6!1s0x31d98bbd3456c70d:0x334b9b8ebaeac6b4!8m2!3d1.1369972!4d103.9773454!16s%2Fg%2F11hb544d89!19sChIJDcdWNL2L2TERtMbquo6bSzM?authuser=0&hl=en&rclk=1,1.1369972,103.9773454
Pantai Cakang,Kepulauan Riau,4.3,sangat bagus,https://www.google.com/maps/place/Pantai+Cakang/data=!4m7!3m6!1s0x31d9007847d96485:0x510d7b0dbd003761!8m2!3d0.61142!4d104.2885001!16s%2Fg%2F11c4m5jr0_!19sChIJhWTZR3gA2TERYTcAvQ17DVE?authuser=0&hl=en&rclk=1,0.61142,104.2885001
Tanjung Piayu Beach,Kepulauan Riau,4.4,sangat bagus,https://www.google.com/maps/place/Tanjung+Piayu+Beach/data=!4m7!3m6!1s0x31d990827154c765:0x9a1cdaed1d8b5308!8m2!3d0.9834862!4d104.0997659!16s%2Fg%2F11gbzbhypm!19sChIJZcdUcYKQ2TERCFOLHe3aHJo?authuser=0&hl=en&rclk=1,0.9834862,104.0997659
Pantai Setokok,Kepulauan Riau,4.1,sangat bagus,https://www.google.com/maps/place/Pantai+Setokok/data=!4m7!3m6!1s0x31d99704ee3fd1f1:0x388c5ef1cb049e99!8m2!3d0.9237004!4d104.0605862!16s%2Fg%2F11c5fzhq4t!19sChIJ8dE_7gSX2TERmZ4Ey_FejDg?authuser=0&hl=en&rclk=1,0.9237004,104.0605862
Halona Beach Resort,Kepulauan Riau,4.4,sangat bagus,https://www.google.com/maps/place/Halona+Beach+Resort/data=!4m7!3m6!1s0x31d9a9158112eb6f:0xe1a784788c1b6451!8m2!3d0.7045259!4d104.213718!16s%2Fg%2F11sdq9g8hx!19sChIJb-sSgRWp2TERUWQbjHiEp-E?authuser=0&hl=en&rclk=1,0.7045259,104.213718
Pasir Panjang Beach,Kepulauan Riau,4.0,bagus,https://www.google.com/maps/place/Pasir+Panjang+Beach/data=!4m7!3m6!1s0x31dbd7c8b20aa5f3:0xf32ed897d7585474!8m2!3d1.1880556!4d104.4366667!16s%2Fg%2F11fxc108dk!19sChIJ86UKssjX2zERdFRY15fYLvM?authuser=0&hl=en&rclk=1,1.1880556,104.4366667
New Melur Beach,Kepulauan Riau,4.3,sangat bagus,https://www.google.com/maps/place/New+Melur+Beach/data=!4m7!3m6!1s0x31d9a527b7be8999:0x2c850b917f882621!8m2!3d0.7576527!4d104.1855017!16s%2Fg%2F11llly5kgc!19sChIJmYm-tyel2TERISaIf5ELhSw?authuser=0&hl=en&rclk=1,0.7576527,104.1855017
Pantai Mubut darat,Kepulauan Riau,4.5,sangat bagus,https://www.google.com/maps/place/Pantai+Mubut+darat/data=!4m7!3m6!1s0x31d9a0a4408362b5:0x12d1309dfb78774a!8m2!3d0.8159504!4d104.2805297!16s%2Fg%2F11fzrlmnn8!19sChIJtWKDQKSg2TERSnd4-50w0RI?authuser=0&hl=en&rclk=1,0.8159504,104.2805297
Pantai Tanjung Setumu,Kepulauan Riau,4.3,sangat bagus,https://www.google.com/maps/place/Pantai+Tanjung+Setumu/data=!4m7!3m6!1s0x31d973fd2859927f:0x93204550f631cdfd!8m2!3d0.8763977!4d104.4171212!16s%2Fg%2F11hmy7g5m_!19sChIJf5JZKP1z2TER_c0x9lBFIJM?authuser=0&hl=en&rclk=1,0.8763977,104.4171212
"Palm Spring Beach, Nongsa, Batam",Kepulauan Riau,4.3,sangat bagus,"https://www.google.com/maps/place/Palm+Spring+Beach,+Nongsa,+Batam/data=!4m7!3m6!1s0x31da27ebe6a41659:0xed6a6e1dbfcaf601!8m2!3d1.1902626!4d104.0835822!16s%2Fg%2F11c1pcykrn!19sChIJWRak5usn2jERAfbKvx1uau0?authuser=0&hl=en&rclk=1",1.1902626,104.0835822
Lagoi Beach,Kepulauan Riau,4.5,sangat bagus,https://www.google.com/maps/place/Lagoi+Beach/data=!4m7!3m6!1s0x31dbd5fbe23026a5:0x40baace3c8a631e3!8m2!3d1.1789783!4d104.3723277!16s%2Fg%2F11bzq44mst!19sChIJpSYw4vvV2zER4zGmyOOsukA?authuser=0&hl=en&rclk=1,1.1789783,104.3723277
Pantai Melayu,Kepulauan Riau,4.4,sangat bagus,https://www.google.com/maps/place/Pantai+Melayu/data=!4m7!3m6!1s0x31d9a3d84df3fcf3:0xc77330b00cf29e74!8m2!3d0.856606!4d104.1460206!16s%2Fg%2F11rws9nnkl!19sChIJ8_zzTdij2TERdJ7yDLAwc8c?authuser=0&hl=en&rclk=1,0.856606,104.1460206
Pantai Teluk Mata Ikan,Kepulauan Riau,4.5,sangat bagus,https://www.google.com/maps/place/Pantai+Teluk+Mata+Ikan/data=!4m7!3m6!1s0x31da298205793155:0xd441cdfa2f6f7615!8m2!3d1.189074!4d104.1106155!16s%2Fg%2F11fhv3jxyd!19sChIJVTF5BYIp2jERFXZvL_rNQdQ?authuser=0&hl=en&rclk=1,1.189074,104.1106155
Pantai Melur Barelang,Kepulauan Riau,4.1,sangat bagus,https://www.google.com/maps/place/Pantai+Melur+Barelang/data=!4m7!3m6!1s0x31d9a5da34ebc843:0xf69dcc2b4e714f09!8m2!3d0.7557478!4d104.1860821!16s%2Fg%2F11b824wfqf!19sChIJQ8jrNNql2TERCU9xTivMnfY?authuser=0&hl=en&rclk=1,0.7557478,104.1860821
Pantai Floren,Kepulauan Riau,4.4,sangat bagus,https://www.google.com/maps/place/Pantai+Floren/data=!4m7!3m6!1s0x31da27594b44133f:0xe4d458d04754b7e!8m2!3d1.1944984!4d104.0912306!16s%2Fg%2F11rzrgg81p!19sChIJPxNES1kn2jERfkt1BI1FTQ4?authuser=0&hl=en&rclk=1,1.1944984,104.0912306
Pantai Panjang Bengkulu,Bengkulu,4.4,sangat bagus,https://www.google.com/maps/place/Pantai+Panjang+Bengkulu/data=!4m7!3m6!1s0x2e36ba980f1c23ed:0xc3299f0206b24ca3!8m2!3d-3.8085034!4d102.262839!16s%2Fg%2F12ht1lx39!19sChIJ7SMcD5i6Ni4Ro0yyBgKfKcM?authuser=0&hl=en&rclk=1,-3.8085034,102.262839
Panjang Beach Bengkulu,Bengkulu,4.5,sangat bagus,https://www.google.com/maps/place/Panjang+Beach+Bengkulu/data=!4m7!3m6!1s0x2e36ba9813ef644b:0x6ebb45e14445f899!8m2!3d-3.812404!4d102.2666804!16s%2Fg%2F11gfb3h9_s!19sChIJS2TvE5i6Ni4RmfhFROFFu24?authuser=0&hl=en&rclk=1,-3.812404,102.2666804
Pantai Pasir Putih,Bengkulu,4.5,sangat bagus,https://www.google.com/maps/place/Pantai+Pasir+Putih/data=!4m7!3m6!1s0x2e36ba96af6d70f1:0x3ae912ab3a3eb09!8m2!3d-3.8313934!4d102.2835105!16s%2Fg%2F11f3p1kkzw!19sChIJ8XBtr5a6Ni4RCeujsyqRrgM?authuser=0&hl=en&rclk=1,-3.8313934,102.2835105
Panjang Beach,Bengkulu,4.6,sangat bagus,https://www.google.com/maps/place/Panjang+Beach/data=!4m7!3m6!1s0x2e36ba9827ee40eb:0x54097f3d95dfe2cf!8m2!3d-3.8124307!4d102.2666337!16s%2Fg%2F11c1vfwdtr!19sChIJ60DuJ5i6Ni4Rz-LflT1_CVQ?authuser=0&hl=en&rclk=1,-3.8124307,102.2666337
Pantai Laguna Samudera,Bengkulu,4.5,sangat bagus,https://www.google.com/maps/place/Pantai+Laguna+Samudera/data=!4m7!3m6!1s0x2e37fffb7e6a511d:0x8f7b7bc7fdf83782!8m2!3d-4.9159053!4d103.5332381!16s%2Fg%2F11ckr6dk05!19sChIJHVFqfvv_Ny4Rgjf4_cd7e48?authuser=0&hl=en&rclk=1,-4.9159053,103.5332381
Zakat Beach,Bengkulu,4.3,sangat bagus,https://www.google.com/maps/place/Zakat+Beach/data=!4m7!3m6!1s0x2e36b02c66d02c25:0x7e4b17bd1364be42!8m2!3d-3.782286!4d102.2597604!16s%2Fg%2F11g6b3jlcx!19sChIJJSzQZiywNi4RQr5kE70XS34?authuser=0&hl=en&rclk=1,-3.782286,102.2597604
Padang Betuah Beach,Bengkulu,4.3,sangat bagus,https://www.google.com/maps/place/Padang+Betuah+Beach/data=!4m7!3m6!1s0x2e3152d596e0d6d9:0x484dbe15b09fa895!8m2!3d-3.6540292!4d102.2068603!16s%2Fg%2F11csb12vst!19sChIJ2dbgltVSMS4RlaifsBW-TUg?authuser=0&hl=en&rclk=1,-3.6540292,102.2068603
Lentera Merah Beach,Bengkulu,4.4,sangat bagus,https://www.google.com/maps/place/Lentera+Merah+Beach/data=!4m7!3m6!1s0x2e36bc9b7eb879cb:0xb1ee0b9656e67292!8m2!3d-3.8982971!4d102.2788642!16s%2Fg%2F11cn3t7bz_!19sChIJy3m4fpu8Ni4RknLmVpYL7rE?authuser=0&hl=en&rclk=1,-3.8982971,102.2788642
Pantai Nangai,Bengkulu,4.6,sangat bagus,https://www.google.com/maps/place/Pantai+Nangai/data=!4m7!3m6!1s0x2e3153ca92a1798d:0xd6fe2746ecad0a6a!8m2!3d-3.6362129!4d102.1879718!16s%2Fg%2F11mb53xzfs!19sChIJjXmhkspTMS4Ragqt7EYn_tY?authuser=0&hl=en&rclk=1,-3.6362129,102.1879718
Pantai Tapak Paderi,Bengkulu,4.4,sangat bagus,https://www.google.com/maps/place/Pantai+Tapak+Paderi/data=!4m7!3m6!1s0x2e36afd66f58d72f:0x2b0fbbf390cdfbda!8m2!3d-3.7849049!4d102.2534603!16s%2Fg%2F11cn_j3cty!19sChIJL9dYb9avNi4R2vvNkPO7Dys?authuser=0&hl=en&rclk=1,-3.7849049,102.2534603
Pantai Jakat,Bengkulu,4.2,sangat bagus,https://www.google.com/maps/place/Pantai+Jakat/data=!4m7!3m6!1s0x2e36b02bf9b50f5f:0x460c22ef801b21a3!8m2!3d-3.7820653!4d102.2603261!16s%2Fg%2F11d_7xnnr8!19sChIJXw-1-SuwNi4RoyEbgO8iDEY?authuser=0&hl=en&rclk=1,-3.7820653,102.2603261
Pantai Teluk Sepang,Bengkulu,4.4,sangat bagus,https://www.google.com/maps/place/Pantai+Teluk+Sepang/data=!4m7!3m6!1s0x2e36bd1f72a2a627:0xcde8909e56944ab1!8m2!3d-3.9398918!4d102.2790261!16s%2Fg%2F11hbnz4nj8!19sChIJJ6aich-9Ni4RsUqUVp6Q6M0?authuser=0&hl=en&rclk=1,-3.9398918,102.2790261
Pantai Kualo Bengkulu,Bengkulu,4.4,sangat bagus,https://www.google.com/maps/place/Pantai+Kualo+Bengkulu/data=!4m7!3m6!1s0x2e36b02d25555555:0xdc14df007c8aea5f!8m2!3d-3.7800021!4d102.2615623!16s%2Fg%2F11gglmwvqp!19sChIJVVVVJS2wNi4RX-qKfADfFNw?authuser=0&hl=en&rclk=1,-3.7800021,102.2615623
Pantai Way Hawang,Bengkulu,4.5,sangat bagus,https://www.google.com/maps/place/Pantai+Way+Hawang/data=!4m7!3m6!1s0x2e37fc3c457ad6b5:0x50cd791b1fcc6cd1!8m2!3d-4.8658778!4d103.4341942!16s%2Fg%2F11cn0nlcy1!19sChIJtdZ6RTz8Ny4R0WzMHxt5zVA?authuser=0&hl=en&rclk=1,-4.8658778,103.4341942
Pantai Tapak Balai,Bengkulu,4.3,sangat bagus,https://www.google.com/maps/place/Pantai+Tapak+Balai/data=!4m7!3m6!1s0x2e31568e55555555:0xbe6672006776f907!8m2!3d-3.5817512!4d102.1143449!16s%2Fg%2F11bw2jg_jq!19sChIJVVVVVY5WMS4RB_l2ZwByZr4?authuser=0&hl=en&rclk=1,-3.5817512,102.1143449
Obyek Wisata Pantai Sungai Suci,Bengkulu,4.5,sangat bagus,https://www.google.com/maps/place/Obyek+Wisata+Pantai+Sungai+Suci/data=!4m7!3m6!1s0x2e36adeb17eb0185:0x30f5c576614d0d22!8m2!3d-3.7196194!4d102.2355583!16s%2Fg%2F11c0vyqvh_!19sChIJhQHrF-utNi4RIg1NYXbF9TA?authuser=0&hl=en&rclk=1,-3.7196194,102.2355583
Pantai Lais,Bengkulu,4.5,sangat bagus,https://www.google.com/maps/place/Pantai+Lais/data=!4m7!3m6!1s0x2e33fd066b9a74eb:0xa04d1067ed4a9095!8m2!3d-3.5403282!4d102.0525796!16s%2Fg%2F11q_mdv5w2!19sChIJ63Saawb9My4RlZBK7WcQTaA?authuser=0&hl=en&rclk=1,-3.5403282,102.0525796
Batu Tahu Beach,Bengkulu,4.6,sangat bagus,https://www.google.com/maps/place/Batu+Tahu+Beach/data=!4m7!3m6!1s0x2e36afedcab7a915:0x80cd01a191454c9!8m2!3d-3.7834645!4d102.2513707!16s%2Fg%2F11g0l347_1!19sChIJFam3yu2vNi4RyVQUGRrQDAg?authuser=0&hl=en&rclk=1,-3.7834645,102.2513707
Pantai Malabero,Bengkulu,4.5,sangat bagus,https://www.google.com/maps/place/Pantai+Malabero/data=!4m7!3m6!1s0x2e36afda43442331:0x72b88ecfe333c164!8m2!3d-3.7892684!4d102.2469845!16s%2Fg%2F11f403ywsz!19sChIJMSNEQ9qvNi4RZMEz48-OuHI?authuser=0&hl=en&rclk=1,-3.7892684,102.2469845
Pantai Berkas,Bengkulu,4.6,sangat bagus,https://www.google.com/maps/place/Pantai+Berkas/data=!4m7!3m6!1s0x2e36afb77519ad0d:0x2aa269d452712b74!8m2!3d-3.7986295!4d102.2530043!16s%2Fg%2F11j4y44vvk!19sChIJDa0ZdbevNi4RdCtxUtRpoio?authuser=0&hl=en&rclk=1,-3.7986295,102.2530043
PANTAI PASAR BAWAH MANNA,Bengkulu,4.2,sangat bagus,https://www.google.com/maps/place/PANTAI+PASAR+BAWAH+MANNA/data=!4m7!3m6!1s0x2e37b1891b6bd359:0xb149669e9ea4287c!8m2!3d-4.4755695!4d102.9006197!16s%2Fg%2F11dxl86l0n!19sChIJWdNrG4mxNy4RfCiknp5mSbE?authuser=0&hl=en&rclk=1,-4.4755695,102.9006197
Pantai panjang bengkulu,Bengkulu,4.3,sangat bagus,https://www.google.com/maps/place/Pantai+panjang+bengkulu/data=!4m7!3m6!1s0x2e36b1fcac37fe07:0xa35602de8642a603!8m2!3d-3.7928451!4d102.2607641!16s%2Fg%2F11k4kc49ks!19sChIJB_43rPyxNi4RA6ZCht4CVqM?authuser=0&hl=en&rclk=1,-3.7928451,102.2607641
Pantai Manula,Bengkulu,4.7,sangat bagus,https://www.google.com/maps/place/Pantai+Manula/data=!4m7!3m6!1s0x2e47ffc2a4055b1b:0xcaf1d6808a8b3da8!8m2!3d-4.9217994!4d103.5948532!16s%2Fg%2F11trxczg91!19sChIJG1sFpML_Ry4RqD2LioDW8co?authuser=0&hl=en&rclk=1,-4.9217994,103.5948532
Pantai zakat bengkulu,Bengkulu,4.7,sangat bagus,https://www.google.com/maps/place/Pantai+zakat+bengkulu/data=!4m7!3m6!1s0x2e36b1b2dfc425d9:0xd58d8cb68fca4faf!8m2!3d-3.7819132!4d102.2594817!16s%2Fg%2F11sv_gwcgm!19sChIJ2SXE37KxNi4Rr0_Kj7aMjdU?authuser=0&hl=en&rclk=1,-3.7819132,102.2594817
Pantai Cukoh Bintuhan,Bengkulu,4.5,sangat bagus,https://www.google.com/maps/place/Pantai+Cukoh+Bintuhan/data=!4m7!3m6!1s0x2e37e4d9ce1db8e7:0x384700c46011702a!8m2!3d-4.811461!4d103.3450175!16s%2Fg%2F11dx94th2n!19sChIJ57gdztnkNy4RKnARYMQARzg?authuser=0&hl=en&rclk=1,-4.811461,103.3450175
Pantai Air Langkap,Bengkulu,4.7,sangat bagus,https://www.google.com/maps/place/Pantai+Air+Langkap/data=!4m7!3m6!1s0x2e37ef17ecc2d2cb:0x86314c3412dfaf57!8m2!3d-4.7329907!4d103.2910558!16s%2Fg%2F11f3ww3x7_!19sChIJy9LC7BfvNy4RV6_fEjRMMYY?authuser=0&hl=en&rclk=1,-4.7329907,103.2910558
Urai Beach,Bengkulu,4.2,sangat bagus,https://www.google.com/maps/place/Urai+Beach/data=!4m7!3m6!1s0x2e33e8b9f21ab17b:0x6730d8d17e47ea14!8m2!3d-3.4148051!4d101.8713974!16s%2Fg%2F11gdkr3shr!19sChIJe7Ea8rnoMy4RFOpHftHYMGc?authuser=0&hl=en&rclk=1,-3.4148051,101.8713974
Wisata pantai Paradise,Bengkulu,4.3,sangat bagus,https://www.google.com/maps/place/Wisata+pantai+Paradise/data=!4m7!3m6!1s0x2e33e9f803530ce1:0x88e438c9f048de1b!8m2!3d-3.4083859!4d101.8635084!16s%2Fg%2F11ty6zbhyr!19sChIJ4QxTA_jpMy4RG95I8Mk45Ig?authuser=0&hl=en&rclk=1,-3.4083859,101.8635084
Pantai Pasar Bengkulu,Bengkulu,4.4,sangat bagus,https://www.google.com/maps/place/Pantai+Pasar+Bengkulu/data=!4m7!3m6!1s0x2e36b02cfc555559:0x9149b6987af17eb8!8m2!3d-3.7790792!4d102.2633719!16s%2Fg%2F11f0kzz9zy!19sChIJWVVV_CywNi4RuH7xepi2SZE?authuser=0&hl=en&rclk=1,-3.7790792,102.2633719
Pantai Bengkulu Indah Pekiknyaring,Bengkulu,4.6,sangat bagus,https://www.google.com/maps/place/Pantai+Bengkulu+Indah+Pekiknyaring/data=!4m7!3m6!1s0x2e36af31634efbf9:0xd97f14a2ddef5cef!8m2!3d-3.7423103!4d102.2521417!16s%2Fg%2F11gjhj3ql_!19sChIJ-ftOYzGvNi4R71zv3aIUf9k?authuser=0&hl=en&rclk=1,-3.7423103,102.2521417
Pantai Kelapa Terulung / wijaya 86,Bengkulu,4.6,sangat bagus,https://www.google.com/maps/place/Pantai+Kelapa+Terulung+%2F+wijaya+86/data=!4m7!3m6!1s0x2e37b1bc5f0d6be1:0xffe850031d1445de!8m2!3d-4.4956562!4d102.9212368!16s%2Fg%2F11qbfj04nr!19sChIJ4WsNX7yxNy4R3kUUHQNQ6P8?authuser=0&hl=en&rclk=1,-4.4956562,102.9212368
Pantai Priukan,Bengkulu,4.5,sangat bagus,https://www.google.com/maps/place/Pantai+Priukan/data=!4m7!3m6!1s0x2e36942a7eb4ae43:0x64b495d547664991!8m2!3d-4.0178858!4d102.3453883!16s%2Fg%2F11f3nb0mwg!19sChIJQ660fiqUNi4RkUlmR9WVtGQ?authuser=0&hl=en&rclk=1,-4.0178858,102.3453883
Pantai Karang Pulau,Bengkulu,4.8,sangat bagus,https://www.google.com/maps/place/Pantai+Karang+Pulau/data=!4m7!3m6!1s0x2e33c068f435dae1:0x1c080c73ea5825bf!8m2!3d-3.3204717!4d101.7265675!16s%2Fg%2F11cr_y96t9!19sChIJ4do19GjAMy4RvyVY6nMMCBw?authuser=0&hl=en&rclk=1,-3.3204717,101.7265675
"Ketaping Beach,Bengkulu Selatan",Bengkulu,4.8,sangat bagus,"https://www.google.com/maps/place/Ketaping+Beach,Bengkulu+Selatan/data=!4m7!3m6!1s0x2e37b19f1ba9abed:0x26f4f43036e18472!8m2!3d-4.4910787!4d102.9050678!16s%2Fg%2F11fs_jc7v_!19sChIJ7aupG5-xNy4RcoThNjD09CY?authuser=0&hl=en&rclk=1",-4.4910787,102.9050678
Pantai Samudra Ujung,Bengkulu,4.3,sangat bagus,https://www.google.com/maps/place/Pantai+Samudra+Ujung/data=!4m7!3m6!1s0x2e36bcdc47861d19:0xa1e9b4fa24a78b6a!8m2!3d-3.9306296!4d102.2739719!16s%2Fg%2F11c554xkww!19sChIJGR2GR9y8Ni4RaounJPq06aE?authuser=0&hl=en&rclk=1,-3.9306296,102.2739719
TWA Pantai Panjang dan Pulau Baai,Bengkulu,4.4,sangat bagus,https://www.google.com/maps/place/TWA+Pantai+Panjang+dan+Pulau+Baai/data=!4m7!3m6!1s0x2e36ba92890c32c1:0xee53846963f88b54!8m2!3d-3.834655!4d102.2881668!16s%2Fg%2F11c2k_z0xb!19sChIJwTIMiZK6Ni4RVIv4Y2mEU-4?authuser=0&hl=en&rclk=1,-3.834655,102.2881668
Sport Center Pantai Panjang,Bengkulu,4.4,sangat bagus,https://www.google.com/maps/place/Sport+Center+Pantai+Panjang/data=!4m7!3m6!1s0x2e315f62be4d3e41:0x4e16bdb56d10ee97!8m2!3d-3.8073365!4d102.2640353!16s%2Fg%2F11k0m4lhc_!19sChIJQT5NvmJfMS4Rl-4QbbW9Fk4?authuser=0&hl=en&rclk=1,-3.8073365,102.2640353
Pantai Indah Putri Hijau,Bengkulu,4.6,sangat bagus,https://www.google.com/maps/place/Pantai+Indah+Putri+Hijau/data=!4m7!3m6!1s0x2e33bf00a8d5b89f:0x3042aceb3109f6bf!8m2!3d-3.2744844!4d101.6644129!16s%2Fg%2F11vb5hq29g!19sChIJn7jVqAC_My4Rv_YJMeusQjA?authuser=0&hl=en&rclk=1,-3.2744844,101.6644129
Pantai Laguna Ujung Lancang,Bengkulu,4.4,sangat bagus,https://www.google.com/maps/place/Pantai+Laguna+Ujung+Lancang/data=!4m7!3m6!1s0x2e37fffcbca370dd:0x4698de93744991e9!8m2!3d-4.9157104!4d103.5332435!16s%2Fg%2F11cn3qkkyc!19sChIJ3XCjvPz_Ny4R6ZFJdJPemEY?authuser=0&hl=en&rclk=1,-4.9157104,103.5332435
Pantai Bungakarang,Bengkulu,4.8,sangat bagus,https://www.google.com/maps/place/Pantai+Bungakarang/data=!4m7!3m6!1s0x2e37fbd9906259d3:0x87a7fec9aee19166!8m2!3d-4.8142246!4d103.3980823!16s%2Fg%2F11tss2v4y2!19sChIJ01likNn7Ny4RZpHhrsn-p4c?authuser=0&hl=en&rclk=1,-4.8142246,103.3980823
Pantai linau,Bengkulu,4.9,sangat bagus,https://www.google.com/maps/place/Pantai+linau/data=!4m7!3m6!1s0x2e37fbe5a262d563:0x25f843e8b6e41ce8!8m2!3d-4.8373447!4d103.4142881!16s%2Fg%2F11l1y0sprw!19sChIJY9ViouX7Ny4R6BzktuhD-CU?authuser=0&hl=en&rclk=1,-4.8373447,103.4142881
Pantai Pasir Putih Cucupan,Bengkulu,5.0,sangat bagus,https://www.google.com/maps/place/Pantai+Pasir+Putih+Cucupan/data=!4m7!3m6!1s0x2e37ef005f3bfefd:0x671d1a751c03270f!8m2!3d-4.7491408!4d103.3098886!16s%2Fg%2F11wxkyhm6t!19sChIJ_f47XwDvNy4RDycDHHUaHWc?authuser=0&hl=en&rclk=1,-4.7491408,103.3098886
Pantai/pelabuhan Tanjung pandan,Bengkulu,4.7,sangat bagus,https://www.google.com/maps/place/Pantai%2Fpelabuhan+Tanjung+pandan/data=!4m7!3m6!1s0x2e37ef4be7f3efcb:0x85b0340913435e01!8m2!3d-4.7108447!4d103.2848036!16s%2Fg%2F11rj0bx6lh!19sChIJy-_z50vvNy4RAV5DEwk0sIU?authuser=0&hl=en&rclk=1,-4.7108447,103.2848036
Pantai lokalisasi,Bengkulu,4.5,sangat bagus,https://www.google.com/maps/place/Pantai+lokalisasi/data=!4m7!3m6!1s0x2e36bbfb6ec61eb5:0xfad51027612fe2de!8m2!3d-3.8878586!4d102.3025028!16s%2Fg%2F11kjycs8y7!19sChIJtR7Gbvu7Ni4R3uIvYScQ1fo?authuser=0&hl=en&rclk=1,-3.8878586,102.3025028
Pantai Berkas Park,Bengkulu,4.3,sangat bagus,https://www.google.com/maps/place/Pantai+Berkas+Park/data=!4m7!3m6!1s0x2e36b01fd98fbff3:0xb8dd80d54f9270f2!8m2!3d-3.7993615!4d102.2551106!16s%2Fg%2F11gd67324m!19sChIJ87-P2R-wNi4R8nCST9WA3bg?authuser=0&hl=en&rclk=1,-3.7993615,102.2551106
Pantai Desa Harapan Bengkulu Tengah,Bengkulu,4.3,sangat bagus,https://www.google.com/maps/place/Pantai+Desa+Harapan+Bengkulu+Tengah/data=!4m7!3m6!1s0x2e36ad00557de723:0xa4be924393cfcedb!8m2!3d-3.7046169!4d102.2449854!16s%2Fg%2F11vr_lztmw!19sChIJI-d9VQCtNi4R287Pk0OSvqQ?authuser=0&hl=en&rclk=1,-3.7046169,102.2449854
Wisata Alam Pantai Sekunyit,Bengkulu,4.2,sangat bagus,https://www.google.com/maps/place/Wisata+Alam+Pantai+Sekunyit/data=!4m7!3m6!1s0x2e37adbf3c37ccdf:0x87bb447514c460b7!8m2!3d-4.4321724!4d102.8756547!16s%2Fg%2F11smtzprj4!19sChIJ38w3PL-tNy4Rt2DEFHVEu4c?authuser=0&hl=en&rclk=1,-4.4321724,102.8756547
Pantai Selali,Bengkulu,4.5,sangat bagus,https://www.google.com/maps/place/Pantai+Selali/data=!4m7!3m6!1s0x2e37adb7c61cccd3:0xb5b2b7ded0b76f50!8m2!3d-4.3884983!4d102.8242284!16s%2Fg%2F11txpx8y7g!19sChIJ08wcxretNy4RUG-30N63srU?authuser=0&hl=en&rclk=1,-4.3884983,102.8242284
Pantai dermaga,Bengkulu,5.0,sangat bagus,https://www.google.com/maps/place/Pantai+dermaga/data=!4m7!3m6!1s0x2e36bdb93cb49e7d:0xd4736aa7a4dc4bf9!8m2!3d-3.900232!4d102.293557!16s%2Fg%2F11st_d_0pl!19sChIJfZ60PLm9Ni4R-UvcpKdqc9Q?authuser=0&hl=en&rclk=1,-3.900232,102.293557
Pantai Cemara Sungai Serut,Bengkulu,4.4,sangat bagus,https://www.google.com/maps/place/Pantai+Cemara+Sungai+Serut/data=!4m7!3m6!1s0x2e36b1d0e4f465a9:0xfd05032b2042aa0e!8m2!3d-3.7697332!4d102.2625004!16s%2Fg%2F11c5_52br6!19sChIJqWX05NCxNi4RDqpCICsDBf0?authuser=0&hl=en&rclk=1,-3.7697332,102.2625004
Pantai Wisata Sekunyit,Bengkulu,4.3,sangat bagus,https://www.google.com/maps/place/Pantai+Wisata+Sekunyit/data=!4m7!3m6!1s0x2e37adb1ff6cf517:0x4a685675ef15d45a!8m2!3d-4.4330542!4d102.8800897!16s%2Fg%2F11nn1tp_5w!19sChIJF_Vs_7GtNy4RWtQV73VWaEo?authuser=0&hl=en&rclk=1,-4.4330542,102.8800897
Pantai Muara Kedurang,Bengkulu,4.3,sangat bagus,https://www.google.com/maps/place/Pantai+Muara+Kedurang/data=!4m7!3m6!1s0x2e37b9899174f9f7:0x938c3bb8afd93dc0!8m2!3d-4.5277764!4d103.0193262!16s%2Fg%2F11f3t3qbgw!19sChIJ9_l0kYm5Ny4RwD3Zr7g7jJM?authuser=0&hl=en&rclk=1,-4.5277764,103.0193262
Pantai Tj.bunga karang tinggi idaman,Bengkulu,4.5,sangat bagus,https://www.google.com/maps/place/Pantai+Tj.bunga+karang+tinggi+idaman/data=!4m7!3m6!1s0x2e37ef932af4497f:0x161b32f9f7a87dd4!8m2!3d-4.7451751!4d103.3023908!16s%2Fg%2F11t072tvcj!19sChIJf0n0KpPvNy4R1H2o9_kyGxY?authuser=0&hl=en&rclk=1,-4.7451751,103.3023908
DESA WISATA PANTAI BATU PUTIH,Bengkulu,4.4,sangat bagus,https://www.google.com/maps/place/DESA+WISATA+PANTAI+BATU+PUTIH/data=!4m7!3m6!1s0x2e37b101bb5c7a9b:0x4822dd96e8484ed3!8m2!3d-4.5049799!4d102.9538555!16s%2Fg%2F11js3pmp21!19sChIJm3pcuwGxNy4R005I6JbdIkg?authuser=0&hl=en&rclk=1,-4.5049799,102.9538555
Pantai Maras,Bengkulu,4.0,bagus,https://www.google.com/maps/place/Pantai+Maras/data=!4m7!3m6!1s0x2e3654ff923b004f:0xf105ddf9e8b73a50!8m2!3d-4.3311057!4d102.7603261!16s%2Fg%2F11cmvj953w!19sChIJTwA7kv9UNi4RUDq36PndBfE?authuser=0&hl=en&rclk=1,-4.3311057,102.7603261
Pantai Supi,Sumatera Selatan,4.0,bagus,https://www.google.com/maps/place/Pantai+Supi/data=!4m7!3m6!1s0x2e3bec5972489739:0x10ec00e379614311!8m2!3d-3.3504425!4d104.7829745!16s%2Fg%2F11bylctjy5!19sChIJOZdIclnsOy4REUNheeMA7BA?authuser=0&hl=en&rclk=1,-3.3504425,104.7829745
Pantai tanjung manjangan,Sumatera Selatan,4.5,sangat bagus,https://www.google.com/maps/place/Pantai+tanjung+manjangan/data=!4m7!3m6!1s0x2e3e670aa7e89199:0x38b2610810fb417e!8m2!3d-3.8473598!4d105.95759!16s%2Fg%2F11n5cgn8gq!19sChIJmZHopwpnPi4RfkH7EAhhsjg?authuser=0&hl=en&rclk=1,-3.8473598,105.95759
Pantai Jodoh,Sumatera Selatan,4.1,sangat bagus,https://www.google.com/maps/place/Pantai+Jodoh/data=!4m7!3m6!1s0x2e3becf6f9c82c09:0xc875df0b040c0f3d!8m2!3d-3.3430382!4d104.7835432!16s%2Fg%2F11ggs3xx6b!19sChIJCSzI-fbsOy4RPQ8MBAvfdcg?authuser=0&hl=en&rclk=1,-3.3430382,104.7835432
Pantai Pelangi Danau Ranau,Sumatera Selatan,4.5,sangat bagus,https://www.google.com/maps/place/Pantai+Pelangi+Danau+Ranau/data=!4m7!3m6!1s0x2e38739b2af68b8b:0xcdc69dde3258b71!8m2!3d-4.8199386!4d103.9693948!16s%2Fg%2F11hbvcklwb!19sChIJi4v2KptzOC4RcYsl491p3Aw?authuser=0&hl=en&rclk=1,-4.8199386,103.9693948
Pantai Bidadari Ranau,Sumatera Selatan,4.5,sangat bagus,https://www.google.com/maps/place/Pantai+Bidadari+Ranau/data=!4m7!3m6!1s0x2e3873744639ba8d:0x68938de9e62b0518!8m2!3d-4.8161794!4d103.9170472!16s%2Fg%2F11fsbbq01h!19sChIJjbo5RnRzOC4RGAUr5umNk2g?authuser=0&hl=en&rclk=1,-4.8161794,103.9170472
Pantai Tanjung Setia Krui Lampung,Sumatera Selatan,4.5,sangat bagus,https://www.google.com/maps/place/Pantai+Tanjung+Setia+Krui+Lampung/data=!4m7!3m6!1s0x2e47bc274e589569:0x9cf05766a6afbe85!8m2!3d-5.3038746!4d104.0001075!16s%2Fg%2F11g68ztl_m!19sChIJaZVYTie8Ry4Rhb6vpmZX8Jw?authuser=0&hl=en&rclk=1,-5.3038746,104.0001075
pantai pasir putih Desa Lebung,Sumatera Selatan,4.9,sangat bagus,https://www.google.com/maps/place/pantai+pasir+putih+Desa+Lebung/data=!4m7!3m6!1s0x2e3ba987cc3bdc95:0x5b5b9b7b8d069aba!8m2!3d-3.0143766!4d104.3959633!16s%2Fg%2F11swz678n2!19sChIJldw7zIepOy4RupoGjXubW1s?authuser=0&hl=en&rclk=1,-3.0143766,104.3959633
Pantai Korto,Sumatera Selatan,4.5,sangat bagus,https://www.google.com/maps/place/Pantai+Korto/data=!4m7!3m6!1s0x2e396b7ab585eba5:0x84b0456371b275c7!8m2!3d-3.9091238!4d104.5757518!16s%2Fg%2F11dxl9cfp0!19sChIJpeuFtXprOS4Rx3WycWNFsIQ?authuser=0&hl=en&rclk=1,-3.9091238,104.5757518
Pantai Love,Sumatera Selatan,4.7,sangat bagus,https://www.google.com/maps/place/Pantai+Love/data=!4m7!3m6!1s0x2e3b8f7048a8cc05:0x13eb16e0526ffb2d!8m2!3d-3.187012!4d104.906733!16s%2Fg%2F11j6shdf93!19sChIJBcyoSHCPOy4RLftvUuAW6xM?authuser=0&hl=en&rclk=1,-3.187012,104.906733
Pantai Laguna Samudera,Sumatera Selatan,4.5,sangat bagus,https://www.google.com/maps/place/Pantai+Laguna+Samudera/data=!4m7!3m6!1s0x2e37fffb7e6a511d:0x8f7b7bc7fdf83782!8m2!3d-4.9159053!4d103.5332381!16s%2Fg%2F11ckr6dk05!19sChIJHVFqfvv_Ny4Rgjf4_cd7e48?authuser=0&hl=en&rclk=1,-4.9159053,103.5332381
Pantai Carocok,Sumatera Selatan,4.5,sangat bagus,https://www.google.com/maps/place/Pantai+Carocok/data=!4m7!3m6!1s0x2fd34d8532fc3f11:0x3769b900f1b811b6!8m2!3d-1.3520247!4d100.5670321!16s%2Fg%2F11b6rd09kq!19sChIJET_8MoVN0y8RthG48QC5aTc?authuser=0&hl=en&rclk=1,-1.3520247,100.5670321
Pantai Serida,Sumatera Selatan,5.0,sangat bagus,https://www.google.com/maps/place/Pantai+Serida/data=!4m7!3m6!1s0x2e3bed782f183f67:0x5199aca0b4d67482!8m2!3d-3.3669362!4d104.7756699!16s%2Fg%2F11qp9cp362!19sChIJZz8YL3jtOy4RgnTWtKCsmVE?authuser=0&hl=en&rclk=1,-3.3669362,104.7756699
Pantai Bongen,Sumatera Selatan,4.7,sangat bagus,https://www.google.com/maps/place/Pantai+Bongen/data=!4m7!3m6!1s0x2e3abd006a86f115:0x45405c530c6517d4!8m2!3d-2.6770502!4d103.7324294!16s%2Fg%2F11x0z6ff3n!19sChIJFfGGagC9Oi4R1BdlDFNcQEU?authuser=0&hl=en&rclk=1,-2.6770502,103.7324294
PANTAI JERMAN Objek Wisata Musiman,Sumatera Selatan,5.0,sangat bagus,https://www.google.com/maps/place/PANTAI+JERMAN+Objek+Wisata+Musiman/data=!4m7!3m6!1s0x2e39730003f22671:0xef05500c6907b25b!8m2!3d-3.8843306!4d104.3814056!16s%2Fg%2F11nr3d38ty!19sChIJcSbyAwBzOS4RW7IHaQxQBe8?authuser=0&hl=en&rclk=1,-3.8843306,104.3814056
Pantai Batu Kebayan,Sumatera Selatan,4.7,sangat bagus,https://www.google.com/maps/place/Pantai+Batu+Kebayan/data=!4m7!3m6!1s0x2e3873acd2b520c9:0xf93e1a708f65a078!8m2!3d-4.82411!4d103.978911!16s%2Fg%2F11ssytd592!19sChIJySC10qxzOC4ReKBlj3AaPvk?authuser=0&hl=en&rclk=1,-4.82411,103.978911
Maspari Island,Sumatera Selatan,4.4,sangat bagus,https://www.google.com/maps/place/Maspari+Island/data=!4m7!3m6!1s0x2e3d943008915fdb:0x46b8e4550c9a6fc8!8m2!3d-3.2166667!4d106.2166667!16s%2Fg%2F11c2r0cnwk!19sChIJ21-RCDCUPS4RyG-aDFXkuEY?authuser=0&hl=en&rclk=1,-3.2166667,106.2166667
Pantai Indah Pertamina,Sumatera Selatan,5.0,sangat bagus,https://www.google.com/maps/place/Pantai+Indah+Pertamina/data=!4m7!3m6!1s0x2e3b77000b82388b:0x829a1c94fe636a3c!8m2!3d-2.9912174!4d104.8225351!16s%2Fg%2F11nc0l0q0_!19sChIJiziCCwB3Oy4RPGpj_pQcmoI?authuser=0&hl=en&rclk=1,-2.9912174,104.8225351
Wisata Pantai Tubohan,Sumatera Selatan,4.1,sangat bagus,https://www.google.com/maps/place/Wisata+Pantai+Tubohan/data=!4m7!3m6!1s0x2e39b95c123a4d83:0xab60e778700bfbc0!8m2!3d-4.0700854!4d104.007112!16s%2Fg%2F11q1qxjf3l!19sChIJg006Ely5OS4RwPsLcHjnYKs?authuser=0&hl=en&rclk=1,-4.0700854,104.007112
pantai jodoh,Sumatera Selatan,5.0,sangat bagus,https://www.google.com/maps/place/pantai+jodoh/data=!4m7!3m6!1s0x2e3a4d54bb8b6907:0x259ea96923f7973c!8m2!3d-3.1685811!4d104.2680947!16s%2Fg%2F11q8k04tj7!19sChIJB2mLu1RNOi4RPJf3I2mpniU?authuser=0&hl=en&rclk=1,-3.1685811,104.2680947
Pantai Terusan,Sumatera Selatan,3.8,bagus,https://www.google.com/maps/place/Pantai+Terusan/data=!4m7!3m6!1s0x2e30ccc52967142b:0xc46a568dc8729706!8m2!3d-3.6349836!4d103.0476054!16s%2Fg%2F11gc9g8q7v!19sChIJKxRnKcXMMC4RBpdyyI1WasQ?authuser=0&hl=en&rclk=1,-3.6349836,103.0476054
Pantai Wisata Pasir Ganting,Sumatera Selatan,4.4,sangat bagus,https://www.google.com/maps/place/Pantai+Wisata+Pasir+Ganting/data=!4m7!3m6!1s0x2e2d3be4d9ea4357:0x9a1c533ff7cc4518!8m2!3d-2.02232!4d100.8777864!16s%2Fg%2F11f3s4k39w!19sChIJV0Pq2eQ7LS4RGEXM9z9THJo?authuser=0&hl=en&rclk=1,-2.02232,100.8777864
Pantai Sungai Suci,Sumatera Selatan,4.6,sangat bagus,https://www.google.com/maps/place/Pantai+Sungai+Suci/data=!4m7!3m6!1s0x2e36b2895e808e7f:0xd4fdc344760a9391!8m2!3d-3.7195461!4d102.235571!16s%2Fg%2F11c59shfpk!19sChIJf46AXomyNi4RkZMKdkTD_dQ?authuser=0&hl=en&rclk=1,-3.7195461,102.235571
Sharks Teeth Beach,Sumatera Selatan,4.6,sangat bagus,https://www.google.com/maps/place/Sharks+Teeth+Beach/data=!4m7!3m6!1s0x2e413315a46d600d:0x62535b5f075b8a5b!8m2!3d-5.755844!4d105.057614!16s%2Fg%2F11c5940_rg!19sChIJDWBtpBUzQS4RW4pbB19bU2I?authuser=0&hl=en&rclk=1,-5.755844,105.057614
PANTAI DESA PANDAN PALI,Sumatera Selatan,5.0,sangat bagus,https://www.google.com/maps/place/PANTAI+DESA+PANDAN+PALI/data=!4m7!3m6!1s0x2e3a4b006204102b:0x92a8d0bf411beeb3!8m2!3d-3.3046778!4d104.2151861!16s%2Fg%2F11ntdz_ltj!19sChIJKxAEYgBLOi4Rs-4bQb_QqJI?authuser=0&hl=en&rclk=1,-3.3046778,104.2151861
WISATA PANTAI & CAMPING GROUND MANDALA,Sumatera Selatan,3.9,bagus,https://www.google.com/maps/place/WISATA+PANTAI+%26+CAMPING+GROUND+MANDALA/data=!4m7!3m6!1s0x2e3b71bebb70f5dd:0x64f8edc0f71f310e!8m2!3d-2.8674074!4d104.7833507!16s%2Fg%2F11v078sw84!19sChIJ3fVwu75xOy4RDjEf98Dt-GQ?authuser=0&hl=en&rclk=1,-2.8674074,104.7833507
Pantai Belitang,Sumatera Selatan,4.4,sangat bagus,https://www.google.com/maps/place/Pantai+Belitang/data=!4m7!3m6!1s0x2e3913f0ace13225:0x2bfdd5465f25b570!8m2!3d-3.9752246!4d104.5344592!16s%2Fg%2F11vhj0hnmp!19sChIJJTLhrPATOS4RcLUlX0bV_Ss?authuser=0&hl=en&rclk=1,-3.9752246,104.5344592
Pantai Lematang Kuripan,Sumatera Selatan,5.0,sangat bagus,https://www.google.com/maps/place/Pantai+Lematang+Kuripan/data=!4m7!3m6!1s0x2e3a3b8b3b79b3b3:0xa2508d99128eab29!8m2!3d-3.4073561!4d104.0645331!16s%2Fg%2F11v4lw_vfq!19sChIJs7N5O4s7Oi4RKauOEpmNUKI?authuser=0&hl=en&rclk=1,-3.4073561,104.0645331
Pantai gigi macan,Sumatera Selatan,5.0,sangat bagus,https://www.google.com/maps/place/Pantai+gigi+macan/data=!4m7!3m6!1s0x2e3ca7d1a64e85b5:0xf257e62346db1e3d!8m2!3d-2.5294435!4d105.0583023!16s%2Fg%2F11vb1ft3k0!19sChIJtYVOptGnPC4RPR7bRiPmV_I?authuser=0&hl=en&rclk=1,-2.5294435,105.0583023
Pantai Desa Dangku,Sumatera Selatan,5.0,sangat bagus,https://www.google.com/maps/place/Pantai+Desa+Dangku/data=!4m7!3m6!1s0x2e3a39962158b169:0x32002b396ebbf91b!8m2!3d-3.3804977!4d104.0929233!16s%2Fg%2F11tx7_x6ym!19sChIJabFYIZY5Oi4RG_m7bjkrADI?authuser=0&hl=en&rclk=1,-3.3804977,104.0929233
Pantai bemoleh,Sumatera Selatan,5.0,sangat bagus,https://www.google.com/maps/place/Pantai+bemoleh/data=!4m7!3m6!1s0x2e3a33003bbba719:0x298cf497bace3c0a!8m2!3d-3.4213707!4d104.2436833!16s%2Fg%2F11w327c0yd!19sChIJGae7OwAzOi4RCjzOupf0jCk?authuser=0&hl=en&rclk=1,-3.4213707,104.2436833
Wisata sungai jadi pantai,Sumatera Selatan,5.0,sangat bagus,https://www.google.com/maps/place/Wisata+sungai+jadi+pantai/data=!4m7!3m6!1s0x2e39133f3c71d01d:0xeaa9a2b79c5ba1f4!8m2!3d-3.9492759!4d104.5538744!16s%2Fg%2F11y1nmwktk!19sChIJHdBxPD8TOS4R9KFbnLeiqeo?authuser=0&hl=en&rclk=1,-3.9492759,104.5538744
Pantai panjang sukarami,Sumatera Selatan,5.0,sangat bagus,https://www.google.com/maps/place/Pantai+panjang+sukarami/data=!4m7!3m6!1s0x2e3a4d007aa92f0b:0x710b5427ddf980d0!8m2!3d-3.2031197!4d104.2630511!16s%2Fg%2F11w1jdg2n9!19sChIJCy-pegBNOi4R0ID53SdUC3E?authuser=0&hl=en&rclk=1,-3.2031197,104.2630511
Panjang Beach Bengkulu,Sumatera Selatan,4.5,sangat bagus,https://www.google.com/maps/place/Panjang+Beach+Bengkulu/data=!4m7!3m6!1s0x2e36ba9813ef644b:0x6ebb45e14445f899!8m2!3d-3.812404!4d102.2666804!16s%2Fg%2F11gfb3h9_s!19sChIJS2TvE5i6Ni4RmfhFROFFu24?authuser=0&hl=en&rclk=1,-3.812404,102.2666804
Pantai Sungai Komering,Sumatera Selatan,4.0,bagus,https://www.google.com/maps/place/Pantai+Sungai+Komering/data=!4m7!3m6!1s0x2e38573e04f8adaf:0x2fcf20e55b6a7b02!8m2!3d-4.3998859!4d104.237252!16s%2Fg%2F11qng9qhl7!19sChIJr634BD5XOC4RAntqW-Ugzy8?authuser=0&hl=en&rclk=1,-4.3998859,104.237252
Pantai Wisata Sekunyit,Sumatera Selatan,4.3,sangat bagus,https://www.google.com/maps/place/Pantai+Wisata+Sekunyit/data=!4m7!3m6!1s0x2e37adb1ff6cf517:0x4a685675ef15d45a!8m2!3d-4.4330542!4d102.8800897!16s%2Fg%2F11nn1tp_5w!19sChIJF_Vs_7GtNy4RWtQV73VWaEo?authuser=0&hl=en&rclk=1,-4.4330542,102.8800897
Pantai Muara Kedurang,Sumatera Selatan,4.3,sangat bagus,https://www.google.com/maps/place/Pantai+Muara+Kedurang/data=!4m7!3m6!1s0x2e37b9899174f9f7:0x938c3bb8afd93dc0!8m2!3d-4.5277764!4d103.0193262!16s%2Fg%2F11f3t3qbgw!19sChIJ9_l0kYm5Ny4RwD3Zr7g7jJM?authuser=0&hl=en&rclk=1,-4.5277764,103.0193262
Pantai Pasir Serida,Sumatera Selatan,4.0,bagus,https://www.google.com/maps/place/Pantai+Pasir+Serida/data=!4m7!3m6!1s0x2e3bed6f2b361657:0xc57f57041b17cfd0!8m2!3d-3.364368!4d104.7748632!16s%2Fg%2F11gpnjv1m9!19sChIJVxY2K2_tOy4R0M8XGwRXf8U?authuser=0&hl=en&rclk=1,-3.364368,104.7748632
Lubuk Antu Dusun 1 Gunung Megang Dalam,Sumatera Selatan,4.5,sangat bagus,https://www.google.com/maps/place/Lubuk+Antu+Dusun+1+Gunung+Megang+Dalam/data=!4m7!3m6!1s0x2e3a17096e58255f:0xf28ef35b62bc0a29!8m2!3d-3.4518144!4d103.864208!16s%2Fg%2F11g68t8z4w!19sChIJXyVYbgkXOi4RKQq8YlvzjvI?authuser=0&hl=en&rclk=1,-3.4518144,103.864208
Pantai TanTe,Sumatera Selatan,4.5,sangat bagus,https://www.google.com/maps/place/Pantai+TanTe/data=!4m7!3m6!1s0x2e3bed00698acf6f:0xa3f3b092ed1147ce!8m2!3d-3.3806192!4d104.7743382!16s%2Fg%2F11y7qx21w1!19sChIJb8-KaQDtOy4RzkcR7ZKw86M?authuser=0&hl=en&rclk=1,-3.3806192,104.7743382
Pantai ayik bayau,Sumatera Selatan,5.0,sangat bagus,https://www.google.com/maps/place/Pantai+ayik+bayau/data=!4m7!3m6!1s0x2e373d82cd319cbd:0xe23c5c1aa49eb952!8m2!3d-3.9008212!4d103.0633805!16s%2Fg%2F11txn_p0bs!19sChIJvZwxzYI9Ny4RUrmepBpcPOI?authuser=0&hl=en&rclk=1,-3.9008212,103.0633805
Taman Pantai Love,Sumatera Selatan,4.1,sangat bagus,https://www.google.com/maps/place/Taman+Pantai+Love/data=!4m7!3m6!1s0x2e3bee055fd38367:0x2132e2fcaee2405d!8m2!3d-3.3925342!4d104.8339576!16s%2Fg%2F11b8v9w5r_!19sChIJZ4PTXwXuOy4RXUDirvziMiE?authuser=0&hl=en&rclk=1,-3.3925342,104.8339576
Pantai Desa Kasih Raja,Sumatera Selatan,5.0,sangat bagus,https://www.google.com/maps/place/Pantai+Desa+Kasih+Raja/data=!4m7!3m6!1s0x2e3bdd007fe8bf51:0xd80f5cef9cc1e3e8!8m2!3d-3.4687478!4d104.6502749!16s%2Fg%2F11zd5qc956!19sChIJUb_ofwDdOy4R6OPBnO9cD9g?authuser=0&hl=en&rclk=1,-3.4687478,104.6502749
Pantai Losari Desa purun,Sumatera Selatan,3.0,cukup bagus,https://www.google.com/maps/place/Pantai+Losari+Desa+purun/data=!4m7!3m6!1s0x2e3a47003400f717:0xe753badbf591be40!8m2!3d-3.248452!4d104.088517!16s%2Fg%2F11vr_3nz_d!19sChIJF_cANABHOi4RQL6R9du6U-c?authuser=0&hl=en&rclk=1,-3.248452,104.088517
Pantai Tanjung Raya,Sumatera Selatan,4.1,sangat bagus,https://www.google.com/maps/place/Pantai+Tanjung+Raya/data=!4m7!3m6!1s0x2e22d63ea25a5767:0xd676dc164a6b822f!8m2!3d-2.2688212!4d105.8001939!16s%2Fg%2F11fzf36cvd!19sChIJZ1daoj7WIi4RL4JrShbcdtY?authuser=0&hl=en&rclk=1,-2.2688212,105.8001939
Pantai sirah pulau kilip,Sumatera Selatan,3.0,cukup bagus,https://www.google.com/maps/place/Pantai+sirah+pulau+kilip/data=!4m7!3m6!1s0x2e3bef0075486669:0xd9d504abf1fc71b4!8m2!3d-3.427726!4d104.7911529!16s%2Fg%2F11m6bwz3vn!19sChIJaWZIdQDvOy4RtHH88asE1dk?authuser=0&hl=en&rclk=1,-3.427726,104.7911529
Pasir Padi Beach,Bangka Belitung,4.3,sangat bagus,https://www.google.com/maps/place/Pasir+Padi+Beach/data=!4m7!3m6!1s0x2e22bf6548a5518b:0xfc3220ff8b25a8b0!8m2!3d-2.107672!4d106.1687861!16s%2Fm%2F010hktfd!19sChIJi1GlSGW_Ii4RsKgli_8gMvw?authuser=0&hl=en&rclk=1,-2.107672,106.1687861
Tanjung Tinggi Beach,Bangka Belitung,4.7,sangat bagus,https://www.google.com/maps/place/Tanjung+Tinggi+Beach/data=!4m7!3m6!1s0x2e1742357d8d15ef:0xd09bad2ea529a7cf!8m2!3d-2.5518815!4d107.7137771!16s%2Fg%2F1s04988bj!19sChIJ7xWNfTVCFy4Rz6cppS6tm9A?authuser=0&hl=en&rclk=1,-2.5518815,107.7137771
Pantai Parai Tenggiri,Bangka Belitung,4.5,sangat bagus,https://www.google.com/maps/place/Pantai+Parai+Tenggiri/data=!4m7!3m6!1s0x2e22f4e5d4c78d53:0xf41a1faffb56928a!8m2!3d-1.8043515!4d106.1284172!16s%2Fg%2F121yhbjv!19sChIJU43H1OX0Ii4RipJW-68fGvQ?authuser=0&hl=en&rclk=1,-1.8043515,106.1284172
Tongaci Beach,Bangka Belitung,4.4,sangat bagus,https://www.google.com/maps/place/Tongaci+Beach/data=!4m7!3m6!1s0x2e22f482c806127f:0xc27ae9378365d430!8m2!3d-1.83357!4d106.121966!16s%2Fg%2F11c47yk73g!19sChIJfxIGyIL0Ii4RMNRlgzfpesI?authuser=0&hl=en&rclk=1,-1.83357,106.121966
Pantai Tikus Emas,Bangka Belitung,4.4,sangat bagus,https://www.google.com/maps/place/Pantai+Tikus+Emas/data=!4m7!3m6!1s0x2e228d3952a5c399:0x6220ec7874def469!8m2!3d-1.886576!4d106.1756851!16s%2Fg%2F11b_1sg8p3!19sChIJmcOlUjmNIi4RafTedHjsIGI?authuser=0&hl=en&rclk=1,-1.886576,106.1756851
Pantai Tanjung Kerasak Bangka Selatan,Bangka Belitung,4.4,sangat bagus,https://www.google.com/maps/place/Pantai+Tanjung+Kerasak+Bangka+Selatan/data=!4m7!3m6!1s0x2e1631ec46d5a99f:0xa5d5a961475545e3!8m2!3d-3.0564189!4d106.7428244!16s%2Fg%2F11cs6b7hqy!19sChIJn6nVRuwxFi4R40VVR2Gp1aU?authuser=0&hl=en&rclk=1,-3.0564189,106.7428244
Pantai Batu Bedaun,Bangka Belitung,4.3,sangat bagus,https://www.google.com/maps/place/Pantai+Batu+Bedaun/data=!4m7!3m6!1s0x2e22f48c24b7458d:0x823a28d7152e01cd!8m2!3d-1.8202625!4d106.1188393!16s%2Fg%2F11b6bkb190!19sChIJjUW3JIz0Ii4RzQEuFdcoOoI?authuser=0&hl=en&rclk=1,-1.8202625,106.1188393
Penyabong Beach,Bangka Belitung,4.4,sangat bagus,https://www.google.com/maps/place/Penyabong+Beach/data=!4m7!3m6!1s0x2e16eaea22792319:0x4c0dd823f4fbd9ca!8m2!3d-3.2385128!4d107.6402168!16s%2Fg%2F11b7ldmwlb!19sChIJGSN5IurqFi4Rytn79CPYDUw?authuser=0&hl=en&rclk=1,-3.2385128,107.6402168
Pantai Rebo,Bangka Belitung,3.9,bagus,https://www.google.com/maps/place/Pantai+Rebo/data=!4m7!3m6!1s0x2e2292bb2bdcd189:0x4396d67f73eee9bc!8m2!3d-1.9191907!4d106.1730589!16s%2Fg%2F11b6s66c1z!19sChIJidHcK7uSIi4RvOnuc3_WlkM?authuser=0&hl=en&rclk=1,-1.9191907,106.1730589
Pantai Tanjung Berikat,Bangka Belitung,4.5,sangat bagus,https://www.google.com/maps/place/Pantai+Tanjung+Berikat/data=!4m7!3m6!1s0x2e17ec6dfb8e3a7f:0x40f499323d7483f1!8m2!3d-2.5789665!4d106.8428762!16s%2Fg%2F11c0rns0_l!19sChIJfzqO-23sFy4R8YN0PTKZ9EA?authuser=0&hl=en&rclk=1,-2.5789665,106.8428762
Pantai Burung Mandi,Bangka Belitung,4.3,sangat bagus,https://www.google.com/maps/place/Pantai+Burung+Mandi/data=!4m7!3m6!1s0x2e10c58e416e3ba9:0x7d3a512d1aa8c2d9!8m2!3d-2.7392873!4d108.2478226!16s%2Fg%2F11b6tc_c4q!19sChIJqTtuQY7FEC4R2cKoGi1ROn0?authuser=0&hl=en&rclk=1,-2.7392873,108.2478226
Pantai Turun Aban / Turun Aban Beach,Bangka Belitung,4.5,sangat bagus,https://www.google.com/maps/place/Pantai+Turun+Aban+%2F+Turun+Aban+Beach/data=!4m7!3m6!1s0x2e22f4e340e00a61:0x739837d9a6add930!8m2!3d-1.8009758!4d106.1240046!16s%2Fg%2F11c0rsg19r!19sChIJYQrgQOP0Ii4RMNmtptk3mHM?authuser=0&hl=en&rclk=1,-1.8009758,106.1240046
Pantai Batu Kapur Bangka Selatan,Bangka Belitung,4.3,sangat bagus,https://www.google.com/maps/place/Pantai+Batu+Kapur+Bangka+Selatan/data=!4m7!3m6!1s0x2e3d81803dbe0b83:0xd8282fd92e0c289f!8m2!3d-3.0089309!4d106.4421565!16s%2Fg%2F11bxg8db4b!19sChIJgwu-PYCBPS4RnygMLtkvKNg?authuser=0&hl=en&rclk=1,-3.0089309,106.4421565
Pantai Tanjung Batu,Bangka Belitung,4.5,sangat bagus,https://www.google.com/maps/place/Pantai+Tanjung+Batu/data=!4m7!3m6!1s0x2e228dfee9579d7b:0x6c98568bdf708907!8m2!3d-1.8775391!4d106.172909!16s%2Fg%2F11sd6jxbxk!19sChIJe51X6f6NIi4RB4lw34tWmGw?authuser=0&hl=en&rclk=1,-1.8775391,106.172909
Pantai Teluk Gembira,Bangka Belitung,4.5,sangat bagus,https://www.google.com/maps/place/Pantai+Teluk+Gembira/data=!4m7!3m6!1s0x2e16eb85e3ed38cb:0x6711e750d31f0f63!8m2!3d-3.196893!4d107.5853894!16s%2Fg%2F11sf7z5yzt!19sChIJyzjt44XrFi4RYw8f01DnEWc?authuser=0&hl=en&rclk=1,-3.196893,107.5853894
Tanjung Pendam Beach,Bangka Belitung,4.5,sangat bagus,https://www.google.com/maps/place/Tanjung+Pendam+Beach/data=!4m7!3m6!1s0x2e171660f94aa8e7:0xdb205eed8b15f1!8m2!3d-2.7411811!4d107.6246944!16s%2Fg%2F1ydp5gj9x!19sChIJ56hK-WAWFy4R8RWL7V4g2wA?authuser=0&hl=en&rclk=1,-2.7411811,107.6246944
Pantai Tikus,Bangka Belitung,4.5,sangat bagus,https://www.google.com/maps/place/Pantai+Tikus/data=!4m7!3m6!1s0x2e228d68bba10fcf:0x472261b174e46cae!8m2!3d-1.9018475!4d106.1859211!16s%2Fg%2F11cjg9c350!19sChIJzw-hu2iNIi4RrmzkdLFhIkc?authuser=0&hl=en&rclk=1,-1.9018475,106.1859211
Pantai air anyir,Bangka Belitung,4.1,sangat bagus,https://www.google.com/maps/place/Pantai+air+anyir/data=!4m7!3m6!1s0x2e22eb2b0a47de21:0xbf9235a23fca198f!8m2!3d-2.0193529!4d106.1552899!16s%2Fg%2F11bxdwycxp!19sChIJId5HCivrIi4RjxnKP6I1kr8?authuser=0&hl=en&rclk=1,-2.0193529,106.1552899
Pantai Sinar Laut,Bangka Belitung,4.2,sangat bagus,https://www.google.com/maps/place/Pantai+Sinar+Laut/data=!4m7!3m6!1s0x2e3d50e402900433:0x643672887efa6d8c!8m2!3d-2.4795428!4d106.4110949!16s%2Fg%2F11cn65gxrb!19sChIJMwSQAuRQPS4RjG36fohyNmQ?authuser=0&hl=en&rclk=1,-2.4795428,106.4110949
Pantai Tuing,Bangka Belitung,4.5,sangat bagus,https://www.google.com/maps/place/Pantai+Tuing/data=!4m7!3m6!1s0x2e225bad89cc4a19:0x94e6730ff8f506cd!8m2!3d-1.6576924!4d106.0208707!16s%2Fg%2F11gdpx7k_d!19sChIJGUrMia1bIi4RzQb1-A9z5pQ?authuser=0&hl=en&rclk=1,-1.6576924,106.0208707
Tanjung Kelayang Beach,Bangka Belitung,4.7,sangat bagus,https://www.google.com/maps/place/Tanjung+Kelayang+Beach/data=!4m7!3m6!1s0x2e22f4fcc2606cb5:0x2a8bc48c7d43b294!8m2!3d-2.5594181!4d107.6703692!16s%2Fg%2F11c0rrwhhq!19sChIJtWxgwvz0Ii4RlLJDfYzEiyo?authuser=0&hl=en&rclk=1,-2.5594181,107.6703692
Pantai Siangau Pala Teluk Limau,Bangka Belitung,4.5,sangat bagus,https://www.google.com/maps/place/Pantai+Siangau+Pala+Teluk+Limau/data=!4m7!3m6!1s0x2e23b98dbdb4fc9f:0x15e7720c04dcee52!8m2!3d-1.5317541!4d105.5669604!16s%2Fg%2F11c44f4nvs!19sChIJn_y0vY25Iy4RUu7cBAxy5xU?authuser=0&hl=en&rclk=1,-1.5317541,105.5669604
Pantai Penganak,Bangka Belitung,4.2,sangat bagus,https://www.google.com/maps/place/Pantai+Penganak/data=!4m7!3m6!1s0x2e23bd160a9fdd69:0xafe5eaac1a149f03!8m2!3d-1.5958183!4d105.4360988!16s%2Fg%2F11b6rwmpgs!19sChIJad2fCha9Iy4RA58UGqzq5a8?authuser=0&hl=en&rclk=1,-1.5958183,105.4360988
Pan Semujur Beach,Bangka Belitung,4.2,sangat bagus,https://www.google.com/maps/place/Pan+Semujur+Beach/data=!4m7!3m6!1s0x2e22b84954c5dbf7:0x44f6856cf2ec02c5!8m2!3d-2.1875126!4d106.1990149!16s%2Fg%2F11f0krdgr2!19sChIJ99vFVEm4Ii4RxQLs8myF9kQ?authuser=0&hl=en&rclk=1,-2.1875126,106.1990149
PANTAI TELUK UBER,Bangka Belitung,4.3,sangat bagus,https://www.google.com/maps/place/PANTAI+TELUK+UBER/data=!4m7!3m6!1s0x2e228d2641185153:0xe9362024c47445da!8m2!3d-1.8752685!4d106.1715464!16s%2Fg%2F11bx42dzv0!19sChIJU1EYQSaNIi4R2kV0xCQgNuk?authuser=0&hl=en&rclk=1,-1.8752685,106.1715464
TAKARI Beach,Bangka Belitung,4.3,sangat bagus,https://www.google.com/maps/place/TAKARI+Beach/data=!4m7!3m6!1s0x2e2292d528d00511:0x5c28b36e6a47b3a7!8m2!3d-1.9451987!4d106.1586886!16s%2Fg%2F11f08jptg4!19sChIJEQXQKNWSIi4Rp7NHam6zKFw?authuser=0&hl=en&rclk=1,-1.9451987,106.1586886
Pantai Laskar Pelangi,Bangka Belitung,4.8,sangat bagus,https://www.google.com/maps/place/Pantai+Laskar+Pelangi/data=!4m7!3m6!1s0x2e1743dcdecee061:0xade3d4c4ffe015bc!8m2!3d-2.5504323!4d107.7147056!16s%2Fg%2F11h_c7kls_!19sChIJYeDO3txDFy4RvBXg_8TU460?authuser=0&hl=en&rclk=1,-2.5504323,107.7147056
Pantai Turun Aban,Bangka Belitung,4.5,sangat bagus,https://www.google.com/maps/place/Pantai+Turun+Aban/data=!4m7!3m6!1s0x2e22f528bb28e3ff:0x68d3d74aa0ce3a19!8m2!3d-1.8009831!4d106.1239764!16s%2Fg%2F11v4c7xmdy!19sChIJ_-Mouyj1Ii4RGTrOoErX02g?authuser=0&hl=en&rclk=1,-1.8009831,106.1239764
Pantai Tg Kalian Muntok Bangka,Bangka Belitung,4.4,sangat bagus,https://www.google.com/maps/place/Pantai+Tg+Kalian+Muntok+Bangka/data=!4m7!3m6!1s0x2e23677b849b94b9:0xd8ae914bf53935be!8m2!3d-2.0846895!4d105.1313841!16s%2Fg%2F11b7wn2_xy!19sChIJuZSbhHtnIy4RvjU59UuRrtg?authuser=0&hl=en&rclk=1,-2.0846895,105.1313841
Pantai Batu Ketak,Bangka Belitung,4.6,sangat bagus,https://www.google.com/maps/place/Pantai+Batu+Ketak/data=!4m7!3m6!1s0x2e228d6306a533c1:0x5f141ed3334be933!8m2!3d-1.8993648!4d106.1858205!16s%2Fg%2F11rhdw3_w2!19sChIJwTOlBmONIi4RM-lLM9MeFF8?authuser=0&hl=en&rclk=1,-1.8993648,106.1858205
Pantai Batu Dinding Belinyu Bangka,Bangka Belitung,4.4,sangat bagus,https://www.google.com/maps/place/Pantai+Batu+Dinding+Belinyu+Bangka/data=!4m7!3m6!1s0x2e23ada084542649:0x8371d22892e424d8!8m2!3d-1.6307453!4d105.7386127!16s%2Fg%2F11c1q7nvxn!19sChIJSSZUhKCtIy4R2CTkkijScYM?authuser=0&hl=en&rclk=1,-1.6307453,105.7386127
Pantai Batu Belubang,Bangka Belitung,4.2,sangat bagus,https://www.google.com/maps/place/Pantai+Batu+Belubang/data=!4m7!3m6!1s0x2e22b8f6ae257649:0x8d149a87e2c69ea4!8m2!3d-2.1690746!4d106.1882019!16s%2Fg%2F11cn8s2z2q!19sChIJSXYlrva4Ii4RpJ7G4oeaFI0?authuser=0&hl=en&rclk=1,-2.1690746,106.1882019
Pantai Tuing Indah,Bangka Belitung,4.6,sangat bagus,https://www.google.com/maps/place/Pantai+Tuing+Indah/data=!4m7!3m6!1s0x2e225bb0c150f731:0xb3351a225ae4b2c3!8m2!3d-1.6584425!4d106.0213939!16s%2Fg%2F11qm_6hvfc!19sChIJMfdQwbBbIi4Rw7LkWiIaNbM?authuser=0&hl=en&rclk=1,-1.6584425,106.0213939
Pantai Pukan,Bangka Belitung,4.3,sangat bagus,https://www.google.com/maps/place/Pantai+Pukan/data=!4m7!3m6!1s0x2e22954b22e5f2af:0x929c7da841df565!8m2!3d-2.0443367!4d106.1594233!16s%2Fg%2F11c52s1ndx!19sChIJr_LlIkuVIi4RZfUdhNrHKQk?authuser=0&hl=en&rclk=1,-2.0443367,106.1594233
Marina Bay Beach,Bangka Belitung,4.5,sangat bagus,https://www.google.com/maps/place/Marina+Bay+Beach/data=!4m7!3m6!1s0x2e22f4ef7a74935d:0x7b1bbb6d1f4a1b88!8m2!3d-1.8072475!4d106.1262167!16s%2Fg%2F11g6qsry1w!19sChIJXZN0eu_0Ii4RiBtKH227G3s?authuser=0&hl=en&rclk=1,-1.8072475,106.1262167
Pantai Teluk Karang,Bangka Belitung,4.7,sangat bagus,https://www.google.com/maps/place/Pantai+Teluk+Karang/data=!4m7!3m6!1s0x2e22f5b461b179e7:0xebb9daaee3c1f1b4!8m2!3d-1.8026653!4d106.1264769!16s%2Fg%2F11t10vpnn2!19sChIJ53mxYbT1Ii4RtPHB467aues?authuser=0&hl=en&rclk=1,-1.8026653,106.1264769
Pantai Batu Rakit,Bangka Belitung,4.2,sangat bagus,https://www.google.com/maps/place/Pantai+Batu+Rakit/data=!4m7!3m6!1s0x2e235de55c9a700b:0x5d4c87f3323db058!8m2!3d-2.0810743!4d105.1369825!16s%2Fg%2F11c3_8jx1r!19sChIJC3CaXOVdIy4RWLA9MvOHTF0?authuser=0&hl=en&rclk=1,-2.0810743,105.1369825
Pantai Batu Bedil,Bangka Belitung,4.3,sangat bagus,https://www.google.com/maps/place/Pantai+Batu+Bedil/data=!4m7!3m6!1s0x2e174ec92ac0b1bb:0xea26cb68661db209!8m2!3d-2.5605891!4d107.9236277!16s%2Fg%2F11dxdky_d3!19sChIJu7HAKslOFy4RCbIdZmjLJuo?authuser=0&hl=en&rclk=1,-2.5605891,107.9236277
Pantai Kuala Pangkalpinang,Bangka Belitung,4.3,sangat bagus,https://www.google.com/maps/place/Pantai+Kuala+Pangkalpinang/data=!4m7!3m6!1s0x2e22bff9f9351c9d:0x175c589665fab099!8m2!3d-2.0694408!4d106.1637093!16s%2Fg%2F11gbzbl3ms!19sChIJnRw1-fm_Ii4RmbD6ZZZYXBc?authuser=0&hl=en&rclk=1,-2.0694408,106.1637093
Yellow sand beach Tempilang,Bangka Belitung,4.2,sangat bagus,https://www.google.com/maps/place/Yellow+sand+beach+Tempilang/data=!4m7!3m6!1s0x2e23239480c4a3eb:0x83cc3ddd7488f902!8m2!3d-2.1267031!4d105.6608411!16s%2Fg%2F11cs0rts37!19sChIJ66PEgJQjIy4RAvmIdN09zIM?authuser=0&hl=en&rclk=1,-2.1267031,105.6608411
"Pantai Gusung, Tanjung Berikat",Bangka Belitung,4.4,sangat bagus,"https://www.google.com/maps/place/Pantai+Gusung,+Tanjung+Berikat/data=!4m7!3m6!1s0x2e17ebfdb3609a05:0xda97e3a8e478e027!8m2!3d-2.5893552!4d106.8206926!16s%2Fg%2F11c6f63l_d!19sChIJBZpgs_3rFy4RJ-B45Kjjl9o?authuser=0&hl=en&rclk=1",-2.5893552,106.8206926
Pantai batu tunggal Rambak,Bangka Belitung,4.3,sangat bagus,https://www.google.com/maps/place/Pantai+batu+tunggal+Rambak/data=!4m7!3m6!1s0x2e228d000bb0235f:0x698debfb3559b00!8m2!3d-1.8714454!4d106.1646136!16s%2Fg%2F11lz2n8_c_!19sChIJXyOwCwCNIi4RAJtVs7_emAY?authuser=0&hl=en&rclk=1,-1.8714454,106.1646136
Pantai TELAPAK ANTU,Bangka Belitung,4.2,sangat bagus,https://www.google.com/maps/place/Pantai+TELAPAK+ANTU/data=!4m7!3m6!1s0x2e22b84e5d34b6cf:0xfb5becd28a181c09!8m2!3d-2.1845298!4d106.1976849!16s%2Fg%2F11by_g35mm!19sChIJz7Y0XU64Ii4RCRwYitLsW_s?authuser=0&hl=en&rclk=1,-2.1845298,106.1976849
Pantai Pasir Putih Lampung,Lampung,4.0,bagus,https://www.google.com/maps/place/Pantai+Pasir+Putih+Lampung/data=!4m7!3m6!1s0x2e412081f4c1b837:0x97906b5e2f3ad7d1!8m2!3d-5.5302939!4d105.3575563!16s%2Fg%2F11b7q7dz9p!19sChIJN7jB9IEgQS4R0dc6L15rkJc?authuser=0&hl=en&rclk=1,-5.5302939,105.3575563
Mutun Beach,Lampung,4.2,sangat bagus,https://www.google.com/maps/place/Mutun+Beach/data=!4m7!3m6!1s0x2e40d863ce0b6695:0xaff8f326c3a8d9e1!8m2!3d-5.5143696!4d105.2633118!16s%2Fg%2F11b7q6zls0!19sChIJlWYLzmPYQC4R4dmowybz-K8?authuser=0&hl=en&rclk=1,-5.5143696,105.2633118
Klara Beach Pesawaran Lampung,Lampung,4.4,sangat bagus,https://www.google.com/maps/place/Klara+Beach+Pesawaran+Lampung/data=!4m7!3m6!1s0x2e412884e2b18a41:0xbdbde9a49735eb99!8m2!3d-5.5799026!4d105.2131419!16s%2Fg%2F11bc7pfmfz!19sChIJQYqx4oQoQS4Rmes1l6Tpvb0?authuser=0&hl=en&rclk=1,-5.5799026,105.2131419
Pantai Sari Ringgung,Lampung,4.2,sangat bagus,https://www.google.com/maps/place/Pantai+Sari+Ringgung/data=!4m7!3m6!1s0x2e40da49bddb1817:0x5a88d6e27815fb40!8m2!3d-5.5575315!4d105.2521742!16s%2Fg%2F11b6dp3wg5!19sChIJFxjbvUnaQC4RQPsVeOLWiFo?authuser=0&hl=en&rclk=1,-5.5575315,105.2521742
Sharks Teeth Beach,Lampung,4.6,sangat bagus,https://www.google.com/maps/place/Sharks+Teeth+Beach/data=!4m7!3m6!1s0x2e413315a46d600d:0x62535b5f075b8a5b!8m2!3d-5.755844!4d105.057614!16s%2Fg%2F11c5940_rg!19sChIJDWBtpBUzQS4RW4pbB19bU2I?authuser=0&hl=en&rclk=1,-5.755844,105.057614
Pantai Duta Wisata,Lampung,3.8,bagus,https://www.google.com/maps/place/Pantai+Duta+Wisata/data=!4m7!3m6!1s0x2e40d9baefab01b1:0x67832ff31f1ea752!8m2!3d-5.4768533!4d105.2525653!16s%2Fg%2F11b6_y5jb_!19sChIJsQGr77rZQC4RUqceH_Mvg2c?authuser=0&hl=en&rclk=1,-5.4768533,105.2525653
Pantai Wartawan,Lampung,4.1,sangat bagus,https://www.google.com/maps/place/Pantai+Wartawan/data=!4m7!3m6!1s0x2e410d3022a49d4d:0xdd638eba1b3a02e!8m2!3d-5.8362552!4d105.6288584!16s%2Fg%2F11cl_53z_z!19sChIJTZ2kIjANQS4RLqCzoes41g0?authuser=0&hl=en&rclk=1,-5.8362552,105.6288584
pantai tirtayasa,Lampung,3.9,bagus,https://www.google.com/maps/place/pantai+tirtayasa/data=!4m7!3m6!1s0x2e40d9b2249b18d1:0xfe4752b23e502313!8m2!3d-5.4842046!4d105.2527274!16s%2Fg%2F11bx1ykgxl!19sChIJ0RibJLLZQC4REyNQPrJSR_4?authuser=0&hl=en&rclk=1,-5.4842046,105.2527274
Pantai Bagus Kalianda,Lampung,4.0,bagus,https://www.google.com/maps/place/Pantai+Bagus+Kalianda/data=!4m7!3m6!1s0x2e411a8c497e2161:0x289f813fbc7b7f65!8m2!3d-5.6673667!4d105.5558626!16s%2Fg%2F11clzqyg7t!19sChIJYSF-SYwaQS4RZX97vD-Bnyg?authuser=0&hl=en&rclk=1,-5.6673667,105.5558626
Pantai Setigi Heni,Lampung,4.8,sangat bagus,https://www.google.com/maps/place/Pantai+Setigi+Heni/data=!4m7!3m6!1s0x2e41126dac2f8dfb:0x96b08fccd86fff38!8m2!3d-5.7898231!4d105.5813092!16s%2Fg%2F11f3r1y643!19sChIJ-40vrG0SQS4ROP9v2MyPsJY?authuser=0&hl=en&rclk=1,-5.7898231,105.5813092
Pantai Tanjung Setia Krui Lampung,Lampung,4.5,sangat bagus,https://www.google.com/maps/place/Pantai+Tanjung+Setia+Krui+Lampung/data=!4m7!3m6!1s0x2e47bc274e589569:0x9cf05766a6afbe85!8m2!3d-5.3038746!4d104.0001075!16s%2Fg%2F11g68ztl_m!19sChIJaZVYTie8Ry4Rhb6vpmZX8Jw?authuser=0&hl=en&rclk=1,-5.3038746,104.0001075
Tangkil Beach,Lampung,4.2,sangat bagus,https://www.google.com/maps/place/Tangkil+Beach/data=!4m7!3m6!1s0x2e40d88afd7c5bc1:0xb25b717aa3d09309!8m2!3d-5.5106921!4d105.269204!16s%2Fg%2F11b7p_mdsl!19sChIJwVt8_YrYQC4RCZPQo3pxW7I?authuser=0&hl=en&rclk=1,-5.5106921,105.269204
Pantai Ketang,Lampung,4.4,sangat bagus,https://www.google.com/maps/place/Pantai+Ketang/data=!4m7!3m6!1s0x2e41104703c24f89:0xb0e6257f62e1bbe5!8m2!3d-5.7113763!4d105.5682214!16s%2Fg%2F11b75dny23!19sChIJiU_CA0cQQS4R5bvhYn8l5rA?authuser=0&hl=en&rclk=1,-5.7113763,105.5682214
BATH STONE beach,Lampung,4.1,sangat bagus,https://www.google.com/maps/place/BATH+STONE+beach/data=!4m7!3m6!1s0x2e41288c3dc6f0a5:0x4f6e0034c80e5cc9!8m2!3d-5.5775974!4d105.2007355!16s%2Fg%2F11c5x7g198!19sChIJpfDGPYwoQS4RyVwOyDQAbk8?authuser=0&hl=en&rclk=1,-5.5775974,105.2007355
"Pasir Timbul, Pantai Sari Ringgung, Pesawaran. Lampung",Lampung,4.4,sangat bagus,"https://www.google.com/maps/place/Pasir+Timbul,+Pantai+Sari+Ringgung,+Pesawaran.+Lampung/data=!4m7!3m6!1s0x2e41265328db17b9:0xf67af64b69828580!8m2!3d-5.5704752!4d105.2578201!16s%2Fg%2F11c48b_yl6!19sChIJuRfbKFMmQS4RgIWCaUv2evY?authuser=0&hl=en&rclk=1",-5.5704752,105.2578201
Pantai Mutun (MS Town Beach),Lampung,4.3,sangat bagus,https://www.google.com/maps/place/Pantai+Mutun+%28MS+Town+Beach%29/data=!4m7!3m6!1s0x2e40d9e6cb1ab601:0x51779218c64d24b5!8m2!3d-5.5140783!4d105.2629427!16s%2Fg%2F11pcgvs_5m!19sChIJAbYay-bZQC4RtSRNxhiSd1E?authuser=0&hl=en&rclk=1,-5.5140783,105.2629427
Pantai gucibatukapal Campingwisata beach nature,Lampung,4.3,sangat bagus,https://www.google.com/maps/place/Pantai+gucibatukapal+Campingwisata+beach+nature/data=!4m7!3m6!1s0x2e4111f97eab4f7b:0xf9d1737b1d3a46f5!8m2!3d-5.7601491!4d105.5872019!16s%2Fg%2F11bv3mlhcz!19sChIJe0-rfvkRQS4R9UY6HXtz0fk?authuser=0&hl=en&rclk=1,-5.7601491,105.5872019
Tiska Beach,Lampung,4.0,bagus,https://www.google.com/maps/place/Tiska+Beach/data=!4m7!3m6!1s0x2e40df9a42b0f301:0xaed872d201df7edc!8m2!3d-5.4918777!4d105.3255907!16s%2Fg%2F11rd5lg5xc!19sChIJAfOwQprfQC4R3H7fAdJy2K4?authuser=0&hl=en&rclk=1,-5.4918777,105.3255907
Pantai Sebalang,Lampung,3.9,bagus,https://www.google.com/maps/place/Pantai+Sebalang/data=!4m7!3m6!1s0x2e4121b4223923c3:0x10f69adb76696ee!8m2!3d-5.569988!4d105.3773484!16s%2Fg%2F11bycj4km_!19sChIJwyM5IrQhQS4R7pZmt61pDwE?authuser=0&hl=en&rclk=1,-5.569988,105.3773484
Pantai Pulau Permata,Lampung,4.1,sangat bagus,https://www.google.com/maps/place/Pantai+Pulau+Permata/data=!4m7!3m6!1s0x2e40d9b310a75317:0xef83aec4fcf3ee36!8m2!3d-5.4871629!4d105.2509295!16s%2Fg%2F11d_9jsgm0!19sChIJF1OnELPZQC4RNu7z_MSug-8?authuser=0&hl=en&rclk=1,-5.4871629,105.2509295
Labuhan Jukung Beach,Lampung,4.5,sangat bagus,https://www.google.com/maps/place/Labuhan+Jukung+Beach/data=!4m7!3m6!1s0x2e4794d953e10d21:0xff5eeb33da649e64!8m2!3d-5.1901781!4d103.9316371!16s%2Fg%2F11cjk3bd0m!19sChIJIQ3hU9mURy4RZJ5k2jPrXv8?authuser=0&hl=en&rclk=1,-5.1901781,103.9316371
PANTAI KEDU WARNA,Lampung,4.6,sangat bagus,https://www.google.com/maps/place/PANTAI+KEDU+WARNA/data=!4m7!3m6!1s0x2e4111fbcd003fab:0xa178d57b091f1ba2!8m2!3d-5.717805!4d105.577505!16s%2Fg%2F11lt95m0_m!19sChIJqz8AzfsRQS4RohsfCXvVeKE?authuser=0&hl=en&rclk=1,-5.717805,105.577505
Marina Beach Kalianda,Lampung,4.6,sangat bagus,https://www.google.com/maps/place/Marina+Beach+Kalianda/data=!4m7!3m6!1s0x2e411a091b3da9ef:0x5fb05eb9b9644e3!8m2!3d-5.6818636!4d105.5156833!16s%2Fg%2F11cspk96hj!19sChIJ76k9GwkaQS4R40SWm-sF-wU?authuser=0&hl=en&rclk=1,-5.6818636,105.5156833
Rio by the Beach,Lampung,4.6,sangat bagus,https://www.google.com/maps/place/Rio+by+the+Beach/data=!4m7!3m6!1s0x2e411b000589c431:0x542f364e4f08936b!8m2!3d-5.6730797!4d105.507118!16s%2Fg%2F11vr532zh7!19sChIJMcSJBQAbQS4Ra5MIT042L1Q?authuser=0&hl=en&rclk=1,-5.6730797,105.507118
Pantai Tapak Kera,Lampung,4.3,sangat bagus,https://www.google.com/maps/place/Pantai+Tapak+Kera/data=!4m7!3m6!1s0x2e411a0b1912b621:0xde78f188d9a8aa71!8m2!3d-5.6861917!4d105.5170519!16s%2Fg%2F11f08st32c!19sChIJIbYSGQsaQS4Rcaqo2YjxeN4?authuser=0&hl=en&rclk=1,-5.6861917,105.5170519
Tihang Stone Beach,Lampung,4.6,sangat bagus,https://www.google.com/maps/place/Tihang+Stone+Beach/data=!4m7!3m6!1s0x2e47f18c0307c9a3:0xdabb72de81340855!8m2!3d-5.0509659!4d103.8151882!16s%2Fg%2F11ddxwk_x4!19sChIJo8kHA4zxRy4RVQg0gd5yu9o?authuser=0&hl=en&rclk=1,-5.0509659,103.8151882
Cape coast Selaki,Lampung,4.2,sangat bagus,https://www.google.com/maps/place/Cape+coast+Selaki/data=!4m7!3m6!1s0x2e41204ffa7f506f:0x868e9fae6eb4d43a!8m2!3d-5.5584962!4d105.3678869!16s%2Fg%2F11clgms7fj!19sChIJb1B_-k8gQS4ROtS0bq6fjoY?authuser=0&hl=en&rclk=1,-5.5584962,105.3678869
Pantai Karang Bolong,Lampung,4.4,sangat bagus,https://www.google.com/maps/place/Pantai+Karang+Bolong/data=!4m7!3m6!1s0x2e46d9704a4bf4a5:0x23d8b6ca504dc19!8m2!3d-5.6104052!4d104.7887242!16s%2Fg%2F11d_d39brf!19sChIJpfRLSnDZRi4RGdwEpWyLPQI?authuser=0&hl=en&rclk=1,-5.6104052,104.7887242
Pantai Kerang Mas,Lampung,4.1,sangat bagus,https://www.google.com/maps/place/Pantai+Kerang+Mas/data=!4m7!3m6!1s0x2e4057a51014a77d:0x24046643c55e5072!8m2!3d-5.3714626!4d105.8191286!16s%2Fg%2F11cn2x18_1!19sChIJfacUEKVXQC4RclBexUNmBCQ?authuser=0&hl=en&rclk=1,-5.3714626,105.8191286
Pantai Aruna,Lampung,4.3,sangat bagus,https://www.google.com/maps/place/Pantai+Aruna/data=!4m7!3m6!1s0x2e411bf00ed57e77:0xac756a3140d516de!8m2!3d-5.6675381!4d105.54534!16s%2Fg%2F11shmzj0sj!19sChIJd37VDvAbQS4R3hbVQDFqdaw?authuser=0&hl=en&rclk=1,-5.6675381,105.54534
Pantai Cemara Indah,Lampung,4.4,sangat bagus,https://www.google.com/maps/place/Pantai+Cemara+Indah/data=!4m7!3m6!1s0x2e4057da8186b1e3:0x56610743c7969c5a!8m2!3d-5.4203581!4d105.821719!16s%2Fg%2F11qqmv7jlz!19sChIJ47GGgdpXQC4RWpyWx0MHYVY?authuser=0&hl=en&rclk=1,-5.4203581,105.821719
Pantai Pintasan,Lampung,4.7,sangat bagus,https://www.google.com/maps/place/Pantai+Pintasan/data=!4m7!3m6!1s0x2e46cdefcd0c1363:0x5c0bbe03152e896b!8m2!3d-5.7193519!4d104.9962051!16s%2Fg%2F11sv_l0wrg!19sChIJYxMMze_NRi4Ra4kuFQO-C1w?authuser=0&hl=en&rclk=1,-5.7193519,104.9962051
𝐋𝐚𝐛𝐮𝐡𝐚𝐧 𝐣𝐮𝐤𝐮𝐧𝐠 𝐁𝐞𝐚𝐜𝐡,Lampung,4.5,sangat bagus,https://www.google.com/maps/place/%F0%9D%90%8B%F0%9D%90%9A%F0%9D%90%9B%F0%9D%90%AE%F0%9D%90%A1%F0%9D%90%9A%F0%9D%90%A7+%F0%9D%90%A3%F0%9D%90%AE%F0%9D%90%A4%F0%9D%90%AE%F0%9D%90%A7%F0%9D%90%A0+%F0%9D%90%81%F0%9D%90%9E%F0%9D%90%9A%F0%9D%90%9C%F0%9D%90%A1/data=!4m7!3m6!1s0x2e4794d855860b85:0xb5dce6222d97ea34!8m2!3d-5.1909103!4d103.9310314!16s%2Fg%2F11dxl7tyyh!19sChIJhQuGVdiURy4RNOqXLSLm3LU?authuser=0&hl=en&rclk=1,-5.1909103,103.9310314
SARI RINGGUNG BEACH,Lampung,4.1,sangat bagus,https://www.google.com/maps/place/SARI+RINGGUNG+BEACH/data=!4m7!3m6!1s0x2e412714982d92a9:0x30b6aa55aac39625!8m2!3d-5.5468036!4d105.2492437!16s%2Fg%2F11f6d8_wg5!19sChIJqZItmBQnQS4RJZbDqlWqtjA?authuser=0&hl=en&rclk=1,-5.5468036,105.2492437
Pantai Mandiri,Lampung,4.6,sangat bagus,https://www.google.com/maps/place/Pantai+Mandiri/data=!4m7!3m6!1s0x2e47be39fc534d3f:0xb9ce3912fd31b6f1!8m2!3d-5.2509606!4d103.9725957!16s%2Fg%2F11gclvkbrn!19sChIJP01T_Dm-Ry4R8bYx_RI5zrk?authuser=0&hl=en&rclk=1,-5.2509606,103.9725957
Teluk Hantu,Lampung,4.3,sangat bagus,https://www.google.com/maps/place/Teluk+Hantu/data=!4m7!3m6!1s0x2e4131a4bdd87497:0xf0cdfee4f0ac5ffa!8m2!3d-5.7746176!4d105.2139656!16s%2Fg%2F11fqprch5p!19sChIJl3TYvaQxQS4R-l-s8OT-zfA?authuser=0&hl=en&rclk=1,-5.7746176,105.2139656
Pantai Canti Kalianda,Lampung,4.3,sangat bagus,https://www.google.com/maps/place/Pantai+Canti+Kalianda/data=!4m7!3m6!1s0x2e4113be88bf5f1f:0xcb68dcc3d58b1876!8m2!3d-5.7947148!4d105.5847758!16s%2Fg%2F11ghq5vclf!19sChIJH1-_iL4TQS4RdhiL1cPcaMs?authuser=0&hl=en&rclk=1,-5.7947148,105.5847758
Pantai Melasti,Lampung,4.5,sangat bagus,https://www.google.com/maps/place/Pantai+Melasti/data=!4m7!3m6!1s0x2e47ba849f6893f5:0x82124013a9c16ae3!8m2!3d-5.3906977!4d104.0637871!16s%2Fg%2F11dx8j17yx!19sChIJ9ZNon4S6Ry4R42rBqRNAEoI?authuser=0&hl=en&rclk=1,-5.3906977,104.0637871
Pantai Dewi Mandapa Pesawaran,Lampung,3.9,bagus,https://www.google.com/maps/place/Pantai+Dewi+Mandapa+Pesawaran/data=!4m7!3m6!1s0x2e41264ae8444d97:0x55ccbc7624ce3fa4!8m2!3d-5.5723783!4d105.2436664!16s%2Fg%2F11cmy3dtm1!19sChIJl01E6EomQS4RpD_OJHa8zFU?authuser=0&hl=en&rclk=1,-5.5723783,105.2436664
Pantai Sukaraja Lampung,Lampung,4.0,bagus,https://www.google.com/maps/place/Pantai+Sukaraja+Lampung/data=!4m7!3m6!1s0x2e40db6fafb55ec7:0xbd315abde9d3c011!8m2!3d-5.4450725!4d105.2898654!16s%2Fg%2F11v5qk_47w!19sChIJx161r2_bQC4REcDT6b1aMb0?authuser=0&hl=en&rclk=1,-5.4450725,105.2898654
Bensam Beach,Lampung,4.8,sangat bagus,https://www.google.com/maps/place/Bensam+Beach/data=!4m7!3m6!1s0x2e41298b4d8e626f:0x36551ee56fd5b6f5!8m2!3d-5.578379!4d105.2005472!16s%2Fg%2F11sbf4b7nb!19sChIJb2KOTYspQS4R9bbVb-UeVTY?authuser=0&hl=en&rclk=1,-5.578379,105.2005472
kahai beach,Lampung,4.1,sangat bagus,https://www.google.com/maps/place/kahai+beach/data=!4m7!3m6!1s0x2e410cb68c552467:0x6e934f9edafb054f!8m2!3d-5.8362997!4d105.6673983!16s%2Fg%2F11cjh_xn8f!19sChIJZyRVjLYMQS4RTwX72p5Pk24?authuser=0&hl=en&rclk=1,-5.8362997,105.6673983
Pulau Mengkudu,Lampung,4.6,sangat bagus,https://www.google.com/maps/place/Pulau+Mengkudu/data=!4m7!3m6!1s0x2e4173543a404835:0x73f2194381be055f!8m2!3d-5.8478091!4d105.6844145!16s%2Fg%2F11f0bjwk8y!19sChIJNUhAOlRzQS4RXwW-gUMZ8nM?authuser=0&hl=en&rclk=1,-5.8478091,105.6844145
Wisata Pantai Teluk Paku,Lampung,4.7,sangat bagus,https://www.google.com/maps/place/Wisata+Pantai+Teluk+Paku/data=!4m7!3m6!1s0x2e46cd76ffab05ad:0xb65cfe6c84a1c5cf!8m2!3d-5.7122747!4d104.988712!16s%2Fg%2F11gg6z0fb6!19sChIJrQWr_3bNRi4Rz8WhhGz-XLY?authuser=0&hl=en&rclk=1,-5.7122747,104.988712
Minang Rua Beach,Lampung,4.3,sangat bagus,https://www.google.com/maps/place/Minang+Rua+Beach/data=!4m7!3m6!1s0x2e4174ceaaaaaaab:0x5cb97afc59dd7801!8m2!3d-5.8577283!4d105.7143823!16s%2Fg%2F11ddxwswxw!19sChIJq6qqqs50QS4RAXjdWfx6uVw?authuser=0&hl=en&rclk=1,-5.8577283,105.7143823
Pantai Kedu Kalianda,Lampung,4.4,sangat bagus,https://www.google.com/maps/place/Pantai+Kedu+Kalianda/data=!4m7!3m6!1s0x2e411032ea88491f:0x59a00a7d266b9b14!8m2!3d-5.722807!4d105.58097!16s%2Fg%2F11g65dr8lk!19sChIJH0mI6jIQQS4RFJtrJn0KoFk?authuser=0&hl=en&rclk=1,-5.722807,105.58097
Pantai Walur,Lampung,4.6,sangat bagus,https://www.google.com/maps/place/Pantai+Walur/data=!4m7!3m6!1s0x2e47eac7e39f573f:0x488028df6b88631f!8m2!3d-5.2156893!4d103.902526!16s%2Fg%2F11f1vgp0jx!19sChIJP1ef48fqRy4RH2OIa98ogEg?authuser=0&hl=en&rclk=1,-5.2156893,103.902526
Pantai Wisata Tanjung Tua,Lampung,4.3,sangat bagus,https://www.google.com/maps/place/Pantai+Wisata+Tanjung+Tua/data=!4m7!3m6!1s0x2e41743f2caa6669:0xf9393a2f4dff874d!8m2!3d-5.9061111!4d105.7175!16s%2Fg%2F11cs6dd5l2!19sChIJaWaqLD90QS4RTYf_TS86Ofk?authuser=0&hl=en&rclk=1,-5.9061111,105.7175
Tanjung Lesung Beach,Banten,4.4,sangat bagus,https://www.google.com/maps/place/Tanjung+Lesung+Beach/data=!4m7!3m6!1s0x2e43c9b86a346b9d:0xec0d502e94af8656!8m2!3d-6.4786315!4d105.6557853!16s%2Fg%2F11fj45fq1n!19sChIJnWs0arjJQy4RVoavlC5QDew?authuser=0&hl=en&rclk=1,-6.4786315,105.6557853
Sawarna Beach,Banten,4.5,sangat bagus,https://www.google.com/maps/place/Sawarna+Beach/data=!4m7!3m6!1s0x2e429030f0d704a7:0xdf552aa51e23e199!8m2!3d-6.9844878!4d106.3068282!16s%2Fg%2F1ptxb4qc7!19sChIJpwTX8DCQQi4RmeEjHqUqVd8?authuser=0&hl=en&rclk=1,-6.9844878,106.3068282
Tanjung Pasir Beach,Banten,4.0,bagus,https://www.google.com/maps/place/Tanjung+Pasir+Beach/data=!4m7!3m6!1s0x2e6a05019d1a601f:0xca017866b64aaebe!8m2!3d-6.0135565!4d106.6790076!16s%2Fg%2F11b7tq0yyg!19sChIJH2AanQEFai4Rvq5KtmZ4Aco?authuser=0&hl=en&rclk=1,-6.0135565,106.6790076
Pantai Marina,Banten,4.0,bagus,https://www.google.com/maps/place/Pantai+Marina/data=!4m7!3m6!1s0x2e4180c0f2619feb:0x47592da78f6ec63e!8m2!3d-6.1438889!4d105.8561111!16s%2Fg%2F1234bmns!19sChIJ659h8sCAQS4RPsZuj6ctWUc?authuser=0&hl=en&rclk=1,-6.1438889,105.8561111
Pantai Bagedur,Banten,4.3,sangat bagus,https://www.google.com/maps/place/Pantai+Bagedur/data=!4m7!3m6!1s0x2e42580db85e3ee1:0x785efd54ab2cebb!8m2!3d-6.8139805!4d105.9924372!16s%2Fg%2F121kwmy5!19sChIJ4T5euA1YQi4Ru86yStXvhQc?authuser=0&hl=en&rclk=1,-6.8139805,105.9924372
Pantai Anyer,Banten,4.5,sangat bagus,https://www.google.com/maps/place/Pantai+Anyer/data=!4m7!3m6!1s0x2e4186aeccb6c0f1:0x1f555b24c077b26f!8m2!3d-6.0881922!4d105.8837856!16s%2Fg%2F11fy193ldr!19sChIJ8cC2zK6GQS4Rb7J3wCRbVR8?authuser=0&hl=en&rclk=1,-6.0881922,105.8837856
Carita Beach,Banten,4.3,sangat bagus,https://www.google.com/maps/place/Carita+Beach/data=!4m7!3m6!1s0x2e422dae6ebd5089:0xe2ca5ee81785330a!8m2!3d-6.2959861!4d105.8396249!16s%2Fg%2F122qxysb!19sChIJiVC9bq4tQi4RCjOFF-heyuI?authuser=0&hl=en&rclk=1,-6.2959861,105.8396249
Jambu Beach,Banten,4.2,sangat bagus,https://www.google.com/maps/place/Jambu+Beach/data=!4m7!3m6!1s0x2e422a42c7c21bf5:0x8cda4a0d35fddad5!8m2!3d-6.1879111!4d105.8416896!16s%2Fg%2F11cp74g5xc!19sChIJ9RvCx0IqQi4R1dr9NQ1K2ow?authuser=0&hl=en&rclk=1,-6.1879111,105.8416896
Pantai Tanjung Tum Anyer,Banten,4.1,sangat bagus,https://www.google.com/maps/place/Pantai+Tanjung+Tum+Anyer/data=!4m7!3m6!1s0x2e418414c8aca425:0x46ce34e0f82f18ac!8m2!3d-6.0628467!4d105.8954539!16s%2Fg%2F11b6sn9kfx!19sChIJJaSsyBSEQS4RrBgv-OA0zkY?authuser=0&hl=en&rclk=1,-6.0628467,105.8954539
Tanjung Layar Beach,Banten,4.6,sangat bagus,https://www.google.com/maps/place/Tanjung+Layar+Beach/data=!4m7!3m6!1s0x2e4290365ecbaad7:0xe40b1b4e2a603902!8m2!3d-6.9939444!4d106.3071713!16s%2Fg%2F11g71y735v!19sChIJ16rLXjaQQi4RAjlgKk4bC-Q?authuser=0&hl=en&rclk=1,-6.9939444,106.3071713
Pantai Sambolo Anyer,Banten,4.2,sangat bagus,https://www.google.com/maps/place/Pantai+Sambolo+Anyer/data=!4m7!3m6!1s0x2e4186b41d385d13:0xe444d56faee5686b!8m2!3d-6.0987264!4d105.8816995!16s%2Fg%2F11bxjcbngs!19sChIJE104HbSGQS4Ra2jlrm_VROQ?authuser=0&hl=en&rclk=1,-6.0987264,105.8816995
Pantai Pasir Putih Florida Indah Anyer,Banten,4.3,sangat bagus,https://www.google.com/maps/place/Pantai+Pasir+Putih+Florida+Indah+Anyer/data=!4m7!3m6!1s0x2e4180d9fb4476b9:0xa3c12cd019ae4ee5!8m2!3d-6.1288411!4d105.8653979!16s%2Fg%2F11b_3g81mh!19sChIJuXZE-9mAQS4R5U6uGdAswaM?authuser=0&hl=en&rclk=1,-6.1288411,105.8653979
pantai pasir putih,Banten,4.2,sangat bagus,https://www.google.com/maps/place/pantai+pasir+putih/data=!4m7!3m6!1s0x2e4186a94ac02ee7:0xcd83481736a2dc5b!8m2!3d-6.0881046!4d105.8832436!16s%2Fg%2F11d_7sy92v!19sChIJ5y7ASqmGQS4RW9yiNhdIg80?authuser=0&hl=en&rclk=1,-6.0881046,105.8832436
Pantai Munir,Banten,4.4,sangat bagus,https://www.google.com/maps/place/Pantai+Munir/data=!4m7!3m6!1s0x2e4193b0d528b76f:0x361cc58fb368a475!8m2!3d-5.9217345!4d106.1393727!16s%2Fg%2F11gr1_ts9b!19sChIJb7co1bCTQS4RdaRos4_FHDY?authuser=0&hl=en&rclk=1,-5.9217345,106.1393727
Pantai Batu Hideung Pandeglang Banten,Banten,4.5,sangat bagus,https://www.google.com/maps/place/Pantai+Batu+Hideung+Pandeglang+Banten/data=!4m7!3m6!1s0x2e43b51223baec27:0xd44e7d5a0ed5de42!8m2!3d-6.5342434!4d105.6249079!16s%2Fg%2F11c468vzlq!19sChIJJ-y6IxK1Qy4RQt7VDlp9TtQ?authuser=0&hl=en&rclk=1,-6.5342434,105.6249079
Pantai Kerang,Banten,4.1,sangat bagus,https://www.google.com/maps/place/Pantai+Kerang/data=!4m7!3m6!1s0x2e43b50be26312c1:0xaf47c523f26b6766!8m2!3d-6.5230402!4d105.7390792!16s%2Fg%2F1pv6ytq_k!19sChIJwRJj4gu1Qy4RZmdr8iPFR68?authuser=0&hl=en&rclk=1,-6.5230402,105.7390792
Karang Taraje Beach,Banten,4.7,sangat bagus,https://www.google.com/maps/place/Karang+Taraje+Beach/data=!4m7!3m6!1s0x2e4290141ba1cf59:0xb1edaf09255ac35c!8m2!3d-6.9907843!4d106.3262475!16s%2Fg%2F11b7v_616l!19sChIJWc-hGxSQQi4RXMNaJQmv7bE?authuser=0&hl=en&rclk=1,-6.9907843,106.3262475
Pantai Bedeng Buaran Asem Tj Kait.,Banten,3.9,bagus,https://www.google.com/maps/place/Pantai+Bedeng+Buaran+Asem+Tj+Kait./data=!4m7!3m6!1s0x2e6a0782b1aa94ff:0x9c07a740b0741d31!8m2!3d-6.021194!4d106.5460763!16s%2Fg%2F11gb3rkcyq!19sChIJ_5SqsYIHai4RMR10sECnB5w?authuser=0&hl=en&rclk=1,-6.021194,106.5460763
Wisata Pantai Pasir Putih Carita Pandeglang,Banten,4.3,sangat bagus,https://www.google.com/maps/place/Wisata+Pantai+Pasir+Putih+Carita+Pandeglang/data=!4m7!3m6!1s0x2e42328ae093f435:0x7ba69536e956605d!8m2!3d-6.2983855!4d105.8415153!16s%2Fg%2F1ptvrwj7q!19sChIJNfST4IoyQi4RXWBW6TaVpns?authuser=0&hl=en&rclk=1,-6.2983855,105.8415153
Pantai Sambolo 1 Anyer Serang Banten,Banten,4.3,sangat bagus,https://www.google.com/maps/place/Pantai+Sambolo+1+Anyer+Serang+Banten/data=!4m7!3m6!1s0x2e4187cd74737d09:0x1849584366f5e8d1!8m2!3d-6.0986643!4d105.8820584!16s%2Fg%2F11gh9q8rz5!19sChIJCX1zdM2HQS4R0ej1ZkNYSRg?authuser=0&hl=en&rclk=1,-6.0986643,105.8820584
Pantai Carita Anyer,Banten,4.3,sangat bagus,https://www.google.com/maps/place/Pantai+Carita+Anyer/data=!4m7!3m6!1s0x2e422dae1efccfe9:0xb3a862fb459744e4!8m2!3d-6.3059224!4d105.84123!16s%2Fg%2F11b6t85rp5!19sChIJ6c_8Hq4tQi4R5ESXRftiqLM?authuser=0&hl=en&rclk=1,-6.3059224,105.84123
Pantai Sirih Anyer Banten,Banten,4.1,sangat bagus,https://www.google.com/maps/place/Pantai+Sirih+Anyer+Banten/data=!4m7!3m6!1s0x2e4186cd31a90243:0x9582a4afad8eb701!8m2!3d-6.1122141!4d105.8765205!16s%2Fg%2F11cm_gh_yg!19sChIJQwKpMc2GQS4RAbeOra-kgpU?authuser=0&hl=en&rclk=1,-6.1122141,105.8765205
Pantai Bulakan,Banten,4.4,sangat bagus,https://www.google.com/maps/place/Pantai+Bulakan/data=!4m7!3m6!1s0x2e422a5b2d86f727:0xf7f7e7598143d142!8m2!3d-6.1938889!4d105.8405556!16s%2Fg%2F11c1p8vghl!19sChIJJ_eGLVsqQi4RQtFDgVnn9_c?authuser=0&hl=en&rclk=1,-6.1938889,105.8405556
Pasir Putih Carita Pandeglang,Banten,4.2,sangat bagus,https://www.google.com/maps/place/Pasir+Putih+Carita+Pandeglang/data=!4m7!3m6!1s0x2e422db006ff2cdf:0xb6cfc8a3d068d665!8m2!3d-6.298159!4d105.8417232!16s%2Fg%2F11fx7tzm9s!19sChIJ3yz_BrAtQi4RZdZo0KPIz7Y?authuser=0&hl=en&rclk=1,-6.298159,105.8417232
Tanjung Kait Beach,Banten,4.0,bagus,https://www.google.com/maps/place/Tanjung+Kait+Beach/data=!4m7!3m6!1s0x2e41fdc1fe10c80d:0x7859fd3b8b8865e0!8m2!3d-6.0123941!4d106.5369247!16s%2Fg%2F11c32gtzgc!19sChIJDcgQ_sH9QS4R4GWIizv9WXg?authuser=0&hl=en&rclk=1,-6.0123941,106.5369247
Tanjung Jaya Beach,Banten,4.4,sangat bagus,https://www.google.com/maps/place/Tanjung+Jaya+Beach/data=!4m7!3m6!1s0x2e43b7cecea621cf:0x2867bacbf95d49bb!8m2!3d-6.5170289!4d105.6335084!16s%2Fg%2F11bxf62k9j!19sChIJzyGmzs63Qy4Ru0ld-cu6Zyg?authuser=0&hl=en&rclk=1,-6.5170289,105.6335084
Pantai Karang Cantigi,Banten,4.6,sangat bagus,https://www.google.com/maps/place/Pantai+Karang+Cantigi/data=!4m7!3m6!1s0x2e42f52d4535ede1:0x3d5cba695065dc4f!8m2!3d-6.8926801!4d106.1327825!16s%2Fg%2F11f9j7h64_!19sChIJ4e01RS31Qi4RT9xlUGm6XD0?authuser=0&hl=en&rclk=1,-6.8926801,106.1327825
Pantai Karangsari,Banten,4.1,sangat bagus,https://www.google.com/maps/place/Pantai+Karangsari/data=!4m7!3m6!1s0x2e422dafd331a18f:0xc096e7402786cbca!8m2!3d-6.2972222!4d105.8402778!16s%2Fg%2F11c0pzz__4!19sChIJj6Ex068tQi4RysuGJ0DnlsA?authuser=0&hl=en&rclk=1,-6.2972222,105.8402778
Pantai Karang Bolong,Banten,4.4,sangat bagus,https://www.google.com/maps/place/Pantai+Karang+Bolong/data=!4m7!3m6!1s0x2e422a750d91ff6d:0xf5ead1f9ecbddde8!8m2!3d-6.1668833!4d105.8518413!16s%2Fg%2F11b7yw6nwk!19sChIJbf-RDXUqQi4R6N297PnR6vU?authuser=0&hl=en&rclk=1,-6.1668833,105.8518413
Pantai Muara Kecil,Banten,4.4,sangat bagus,https://www.google.com/maps/place/Pantai+Muara+Kecil/data=!4m7!3m6!1s0x2e6a04c2495fbc57:0x1501e9196af2a01e!8m2!3d-6.0308819!4d106.7024498!16s%2Fg%2F11cn9495b7!19sChIJV7xfScIEai4RHqDyahnpARU?authuser=0&hl=en&rclk=1,-6.0308819,106.7024498
Pantai Pasir Putih PIK 2,Banten,4.3,sangat bagus,https://www.google.com/maps/place/Pantai+Pasir+Putih+PIK+2/data=!4m7!3m6!1s0x2e6a03d2ab6c60bd:0xec52cbac35c458d5!8m2!3d-6.0745483!4d106.7172717!16s%2Fg%2F11kbr34gcs!19sChIJvWBsq9IDai4R1VjENazLUuw?authuser=0&hl=en&rclk=1,-6.0745483,106.7172717
Pantai Legon Pari,Banten,4.7,sangat bagus,https://www.google.com/maps/place/Pantai+Legon+Pari/data=!4m7!3m6!1s0x2e4291f17892ea29:0xb5edf8f8c1c13a7a!8m2!3d-6.987721!4d106.3216837!16s%2Fg%2F11j1l_fb4g!19sChIJKeqSePGRQi4RejrBwfj47bU?authuser=0&hl=en&rclk=1,-6.987721,106.3216837
Bugel beach Mega Camara,Banten,4.5,sangat bagus,https://www.google.com/maps/place/Bugel+beach+Mega+Camara/data=!4m7!3m6!1s0x2e43b0d400000001:0x22c554ce8633fa42!8m2!3d-6.5835947!4d105.6246979!16s%2Fg%2F11dybb90td!19sChIJAQAAANSwQy4RQvozhs5UxSI?authuser=0&hl=en&rclk=1,-6.5835947,105.6246979
Pantai Karang Songsong,Banten,4.6,sangat bagus,https://www.google.com/maps/place/Pantai+Karang+Songsong/data=!4m7!3m6!1s0x2e42f489a5345113:0xb1fa7095d492de14!8m2!3d-6.8878923!4d106.1191984!16s%2Fg%2F11b6_q_4hs!19sChIJE1E0pYn0Qi4RFN6S1JVw-rE?authuser=0&hl=en&rclk=1,-6.8878923,106.1191984
Pantai pasir putih sawarna,Banten,4.6,sangat bagus,https://www.google.com/maps/place/Pantai+pasir+putih+sawarna/data=!4m7!3m6!1s0x2e4291771134b12d:0x9e3c8d7de310321!8m2!3d-6.9842493!4d106.3071324!16s%2Fg%2F11qqw5lbc8!19sChIJLbE0EXeRQi4RIQMx3tfI4wk?authuser=0&hl=en&rclk=1,-6.9842493,106.3071324
Pantai Paku Anyer,Banten,4.7,sangat bagus,https://www.google.com/maps/place/Pantai+Paku+Anyer/data=!4m7!3m6!1s0x2e4185fdf4d87e1d:0xf4ab7b5e43e33228!8m2!3d-6.0495342!4d105.9208454!16s%2Fg%2F11rmt0pmfw!19sChIJHX7Y9P2FQS4RKDLjQ157q_Q?authuser=0&hl=en&rclk=1,-6.0495342,105.9208454
Pantai Tanjung Pasir,Banten,4.3,sangat bagus,https://www.google.com/maps/place/Pantai+Tanjung+Pasir/data=!4m7!3m6!1s0x2e6a057f3a5adaf5:0xb92b60253ffb25a2!8m2!3d-6.0129746!4d106.6794519!16s%2Fg%2F11lgd10bbp!19sChIJ9dpaOn8Fai4RoiX7PyVgK7k?authuser=0&hl=en&rclk=1,-6.0129746,106.6794519
Pantai Lontar,Banten,4.2,sangat bagus,https://www.google.com/maps/place/Pantai+Lontar/data=!4m7!3m6!1s0x2e41ee35619ae54d:0x15f332d505b17587!8m2!3d-5.9685384!4d106.2975067!16s%2Fg%2F11bzq3g9_v!19sChIJTeWaYTXuQS4Rh3WxBdUy8xU?authuser=0&hl=en&rclk=1,-5.9685384,106.2975067
Pantai Pulo Manuk,Banten,4.3,sangat bagus,https://www.google.com/maps/place/Pantai+Pulo+Manuk/data=!4m7!3m6!1s0x2e428e1ad8cd4903:0xfe51465c38a9a8d8!8m2!3d-6.9695317!4d106.2650837!16s%2Fg%2F11btvg7zjy!19sChIJA0nN2BqOQi4R2KipOFxGUf4?authuser=0&hl=en&rclk=1,-6.9695317,106.2650837
"Pantai "" Selat Sunda"" Karang Suraga",Banten,4.4,sangat bagus,https://www.google.com/maps/place/Pantai+%22+Selat+Sunda%22+Karang+Suraga/data=!4m7!3m6!1s0x2e4180a1c979b889:0x6f321ac3d353041b!8m2!3d-6.1629939!4d105.8537848!16s%2Fg%2F11f01p7v7l!19sChIJibh5yaGAQS4RGwRT08MaMm8?authuser=0&hl=en&rclk=1,-6.1629939,105.8537848
Pantai Pasir Panjang Kepuh,Banten,4.0,bagus,https://www.google.com/maps/place/Pantai+Pasir+Panjang+Kepuh/data=!4m7!3m6!1s0x2e423489f28d130b:0x10748656ed814053!8m2!3d-6.4281841!4d105.827706!16s%2Fg%2F11gfmldxkv!19sChIJCxON8ok0Qi4RU0CB7VaGdBA?authuser=0&hl=en&rclk=1,-6.4281841,105.827706
Pantai Pasir Putih Lebak,Banten,4.5,sangat bagus,https://www.google.com/maps/place/Pantai+Pasir+Putih+Lebak/data=!4m7!3m6!1s0x2e42f5d94e5f7e67:0x7b0c5b76ad27cd54!8m2!3d-6.8447179!4d106.0689784!16s%2Fg%2F11dxdbtykz!19sChIJZ35fTtn1Qi4RVM0nrXZbDHs?authuser=0&hl=en&rclk=1,-6.8447179,106.0689784
Paku Beach,Banten,4.2,sangat bagus,https://www.google.com/maps/place/Paku+Beach/data=!4m7!3m6!1s0x2e4184533e70a145:0x1df6d50529a0ba31!8m2!3d-6.0478214!4d105.921592!16s%2Fg%2F11c3v6yq3m!19sChIJRaFwPlOEQS4RMbqgKQXV9h0?authuser=0&hl=en&rclk=1,-6.0478214,105.921592
Pantai Karang Seke Binuangeun Indah,Banten,4.3,sangat bagus,https://www.google.com/maps/place/Pantai+Karang+Seke+Binuangeun+Indah/data=!4m7!3m6!1s0x2e42f8a40140211d:0x8cf600145a62511!8m2!3d-6.8297706!4d105.8933404!16s%2Fg%2F11g8zx6wbn!19sChIJHSFAAaT4Qi4RESWmRQFgzwg?authuser=0&hl=en&rclk=1,-6.8297706,105.8933404
Pantai Pasir Panjang,Banten,4.4,sangat bagus,https://www.google.com/maps/place/Pantai+Pasir+Panjang/data=!4m7!3m6!1s0x2e419c5eee1dcc65:0x45b5f8cf31e8b78d!8m2!3d-5.9581782!4d105.8484058!16s%2Fg%2F11cnd9qg9f!19sChIJZcwd7l6cQS4RjbfoMc_4tUU?authuser=0&hl=en&rclk=1,-5.9581782,105.8484058
Pantai Tanjung Kait JK Park,Banten,3.7,bagus,https://www.google.com/maps/place/Pantai+Tanjung+Kait+JK+Park/data=!4m7!3m6!1s0x2e41fd7c8b47d707:0xf9a2516769d73b91!8m2!3d-6.0148855!4d106.5303157!16s%2Fg%2F11cmhsyv_5!19sChIJB9dHi3z9QS4RkTvXaWdRovk?authuser=0&hl=en&rclk=1,-6.0148855,106.5303157
Pantai Badur,Banten,3.9,bagus,https://www.google.com/maps/place/Pantai+Badur/data=!4m7!3m6!1s0x2e43c9b8c7f12e75:0x5670d735a624806d!8m2!3d-6.4791667!4d105.6580556!16s%2Fg%2F11c1p7w8yt!19sChIJdS7xx7jJQy4RbYAkpjXXcFY?authuser=0&hl=en&rclk=1,-6.4791667,105.6580556
Pantai Cilurah,Banten,4.2,sangat bagus,https://www.google.com/maps/place/Pantai+Cilurah/data=!4m7!3m6!1s0x2e422c80f4d40bd7:0x35ae6f2df6f725db!8m2!3d-6.2515435!4d105.8275434!16s%2Fg%2F11ddxn031w!19sChIJ1wvU9IAsQi4R2yX39i1vrjU?authuser=0&hl=en&rclk=1,-6.2515435,105.8275434
Pantai Mabak Cilegon,Banten,4.2,sangat bagus,https://www.google.com/maps/place/Pantai+Mabak+Cilegon/data=!4m7!3m6!1s0x2e4190ebd1e5fa81:0xc360834e27a7b550!8m2!3d-5.9409783!4d106.0004333!16s%2Fg%2F11cmt8s2r5!19sChIJgfrl0euQQS4RULWnJ06DYMM?authuser=0&hl=en&rclk=1,-5.9409783,106.0004333
Pantai Laut Bengkung Carita,Banten,4.8,sangat bagus,https://www.google.com/maps/place/Pantai+Laut+Bengkung+Carita/data=!4m7!3m6!1s0x2e422d39173c5a71:0xbe921b2a4d18e8b!8m2!3d-6.3269553!4d105.8293668!16s%2Fg%2F11rgd4m8p6!19sChIJcVo8FzktQi4Ri47RpLIh6Qs?authuser=0&hl=en&rclk=1,-6.3269553,105.8293668
PANTAI PAL ANYER,Banten,4.4,sangat bagus,https://www.google.com/maps/place/PANTAI+PAL+ANYER/data=!4m7!3m6!1s0x2e418577f41d5691:0x45c3637b53c036ab!8m2!3d-6.0775227!4d105.8833545!16s%2Fg%2F11sf66vg3m!19sChIJkVYd9HeFQS4RqzbAU3tjw0U?authuser=0&hl=en&rclk=1,-6.0775227,105.8833545
Pantai Cikaroeng,Banten,4.2,sangat bagus,https://www.google.com/maps/place/Pantai+Cikaroeng/data=!4m7!3m6!1s0x2e42348027336ba1:0xacda337bf5fea52d!8m2!3d-6.4143547!4d105.8264903!16s%2Fg%2F11c30sxfw7!19sChIJoWszJ4A0Qi4RLaX-9Xsz2qw?authuser=0&hl=en&rclk=1,-6.4143547,105.8264903
Pantai Matahari Carita Pandeglang,Banten,4.4,sangat bagus,https://www.google.com/maps/place/Pantai+Matahari+Carita+Pandeglang/data=!4m7!3m6!1s0x2e422b7f39958c65:0x5b905e3fd94704cb!8m2!3d-6.2444069!4d105.8272852!16s%2Fg%2F11g6pykl_3!19sChIJZYyVOX8rQi4RywRH2T9ekFs?authuser=0&hl=en&rclk=1,-6.2444069,105.8272852
Pantai Cikujang,Banten,4.6,sangat bagus,https://www.google.com/maps/place/Pantai+Cikujang/data=!4m7!3m6!1s0x2e43b70be39407fb:0x5772b34485890f75!8m2!3d-6.5477933!4d105.6233609!16s%2Fg%2F11f15kyns8!19sChIJ-weU4wu3Qy4RdQ-JhUSzclc?authuser=0&hl=en&rclk=1,-6.5477933,105.6233609
ZERO POINT BEACH ANYER,Banten,4.5,sangat bagus,https://www.google.com/maps/place/ZERO+POINT+BEACH+ANYER/data=!4m7!3m6!1s0x2e41840e4c1afc4b:0x4d1e85703cbafb17!8m2!3d-6.0699017!4d105.8858586!16s%2Fg%2F11dxb36v9y!19sChIJS_waTA6EQS4RF_u6PHCFHk0?authuser=0&hl=en&rclk=1,-6.0699017,105.8858586
Ancol beach,DKI Jakarta,4.4,sangat bagus,https://www.google.com/maps/place/Ancol+beach/data=!4m7!3m6!1s0x2e6a1e3c1ca938d1:0x1ccccec14fd711af!8m2!3d-6.1194215!4d106.8502435!16s%2Fg%2F1pty45vqg!19sChIJ0TipHDweai4RrxHXT8HOzBw?authuser=0&hl=en&rclk=1,-6.1194215,106.8502435
Pantai Ancol,DKI Jakarta,4.4,sangat bagus,https://www.google.com/maps/place/Pantai+Ancol/data=!4m7!3m6!1s0x2e6a1e17be3a41fd:0xbf379f603e3bf0ef!8m2!3d-6.1236638!4d106.8399162!16s%2Fg%2F1q5bn1dz8!19sChIJ_UE6vhceai4R7_A7PmCfN78?authuser=0&hl=en&rclk=1,-6.1236638,106.8399162
Pasir Putih Pantai Ancol,DKI Jakarta,4.7,sangat bagus,https://www.google.com/maps/place/Pasir+Putih+Pantai+Ancol/data=!4m7!3m6!1s0x2e6a1f0f772d6ded:0x6396142d06ba95db!8m2!3d-6.1185834!4d106.8529593!16s%2Fg%2F11sf6f07kv!19sChIJ7W0tdw8fai4R25W6Bi0UlmM?authuser=0&hl=en&rclk=1,-6.1185834,106.8529593
Pasir Perawan Beach,DKI Jakarta,4.8,sangat bagus,https://www.google.com/maps/place/Pasir+Perawan+Beach/data=!4m7!3m6!1s0x2e6a0b2210dd0327:0xa32b3b744399176c!8m2!3d-5.854806!4d106.6225341!16s%2Fg%2F11h_bn_xg9!19sChIJJwPdECILai4RbBeZQ3Q7K6M?authuser=0&hl=en&rclk=1,-5.854806,106.6225341
Marunde Beach,DKI Jakarta,4.0,bagus,https://www.google.com/maps/place/Marunde+Beach/data=!4m7!3m6!1s0x2e6a20ffa661e859:0x303dfc7f11650ece!8m2!3d-6.0926996!4d106.9615049!16s%2Fg%2F11cjkq15vk!19sChIJWehhpv8gai4Rzg5lEX_8PTA?authuser=0&hl=en&rclk=1,-6.0926996,106.9615049
Pantai Indah Ancol,DKI Jakarta,4.5,sangat bagus,https://www.google.com/maps/place/Pantai+Indah+Ancol/data=!4m7!3m6!1s0x2e6a1fb9f0e1c88d:0xdc0845e568c1141a!8m2!3d-6.121739!4d106.8343019!16s%2Fg%2F11fm4skpc4!19sChIJjcjh8Lkfai4RGhTBaOVFCNw?authuser=0&hl=en&rclk=1,-6.121739,106.8343019
"Beach Pool, Ancol Beach",DKI Jakarta,4.5,sangat bagus,"https://www.google.com/maps/place/Beach+Pool,+Ancol+Beach/data=!4m7!3m6!1s0x2e6a1f09ab9c226d:0x68fc16e676a237f1!8m2!3d-6.1202706!4d106.8478517!16s%2Fg%2F11flv2r4t6!19sChIJbSKcqwkfai4R8TeiduYW_Gg?authuser=0&hl=en&rclk=1",-6.1202706,106.8478517
Pantai Pasir Putih PIK 2,DKI Jakarta,4.3,sangat bagus,https://www.google.com/maps/place/Pantai+Pasir+Putih+PIK+2/data=!4m7!3m6!1s0x2e6a03d2ab6c60bd:0xec52cbac35c458d5!8m2!3d-6.0745483!4d106.7172717!16s%2Fg%2F11kbr34gcs!19sChIJvWBsq9IDai4R1VjENazLUuw?authuser=0&hl=en&rclk=1,-6.0745483,106.7172717
Ancol Beach,DKI Jakarta,4.7,sangat bagus,https://www.google.com/maps/place/Ancol+Beach/data=!4m7!3m6!1s0x2e6a1f57b3df7469:0xfd6c6f0f8ab17e23!8m2!3d-6.1194215!4d106.8502435!16s%2Fg%2F11rstsmnn8!19sChIJaXTfs1cfai4RI36xig9vbP0?authuser=0&hl=en&rclk=1,-6.1194215,106.8502435
Marina Beach,DKI Jakarta,4.4,sangat bagus,https://www.google.com/maps/place/Marina+Beach/data=!4m7!3m6!1s0x2e6a1e0d8b4d2c8b:0x6d262f833def58a8!8m2!3d-6.1188631!4d106.8293243!16s%2Fg%2F11bz_1xr6b!19sChIJiyxNiw0eai4RqFjvPYMvJm0?authuser=0&hl=en&rclk=1,-6.1188631,106.8293243
Pangandaran Beach,Jawa Barat,4.6,sangat bagus,https://www.google.com/maps/place/Pangandaran+Beach/data=!4m7!3m6!1s0x2e65987adb093d71:0xe033ec8ca217e8c1!8m2!3d-7.6875535!4d108.6387427!16s%2Fg%2F12z84pv6z!19sChIJcT0J23qYZS4RwegXoozsM-A?authuser=0&hl=en&rclk=1,-7.6875535,108.6387427
Pantai Sayang Heulang,Jawa Barat,4.4,sangat bagus,https://www.google.com/maps/place/Pantai+Sayang+Heulang/data=!4m7!3m6!1s0x2e663d647d0c588f:0x892cbd184524733!8m2!3d-7.6688756!4d107.6966831!16s%2Fg%2F11c5wwr2_0!19sChIJj1gMfWQ9Zi4RM0dShNHLkgg?authuser=0&hl=en&rclk=1,-7.6688756,107.6966831
Pantai Timur Pangandaran,Jawa Barat,4.7,sangat bagus,https://www.google.com/maps/place/Pantai+Timur+Pangandaran/data=!4m7!3m6!1s0x2e6598f45b47c835:0xcb835a6f599b8101!8m2!3d-7.7022633!4d108.6583209!16s%2Fg%2F11gfb5f1vt!19sChIJNchHW_SYZS4RAYGbWW9ag8s?authuser=0&hl=en&rclk=1,-7.7022633,108.6583209
Jayanti Beach,Jawa Barat,4.1,sangat bagus,https://www.google.com/maps/place/Jayanti+Beach/data=!4m7!3m6!1s0x2e66295f8ae3d98f:0xf72008861df89d29!8m2!3d-7.4996417!4d107.3859326!16s%2Fg%2F120n35f9!19sChIJj9njil8pZi4RKZ34HYYIIPc?authuser=0&hl=en&rclk=1,-7.4996417,107.3859326
Pantai Karang Tawulan,Jawa Barat,4.6,sangat bagus,https://www.google.com/maps/place/Pantai+Karang+Tawulan/data=!4m7!3m6!1s0x2e65c477a965ff9b:0xe1bf7e524db488ef!8m2!3d-7.813352!4d108.2997572!16s%2Fg%2F11bw3bc7rw!19sChIJm_9lqXfEZS4R74i0TVJ-v-E?authuser=0&hl=en&rclk=1,-7.813352,108.2997572
Madasari Beach,Jawa Barat,4.7,sangat bagus,https://www.google.com/maps/place/Madasari+Beach/data=!4m7!3m6!1s0x2e65bec7c4d8fb75:0x69cb43229e43142d!8m2!3d-7.792483!4d108.4963851!16s%2Fg%2F11b6zp46k9!19sChIJdfvYxMe-ZS4RLRRDniJDy2k?authuser=0&hl=en&rclk=1,-7.792483,108.4963851
Pelabuhan Ratu Beach,Jawa Barat,4.6,sangat bagus,https://www.google.com/maps/place/Pelabuhan+Ratu+Beach/data=!4m7!3m6!1s0x2e6827f3bfc29825:0x30a473ce8e7fdc8b!8m2!3d-6.9845089!4d106.5422552!16s%2Fg%2F121thsgf!19sChIJJZjCv_MnaC4Ri9x_js5zpDA?authuser=0&hl=en&rclk=1,-6.9845089,106.5422552
Pantai Barat Pangandaran,Jawa Barat,4.6,sangat bagus,https://www.google.com/maps/place/Pantai+Barat+Pangandaran/data=!4m7!3m6!1s0x2e65987aff07cfc7:0xeb0f69b79c410ce1!8m2!3d-7.702946!4d108.6561556!16s%2Fg%2F11b8zbnvwq!19sChIJx88H_3qYZS4R4QxBnLdpD-s?authuser=0&hl=en&rclk=1,-7.702946,108.6561556
Pangandaran White Sand Beach,Jawa Barat,4.5,sangat bagus,https://www.google.com/maps/place/Pangandaran+White+Sand+Beach/data=!4m7!3m6!1s0x2e65987a0b2f7ccb:0x1896da4007e79a5c!8m2!3d-7.7057661!4d108.6533582!16s%2Fg%2F11c5rtvn58!19sChIJy3wvC3qYZS4RXJrnB0Dalhg?authuser=0&hl=en&rclk=1,-7.7057661,108.6533582
Pantai Cijeruk Garut,Jawa Barat,4.6,sangat bagus,https://www.google.com/maps/place/Pantai+Cijeruk+Garut/data=!4m7!3m6!1s0x2e66128b7d174a03:0x8601e8c1846cdad4!8m2!3d-7.71117!4d107.837028!16s%2Fg%2F11c6z171jn!19sChIJA0oXfYsSZi4R1NpshMHoAYY?authuser=0&hl=en&rclk=1,-7.71117,107.837028
Pantai Cijeruk Indah,Jawa Barat,4.3,sangat bagus,https://www.google.com/maps/place/Pantai+Cijeruk+Indah/data=!4m7!3m6!1s0x2e65fba2a017818b:0xef7badd2836c50e2!8m2!3d-7.706096!4d107.8356724!16s%2Fg%2F11bxvhg94c!19sChIJi4EXoKL7ZS4R4lBsg9Kte-8?authuser=0&hl=en&rclk=1,-7.706096,107.8356724
Pantai Cidora,Jawa Barat,4.4,sangat bagus,https://www.google.com/maps/place/Pantai+Cidora/data=!4m7!3m6!1s0x2e662f57a8a0cb3f:0x533c951ff05bf26e!8m2!3d-7.5214616!4d107.4768595!16s%2Fg%2F11byxg0t8b!19sChIJP8ugqFcvZi4RbvJb8B-VPFM?authuser=0&hl=en&rclk=1,-7.5214616,107.4768595
Pantai Cicalobak,Jawa Barat,4.3,sangat bagus,https://www.google.com/maps/place/Pantai+Cicalobak/data=!4m7!3m6!1s0x2e66244eaaaaaaab:0x492a9b59f41f797a!8m2!3d-7.5457328!4d107.5295512!16s%2Fg%2F11bw5ygq2j!19sChIJq6qqqk4kZi4Renkf9FmbKkk?authuser=0&hl=en&rclk=1,-7.5457328,107.5295512
Kejawanan Beach,Jawa Barat,4.1,sangat bagus,https://www.google.com/maps/place/Kejawanan+Beach/data=!4m7!3m6!1s0x2e6f1d644fadef95:0x8a0e2fb918b655bd!8m2!3d-6.733613!4d108.585791!16s%2Fg%2F11dyj4m6y!19sChIJle-tT2Qdby4RvVW2GLkvDoo?authuser=0&hl=en&rclk=1,-6.733613,108.585791
Pantai Cemara Cipanglay,Jawa Barat,4.4,sangat bagus,https://www.google.com/maps/place/Pantai+Cemara+Cipanglay/data=!4m7!3m6!1s0x2e662bdc0d02262b:0x9a0fba408e1e23f2!8m2!3d-7.4994863!4d107.3529147!16s%2Fg%2F11fs1lqv8k!19sChIJKyYCDdwrZi4R8iMejkC6D5o?authuser=0&hl=en&rclk=1,-7.4994863,107.3529147
Apra Sindangbarang Beach,Jawa Barat,4.2,sangat bagus,https://www.google.com/maps/place/Apra+Sindangbarang+Beach/data=!4m7!3m6!1s0x2e67d7c13f311bb9:0xaa9b8d7b15518487!8m2!3d-7.4604665!4d107.1293505!16s%2Fg%2F120_g0pr!19sChIJuRsxP8HXZy4Rh4RRFXuNm6o?authuser=0&hl=en&rclk=1,-7.4604665,107.1293505
Pantai Karang Papak,Jawa Barat,4.6,sangat bagus,https://www.google.com/maps/place/Pantai+Karang+Papak/data=!4m7!3m6!1s0x2e66163a610a8ed1:0x1cea5dc58f1f3034!8m2!3d-7.6405941!4d107.6837437!16s%2Fg%2F11c0r2p44h!19sChIJ0Y4KYToWZi4RNDAfj8Vd6hw?authuser=0&hl=en&rclk=1,-7.6405941,107.6837437
Karang Nini Beach,Jawa Barat,4.3,sangat bagus,https://www.google.com/maps/place/Karang+Nini+Beach/data=!4m7!3m6!1s0x2e659f31bfa11405:0x42debc1fd19f3b2!8m2!3d-7.6825886!4d108.7346245!16s%2Fg%2F11btxcwjyn!19sChIJBRShvzGfZS4RsvMZ_cHrLQQ?authuser=0&hl=en&rclk=1,-7.6825886,108.7346245
Pantai Karang Potong,Jawa Barat,4.5,sangat bagus,https://www.google.com/maps/place/Pantai+Karang+Potong/data=!4m7!3m6!1s0x2e67d643beef048b:0x660fd4a39d904507!8m2!3d-7.4699067!4d107.168027!16s%2Fg%2F11gds4h4c5!19sChIJiwTvvkPWZy4RB0WQnaPUD2Y?authuser=0&hl=en&rclk=1,-7.4699067,107.168027
Pantai Pasir Putih Ujung Genteng,Jawa Barat,4.6,sangat bagus,https://www.google.com/maps/place/Pantai+Pasir+Putih+Ujung+Genteng/data=!4m7!3m6!1s0x2e42ae8de072e167:0xf2744c02a3bd4556!8m2!3d-7.3208304!4d106.3871209!16s%2Fg%2F11gcx_lds8!19sChIJZ-Fy4I2uQi4RVkW9owJMdPI?authuser=0&hl=en&rclk=1,-7.3208304,106.3871209
Pantai Citepus,Jawa Barat,4.5,sangat bagus,https://www.google.com/maps/place/Pantai+Citepus/data=!4m7!3m6!1s0x2e429d4cb809fb15:0xf166ef1493587dbc!8m2!3d-6.9691445!4d106.5186337!16s%2Fg%2F11b_2t1k9l!19sChIJFfsJuEydQi4RvH1YkxTvZvE?authuser=0&hl=en&rclk=1,-6.9691445,106.5186337
Pantai Karapyak Pasir putih,Jawa Barat,4.6,sangat bagus,https://www.google.com/maps/place/Pantai+Karapyak+Pasir+putih/data=!4m7!3m6!1s0x2e659f771b1f6337:0x2bb32dbb188de08!8m2!3d-7.6953503!4d108.7605174!16s%2Fg%2F11c2kgbfh4!19sChIJN2MfG3efZS4RCN6IsdsyuwI?authuser=0&hl=en&rclk=1,-7.6953503,108.7605174
Pantai Wisata Tirtamaya,Jawa Barat,4.2,sangat bagus,https://www.google.com/maps/place/Pantai+Wisata+Tirtamaya/data=!4m7!3m6!1s0x2e6ec00041c66af7:0x5b3b415b55a94ac1!8m2!3d-6.4076688!4d108.4258828!16s%2Fg%2F11c5bht5ln!19sChIJ92rGQQDAbi4RwUqpVVtBO1s?authuser=0&hl=en&rclk=1,-6.4076688,108.4258828
Pantai Pasir Putih Timur Pangandaran,Jawa Barat,4.5,sangat bagus,https://www.google.com/maps/place/Pantai+Pasir+Putih+Timur+Pangandaran/data=!4m7!3m6!1s0x2e65987e0bd4609d:0xba306ffdad1dd172!8m2!3d-7.7063864!4d108.6639369!16s%2Fg%2F11df0wwxb0!19sChIJnWDUC36YZS4RctEdrf1vMLo?authuser=0&hl=en&rclk=1,-7.7063864,108.6639369
PATIMBAN BEACH,Jawa Barat,4.0,bagus,https://www.google.com/maps/place/PATIMBAN+BEACH/data=!4m7!3m6!1s0x2e6950691fa71c19:0x7113e51bb0dde920!8m2!3d-6.2435014!4d107.9030203!16s%2Fg%2F11bw4t9z4w!19sChIJGRynH2lQaS4RIOndsBvlE3E?authuser=0&hl=en&rclk=1,-6.2435014,107.9030203
"Pantai Cibangban, Pelabuhan Ratu",Jawa Barat,4.3,sangat bagus,"https://www.google.com/maps/place/Pantai+Cibangban,+Pelabuhan+Ratu/data=!4m7!3m6!1s0x2e4284bbb30606e9:0xa959efbb7a12ac74!8m2!3d-6.958683!4d106.4249!16s%2Fg%2F11c4bgc8nd!19sChIJ6QYGs7uEQi4RdKwServvWak?authuser=0&hl=en&rclk=1",-6.958683,106.4249
Pantai Pangumbahan,Jawa Barat,4.6,sangat bagus,https://www.google.com/maps/place/Pantai+Pangumbahan/data=!4m7!3m6!1s0x2e42af9be3265f7f:0xbc4fe11c6dfccb2d!8m2!3d-7.3210995!4d106.3867964!16s%2Fg%2F11cllk7k0k!19sChIJf18m45uvQi4RLcv8bRzhT7w?authuser=0&hl=en&rclk=1,-7.3210995,106.3867964
Pantai Pelabuhan Ratu,Jawa Barat,4.6,sangat bagus,https://www.google.com/maps/place/Pantai+Pelabuhan+Ratu/data=!4m7!3m6!1s0x2e6827a3258e2557:0x34f42bb051aeb873!8m2!3d-6.9963491!4d106.5429251!16s%2Fg%2F11fylw9m38!19sChIJVyWOJaMnaC4Rc7iuUbAr9DQ?authuser=0&hl=en&rclk=1,-6.9963491,106.5429251
Pantai Citepus Sukabumi,Jawa Barat,4.6,sangat bagus,https://www.google.com/maps/place/Pantai+Citepus+Sukabumi/data=!4m7!3m6!1s0x2e429d5c130f0ec5:0x8723773d2057b8ab!8m2!3d-6.9702815!4d106.5199117!16s%2Fg%2F11q4bhq1sc!19sChIJxQ4PE1ydQi4Rq7hXID13I4c?authuser=0&hl=en&rclk=1,-6.9702815,106.5199117
Coral Coast Paranje,Jawa Barat,4.4,sangat bagus,https://www.google.com/maps/place/Coral+Coast+Paranje/data=!4m7!3m6!1s0x2e6613c6e1199215:0xed9806d9d3449908!8m2!3d-7.6841298!4d107.7948894!16s%2Fg%2F11b7ljkfds!19sChIJFZIZ4cYTZi4RCJlE09kGmO0?authuser=0&hl=en&rclk=1,-7.6841298,107.7948894
Pantai Cidaun,Jawa Barat,4.5,sangat bagus,https://www.google.com/maps/place/Pantai+Cidaun/data=!4m7!3m6!1s0x2e67d451507b3b6b:0xa8568a8daa8e3629!8m2!3d-7.4868483!4d107.2363908!16s%2Fg%2F11f3g9vccy!19sChIJazt7UFHUZy4RKTaOqo2KVqg?authuser=0&hl=en&rclk=1,-7.4868483,107.2363908
Haji Coral Coast,Jawa Barat,4.5,sangat bagus,https://www.google.com/maps/place/Haji+Coral+Coast/data=!4m7!3m6!1s0x2e4284b9899547bd:0xbb7a39e82d0409a3!8m2!3d-6.9597941!4d106.4228245!16s%2Fg%2F11c2r76zfk!19sChIJvUeVibmEQi4RowkELeg5ers?authuser=0&hl=en&rclk=1,-6.9597941,106.4228245
Pantai Karangsong,Jawa Barat,4.2,sangat bagus,https://www.google.com/maps/place/Pantai+Karangsong/data=!4m7!3m6!1s0x2e6ebc4872ce9051:0x488988f64087588f!8m2!3d-6.3057331!4d108.3685935!16s%2Fg%2F11cl_4gwlb!19sChIJUZDOcki8bi4Rj1iHQPaIiUg?authuser=0&hl=en&rclk=1,-6.3057331,108.3685935
Bubujung Beach,Jawa Barat,4.4,sangat bagus,https://www.google.com/maps/place/Bubujung+Beach/data=!4m7!3m6!1s0x2e660cc668633cf5:0x614d5bee8fb1014f!8m2!3d-7.7321581!4d107.9227218!16s%2Fg%2F11c319_7tl!19sChIJ9TxjaMYMZi4RTwGxj-5bTWE?authuser=0&hl=en&rclk=1,-7.7321581,107.9227218
Wisata Pantai Papim,Jawa Barat,4.3,sangat bagus,https://www.google.com/maps/place/Wisata+Pantai+Papim/data=!4m7!3m6!1s0x2e65c47585825d15:0xc8db2beaf79697e8!8m2!3d-7.8104795!4d108.3052747!16s%2Fg%2F11c4542jqb!19sChIJFV2ChXXEZS4R6JeW9-or28g?authuser=0&hl=en&rclk=1,-7.8104795,108.3052747
wisata pantai ciwidig,Jawa Barat,4.4,sangat bagus,https://www.google.com/maps/place/wisata+pantai+ciwidig/data=!4m7!3m6!1s0x2e662b16b7b30785:0x58ee12c413c07c8e!8m2!3d-7.4940837!4d107.3196429!16s%2Fg%2F11c4549mc4!19sChIJhQeztxYrZi4RjnzAE8QS7lg?authuser=0&hl=en&rclk=1,-7.4940837,107.3196429
Pantai Junti,Jawa Barat,4.0,bagus,https://www.google.com/maps/place/Pantai+Junti/data=!4m7!3m6!1s0x2e6eeaa8fd16c301:0xef1652fdb7153f61!8m2!3d-6.4138713!4d108.4312029!16s%2Fg%2F11c48ny52n!19sChIJAcMW_ajqbi4RYT8Vt_1SFu8?authuser=0&hl=en&rclk=1,-6.4138713,108.4312029
Pantai Ciparanti,Jawa Barat,4.4,sangat bagus,https://www.google.com/maps/place/Pantai+Ciparanti/data=!4m7!3m6!1s0x2e65c737fed84fb7:0x27c961f41c01b890!8m2!3d-7.8171357!4d108.409484!16s%2Fg%2F11gcnjh0gt!19sChIJt0_Y_jfHZS4RkLgBHPRhySc?authuser=0&hl=en&rclk=1,-7.8171357,108.409484
Pantai Muaragatah,Jawa Barat,4.4,sangat bagus,https://www.google.com/maps/place/Pantai+Muaragatah/data=!4m7!3m6!1s0x2e65c6ce967f5891:0xbbddc206a559575a!8m2!3d-7.8152869!4d108.3650747!16s%2Fg%2F11cn8s_f5n!19sChIJkVh_ls7GZS4RWldZpQbC3bs?authuser=0&hl=en&rclk=1,-7.8152869,108.3650747
Pantai Muara Madasari,Jawa Barat,4.6,sangat bagus,https://www.google.com/maps/place/Pantai+Muara+Madasari/data=!4m7!3m6!1s0x2e65be956bcbb75b:0xc47f50972324e5e0!8m2!3d-7.7758896!4d108.5029245!16s%2Fg%2F11cs6bn8pn!19sChIJW7fLa5W-ZS4R4OUkI5dQf8Q?authuser=0&hl=en&rclk=1,-7.7758896,108.5029245
Pantai Batu Bintang,Jawa Barat,4.5,sangat bagus,https://www.google.com/maps/place/Pantai+Batu+Bintang/data=!4m7!3m6!1s0x2e682764a64f0907:0x7887beb38bda667b!8m2!3d-7.0206327!4d106.5399574!16s%2Fg%2F11ddxz7lyh!19sChIJBwlPpmQnaC4Re2bai7O-h3g?authuser=0&hl=en&rclk=1,-7.0206327,106.5399574
Pantai cipendeuy,Jawa Barat,4.4,sangat bagus,https://www.google.com/maps/place/Pantai+cipendeuy/data=!4m7!3m6!1s0x2e429fb4deb996cf:0x364ad992776c91d6!8m2!3d-7.0942552!4d106.5080309!16s%2Fg%2F11d_7rzm0t!19sChIJz5a53rSfQi4R1pFsd5LZSjY?authuser=0&hl=en&rclk=1,-7.0942552,106.5080309
Sindangkerta Beach,Jawa Barat,4.5,sangat bagus,https://www.google.com/maps/place/Sindangkerta+Beach/data=!4m7!3m6!1s0x2e65df2e4450efb7:0x1f4ab15c7be8aca2!8m2!3d-7.7634862!4d108.0609919!16s%2Fg%2F11j5q24thj!19sChIJt-9QRC7fZS4Roqzoe1yxSh8?authuser=0&hl=en&rclk=1,-7.7634862,108.0609919
Tanjung Layar Beach,Jawa Barat,4.6,sangat bagus,https://www.google.com/maps/place/Tanjung+Layar+Beach/data=!4m7!3m6!1s0x2e4290365ecbaad7:0xe40b1b4e2a603902!8m2!3d-6.9939444!4d106.3071713!16s%2Fg%2F11g71y735v!19sChIJ16rLXjaQQi4RAjlgKk4bC-Q?authuser=0&hl=en&rclk=1,-6.9939444,106.3071713
Pantai Widuri Pemalang,Jawa Tengah,4.1,sangat bagus,https://www.google.com/maps/place/Pantai+Widuri+Pemalang/data=!4m7!3m6!1s0x2e6fc4b63c6cf3c9:0x59d459c19070a44!8m2!3d-6.8617344!4d109.3778474!16s%2Fg%2F122dm0vy!19sChIJyfNsPLbEby4RRAoHGZxFnQU?authuser=0&hl=en&rclk=1,-6.8617344,109.3778474
Pantai Karang Bolong,Jawa Tengah,4.2,sangat bagus,https://www.google.com/maps/place/Pantai+Karang+Bolong/data=!4m7!3m6!1s0x2e653154a450572d:0x5af14c2b565709f1!8m2!3d-7.7586983!4d109.4680956!16s%2Fg%2F11b74n440w!19sChIJLVdQpFQxZS4R8QlXVitM8Vo?authuser=0&hl=en&rclk=1,-7.7586983,109.4680956
Pantai Kartini,Jawa Tengah,4.2,sangat bagus,https://www.google.com/maps/place/Pantai+Kartini/data=!4m7!3m6!1s0x2e711f2155555555:0xc0431e72bcc720e9!8m2!3d-6.5891849!4d110.6461048!16s%2Fg%2F1238mbs2!19sChIJVVVVVSEfcS4R6SDHvHIeQ8A?authuser=0&hl=en&rclk=1,-6.5891849,110.6461048
wisata pantai jodo,Jawa Tengah,4.2,sangat bagus,https://www.google.com/maps/place/wisata+pantai+jodo/data=!4m7!3m6!1s0x2e7041286cb572ad:0x379a8dec342033ab!8m2!3d-6.9223405!4d109.9986819!16s%2Fg%2F11bw47dfyj!19sChIJrXK1bChBcC4RqzMgNOyNmjc?authuser=0&hl=en&rclk=1,-6.9223405,109.9986819
Pantai Nampu,Jawa Tengah,4.5,sangat bagus,https://www.google.com/maps/place/Pantai+Nampu/data=!4m7!3m6!1s0x2e7bc35eaaaaaaab:0x10dbfa317c783634!8m2!3d-8.2101472!4d110.9027687!16s%2Fg%2F11c54p45jk!19sChIJq6qqql7Dey4RNDZ4fDH62xA?authuser=0&hl=en&rclk=1,-8.2101472,110.9027687
Karang Jahe Beach,Jawa Tengah,4.4,sangat bagus,https://www.google.com/maps/place/Karang+Jahe+Beach/data=!4m7!3m6!1s0x2e7723ee3b1d601d:0xcb19b602a4ee84d9!8m2!3d-6.6873643!4d111.4119539!16s%2Fg%2F11b7bzpbh6!19sChIJHWAdO-4jdy4R2YTupAK2Gcs?authuser=0&hl=en&rclk=1,-6.6873643,111.4119539
Ketawang Beach Purworejo,Jawa Tengah,4.3,sangat bagus,https://www.google.com/maps/place/Ketawang+Beach+Purworejo/data=!4m7!3m6!1s0x2e7adce4e3aa6197:0xda6491d7af7c7368!8m2!3d-7.845741!4d109.885281!16s%2Fg%2F11c2pkhz0h!19sChIJl2Gq4-Tcei4RaHN8r9eRZNo?authuser=0&hl=en&rclk=1,-7.845741,109.885281
Pantai Maron,Jawa Tengah,3.6,bagus,https://www.google.com/maps/place/Pantai+Maron/data=!4m7!3m6!1s0x2e70f5142fbbe565:0x1edaedb42a0e63aa!8m2!3d-6.9545687!4d110.3600951!16s%2Fg%2F120z_28c!19sChIJZeW7LxT1cC4RqmMOKrTt2h4?authuser=0&hl=en&rclk=1,-6.9545687,110.3600951
Marina Beach,Jawa Tengah,4.2,sangat bagus,https://www.google.com/maps/place/Marina+Beach/data=!4m7!3m6!1s0x2e70f4e56e4f8ea1:0xcf2bee72d0606dd0!8m2!3d-6.948877!4d110.3893285!16s%2Fg%2F11bz4tntzg!19sChIJoY5PbuX0cC4R0G1g0HLuK88?authuser=0&hl=en&rclk=1,-6.948877,110.3893285
Pantai Menganti Kebumen,Jawa Tengah,4.7,sangat bagus,https://www.google.com/maps/place/Pantai+Menganti+Kebumen/data=!4m7!3m6!1s0x2e6531a391120f65:0x5a377b098ce34660!8m2!3d-7.7725534!4d109.4126815!16s%2Fg%2F11gjj2whqz!19sChIJZQ8SkaMxZS4RYEbjjAl7N1o?authuser=0&hl=en&rclk=1,-7.7725534,109.4126815
Pantai Watu Bale Kebumen,Jawa Tengah,4.3,sangat bagus,https://www.google.com/maps/place/Pantai+Watu+Bale+Kebumen/data=!4m7!3m6!1s0x2e653130da3356ef:0xf42dc410eeef3d01!8m2!3d-7.766217!4d109.4412467!16s%2Fg%2F11b6mfd3zp!19sChIJ71Yz2jAxZS4RAT3v7hDELfQ?authuser=0&hl=en&rclk=1,-7.766217,109.4412467
Jodo Beach,Jawa Tengah,4.4,sangat bagus,https://www.google.com/maps/place/Jodo+Beach/data=!4m7!3m6!1s0x2e7041f5e15f92d3:0x60be912ede79cc43!8m2!3d-6.9220855!4d109.9988126!16s%2Fg%2F11ghs9ps62!19sChIJ05Jf4fVBcC4RQ8x53i6RvmA?authuser=0&hl=en&rclk=1,-6.9220855,109.9988126
Pantai Wisata Ngebum,Jawa Tengah,4.0,bagus,https://www.google.com/maps/place/Pantai+Wisata+Ngebum/data=!4m7!3m6!1s0x2e705f122b8b85c5:0xe1912a658c118ddf!8m2!3d-6.9269015!4d110.3012622!16s%2Fg%2F11bwyrzk0f!19sChIJxYWLKxJfcC4R340RjGUqkeE?authuser=0&hl=en&rclk=1,-6.9269015,110.3012622
Pantai Sendang Sekucing,Jawa Tengah,4.2,sangat bagus,https://www.google.com/maps/place/Pantai+Sendang+Sekucing/data=!4m7!3m6!1s0x2e70440e92d8d879:0x35ad480d14ef12a2!8m2!3d-6.9029101!4d110.0611577!16s%2Fg%2F11h1thdbm!19sChIJedjYkg5EcC4RohLvFA1IrTU?authuser=0&hl=en&rclk=1,-6.9029101,110.0611577
Baruna Beach,Jawa Tengah,4.0,bagus,https://www.google.com/maps/place/Baruna+Beach/data=!4m7!3m6!1s0x2e70f4ee9d4e8aa3:0x61019e1e9b838262!8m2!3d-6.9452716!4d110.3998733!16s%2Fg%2F11c4bdfh4m!19sChIJo4pOne70cC4RYoKDmx6eAWE?authuser=0&hl=en&rclk=1,-6.9452716,110.3998733
Pantai Tirang,Jawa Tengah,3.9,bagus,https://www.google.com/maps/place/Pantai+Tirang/data=!4m7!3m6!1s0x2e70f51438f917eb:0x700025efbbefcd30!8m2!3d-6.9545274!4d110.3589709!16s%2Fg%2F11b7lc8yh2!19sChIJ6xf5OBT1cC4RMM3vu-8lAHA?authuser=0&hl=en&rclk=1,-6.9545274,110.3589709
Pantai Sendang Asih,Jawa Tengah,4.2,sangat bagus,https://www.google.com/maps/place/Pantai+Sendang+Asih/data=!4m7!3m6!1s0x2e704405cae58fb7:0x4e3b95d3325a7a58!8m2!3d-6.9039347!4d110.0541332!16s%2Fg%2F11cmcyn0x5!19sChIJt4_lygVEcC4RWHpaMtOVO04?authuser=0&hl=en&rclk=1,-6.9039347,110.0541332
Pantai Ombak Mati,Jawa Tengah,4.5,sangat bagus,https://www.google.com/maps/place/Pantai+Ombak+Mati/data=!4m7!3m6!1s0x2e7117fe4ca67a8f:0x4ed8f043b0765266!8m2!3d-6.46867!4d110.7135291!16s%2Fg%2F119x6_l6g!19sChIJj3qmTP4XcS4RZlJ2sEPw2E4?authuser=0&hl=en&rclk=1,-6.46867,110.7135291
Pantai Cahaya,Jawa Tengah,4.2,sangat bagus,https://www.google.com/maps/place/Pantai+Cahaya/data=!4m7!3m6!1s0x2e70440c5599c325:0x807d85bc60d57b0c!8m2!3d-6.9024213!4d110.0659932!16s%2Fg%2F1pp2v9xsf!19sChIJJcOZVQxEcC4RDHvVYLyFfYA?authuser=0&hl=en&rclk=1,-6.9024213,110.0659932
Pantai Moro,Jawa Tengah,4.1,sangat bagus,https://www.google.com/maps/place/Pantai+Moro/data=!4m7!3m6!1s0x2e7046a996ce0a17:0x8dc996e16e9a0296!8m2!3d-6.9047941!4d110.0429701!16s%2Fg%2F11cmsctz1p!19sChIJFwrOlqlGcC4RlgKabuGWyY0?authuser=0&hl=en&rclk=1,-6.9047941,110.0429701
Pantai Jetis,Jawa Tengah,4.3,sangat bagus,https://www.google.com/maps/place/Pantai+Jetis/data=!4m7!3m6!1s0x2e7add02fea94551:0xab5bece82c8e27ed!8m2!3d-7.8493058!4d109.8953196!16s%2Fg%2F11bwh8jfrk!19sChIJUUWp_gLdei4R7SeOLOjsW6s?authuser=0&hl=en&rclk=1,-7.8493058,109.8953196
Frog Island Beach,Jawa Tengah,4.3,sangat bagus,https://www.google.com/maps/place/Frog+Island+Beach/data=!4m7!3m6!1s0x2e6fb798ed43d699:0x356e1cfd3ecc3379!8m2!3d-6.8446761!4d109.1587684!16s%2Fg%2F11f2v9bg_y!19sChIJmdZD7Zi3by4ReTPMPv0cbjU?authuser=0&hl=en&rclk=1,-6.8446761,109.1587684
Pantai Bopong,Jawa Tengah,4.1,sangat bagus,https://www.google.com/maps/place/Pantai+Bopong/data=!4m7!3m6!1s0x2e6533776dcda4c3:0x4e5ea833e95b1399!8m2!3d-7.7648324!4d109.5186241!16s%2Fg%2F11b7q45rl8!19sChIJw6TNbXczZS4RmRNb6TOoXk4?authuser=0&hl=en&rclk=1,-7.7648324,109.5186241
Pantai Widarapayung,Jawa Tengah,4.2,sangat bagus,https://www.google.com/maps/place/Pantai+Widarapayung/data=!4m7!3m6!1s0x2e653f43ea3e7c15:0xd55bcf745515ee69!8m2!3d-7.6985037!4d109.2639279!16s%2Fg%2F11c3k6cb3p!19sChIJFXw-6kM_ZS4Rae4VVXTPW9U?authuser=0&hl=en&rclk=1,-7.6985037,109.2639279
Pantai Bondo Bangsri,Jawa Tengah,4.3,sangat bagus,https://www.google.com/maps/place/Pantai+Bondo+Bangsri/data=!4m7!3m6!1s0x2e711f17ceea0be9:0x1465d25144b2f117!8m2!3d-6.4749394!4d110.7088627!16s%2Fg%2F11c1vnc0nv!19sChIJ6QvqzhcfcS4RF_GyRFHSZRQ?authuser=0&hl=en&rclk=1,-6.4749394,110.7088627
Pantai Sodong,Jawa Tengah,4.1,sangat bagus,https://www.google.com/maps/place/Pantai+Sodong/data=!4m7!3m6!1s0x2e65154d0afc2e65:0xfd006940a71fa336!8m2!3d-7.6913293!4d109.1754562!16s%2Fg%2F11bxc41tjl!19sChIJZS78Ck0VZS4RNqMfp0BpAP0?authuser=0&hl=en&rclk=1,-7.6913293,109.1754562
Pantai Pasir Putih Wates Rembang,Jawa Tengah,4.4,sangat bagus,https://www.google.com/maps/place/Pantai+Pasir+Putih+Wates+Rembang/data=!4m7!3m6!1s0x2e77298ce4396145:0x79d73300c7c75817!8m2!3d-6.689504!4d111.2825842!16s%2Fg%2F11ghsgg27s!19sChIJRWE55Iwpdy4RF1jHxwAz13k?authuser=0&hl=en&rclk=1,-6.689504,111.2825842
Pantai Sawangan,Jawa Tengah,4.5,sangat bagus,https://www.google.com/maps/place/Pantai+Sawangan/data=!4m7!3m6!1s0x2e65374b9b8a2c01:0xab1aff19df0ea33a!8m2!3d-7.7583733!4d109.3984663!16s%2Fg%2F11ckvnqv96!19sChIJASyKm0s3ZS4ROqMO3xn_Gqs?authuser=0&hl=en&rclk=1,-7.7583733,109.3984663
Sigandu Beach,Jawa Tengah,4.0,bagus,https://www.google.com/maps/place/Sigandu+Beach/data=!4m7!3m6!1s0x2e702529971fc2f5:0xeb3afb4a9b4fb241!8m2!3d-6.8812544!4d109.7530931!16s%2Fg%2F11b6cq31bm!19sChIJ9cIflyklcC4RQbJPm0r7Ous?authuser=0&hl=en&rclk=1,-6.8812544,109.7530931
Empu Rancak Beach,Jawa Tengah,4.3,sangat bagus,https://www.google.com/maps/place/Empu+Rancak+Beach/data=!4m7!3m6!1s0x2e71228980d4d6bd:0x7da3bf99f965f9e!8m2!3d-6.4859835!4d110.6944613!16s%2Fg%2F120z6zq7!19sChIJvdbUgIkicS4Rnl-Wn_k72gc?authuser=0&hl=en&rclk=1,-6.4859835,110.6944613
Suwuk Beach,Jawa Tengah,4.2,sangat bagus,https://www.google.com/maps/place/Suwuk+Beach/data=!4m7!3m6!1s0x2e6531551b97728d:0x4822e6bef911bd96!8m2!3d-7.7568406!4d109.4706561!16s%2Fg%2F11b6zqdjk0!19sChIJjXKXG1UxZS4Rlr0R-b7mIkg?authuser=0&hl=en&rclk=1,-7.7568406,109.4706561
Pantai Semat,Jawa Tengah,4.2,sangat bagus,https://www.google.com/maps/place/Pantai+Semat/data=!4m7!3m6!1s0x2e70e1df79146e93:0x788ff66a641e0bb3!8m2!3d-6.642284!4d110.6440733!16s%2Fg%2F11bc95x74_!19sChIJk24Ued_hcC4RswseZGr2j3g?authuser=0&hl=en&rclk=1,-6.642284,110.6440733
Pantai Congot Jetis,Jawa Tengah,4.3,sangat bagus,https://www.google.com/maps/place/Pantai+Congot+Jetis/data=!4m7!3m6!1s0x2e6537773fb88147:0xb86952de45ea2f31!8m2!3d-7.7229695!4d109.392084!16s%2Fg%2F11b_3g8qr5!19sChIJR4G4P3c3ZS4RMS_qRd5Sabg?authuser=0&hl=en&rclk=1,-7.7229695,109.392084
Pantai Menganti Cilacap,Jawa Tengah,4.4,sangat bagus,https://www.google.com/maps/place/Pantai+Menganti+Cilacap/data=!4m7!3m6!1s0x2e656d7f3f7da90d:0x4e403db5f0425ef8!8m2!3d-7.689767!4d109.080042!16s%2Fg%2F11qr21hnxp!19sChIJDal9P39tZS4R-F5C8LU9QE4?authuser=0&hl=en&rclk=1,-7.689767,109.080042
Pantai Sawangan Ayah Kebumen,Jawa Tengah,4.6,sangat bagus,https://www.google.com/maps/place/Pantai+Sawangan+Ayah+Kebumen/data=!4m7!3m6!1s0x2e65374b9b8a2c01:0xbc063910225ad751!8m2!3d-7.7575867!4d109.3971673!16s%2Fg%2F11c74ds5ld!19sChIJASyKm0s3ZS4RUddaIhA5Brw?authuser=0&hl=en&rclk=1,-7.7575867,109.3971673
Pantai Kamulyan,Jawa Tengah,4.1,sangat bagus,https://www.google.com/maps/place/Pantai+Kamulyan/data=!4m7!3m6!1s0x2e6512dc70355509:0xd419ec834ea457ac!8m2!3d-7.7104737!4d109.0371308!16s%2Fg%2F11cjhz_t3p!19sChIJCVU1cNwSZS4RrFekToPsGdQ?authuser=0&hl=en&rclk=1,-7.7104737,109.0371308
White Sand Beach Wates Tasikharjo,Jawa Tengah,4.2,sangat bagus,https://www.google.com/maps/place/White+Sand+Beach+Wates+Tasikharjo/data=!4m7!3m6!1s0x2e7728a98ec1b47d:0xee95435b6fb7a796!8m2!3d-6.6884622!4d111.2826667!16s%2Fg%2F11c2jt9ydw!19sChIJfbTBjqkody4Rlqe3b1tDle4?authuser=0&hl=en&rclk=1,-6.6884622,111.2826667
Pantai Gebyuran ( Wisata Pantai Lampon ),Jawa Tengah,4.6,sangat bagus,https://www.google.com/maps/place/Pantai+Gebyuran+%28+Wisata+Pantai+Lampon+%29/data=!4m7!3m6!1s0x2e6531247376d5d5:0xde6559726958fbdb!8m2!3d-7.7717022!4d109.4359682!16s%2Fg%2F11b7q04qnm!19sChIJ1dV2cyQxZS4R2_tYaXJZZd4?authuser=0&hl=en&rclk=1,-7.7717022,109.4359682
Teluk Awur Beach,Jawa Tengah,4.3,sangat bagus,https://www.google.com/maps/place/Teluk+Awur+Beach/data=!4m7!3m6!1s0x2e711e6afec1a2f7:0x80a153b8978e4fbf!8m2!3d-6.6174807!4d110.6467488!16s%2Fg%2F11fx8_9sdn!19sChIJ96LB_moecS4Rv0-Ol7hToYA?authuser=0&hl=en&rclk=1,-6.6174807,110.6467488
Pantai Muarareja Kota Tegal,Jawa Tengah,4.2,sangat bagus,https://www.google.com/maps/place/Pantai+Muarareja+Kota+Tegal/data=!4m7!3m6!1s0x2e6fb715145ed89d:0x132d45cc3ee0879a!8m2!3d-6.8465817!4d109.1183403!16s%2Fg%2F11g8whw2rz!19sChIJndheFBW3by4RmofgPsxFLRM?authuser=0&hl=en&rclk=1,-6.8465817,109.1183403
Pantai Sembukan,Jawa Tengah,4.5,sangat bagus,https://www.google.com/maps/place/Pantai+Sembukan/data=!4m7!3m6!1s0x2e7a2fbaaaaaaaab:0x4f33770ed23bcfda!8m2!3d-8.2043399!4d110.844453!16s%2Fg%2F1232c4f8!19sChIJq6qqqrovei4R2s870g53M08?authuser=0&hl=en&rclk=1,-8.2043399,110.844453
Pantai KARANG AGUNG KEBUMEN,Jawa Tengah,4.4,sangat bagus,https://www.google.com/maps/place/Pantai+KARANG+AGUNG+KEBUMEN/data=!4m7!3m6!1s0x2e6537678365dd0d:0xa36a15dee2b2fc54!8m2!3d-7.7397355!4d109.3875751!16s%2Fg%2F11bzq2sc8k!19sChIJDd1lg2c3ZS4RVPyy4t4VaqM?authuser=0&hl=en&rclk=1,-7.7397355,109.3875751
Pantai Laguna Lembupurwo,Jawa Tengah,4.3,sangat bagus,https://www.google.com/maps/place/Pantai+Laguna+Lembupurwo/data=!4m7!3m6!1s0x2e7ac52cceaf49f5:0xff8601603add600!8m2!3d-7.8241797!4d109.799509!16s%2Fg%2F11c5543cwt!19sChIJ9UmvzizFei4RANatAxZg-A8?authuser=0&hl=en&rclk=1,-7.8241797,109.799509
Menganti Beach,Jawa Tengah,4.6,sangat bagus,https://www.google.com/maps/place/Menganti+Beach/data=!4m7!3m6!1s0x2e7ac9f6eaaaaaab:0x515b92e9eec8b1ac!8m2!3d-7.7744592!4d109.4142989!16s%2Fg%2F11b6b5l_yt!19sChIJq6qq6vbJei4RrLHI7umSW1E?authuser=0&hl=en&rclk=1,-7.7744592,109.4142989
PANTAI REJO,Jawa Tengah,4.2,sangat bagus,https://www.google.com/maps/place/PANTAI+REJO/data=!4m7!3m6!1s0x2e70289e084e83fd:0xcc265f5bd0220a69!8m2!3d-6.8462142!4d109.6342991!16s%2Fg%2F11cpnyzc7_!19sChIJ_YNOCJ4ocC4RaQoi0FtfJsw?authuser=0&hl=en&rclk=1,-6.8462142,109.6342991
Pantai Indah Kemangi,Jawa Tengah,4.5,sangat bagus,https://www.google.com/maps/place/Pantai+Indah+Kemangi/data=!4m7!3m6!1s0x2e704492601b7fcb:0x9cbb572cde0c8bdd!8m2!3d-6.8903691!4d110.1058841!16s%2Fg%2F11g9f4tkl8!19sChIJy38bYJJEcC4R3YsM3ixXu5w?authuser=0&hl=en&rclk=1,-6.8903691,110.1058841
Pantai Larangan Indah,Jawa Tengah,4.2,sangat bagus,https://www.google.com/maps/place/Pantai+Larangan+Indah/data=!4m7!3m6!1s0x2e6fc999cc5b1915:0xa021f115fbab85ec!8m2!3d-6.8616174!4d109.1886453!16s%2Fg%2F11hzmsf481!19sChIJFRlbzJnJby4R7IWr-xXxIaA?authuser=0&hl=en&rclk=1,-6.8616174,109.1886453
Pantai Srandil,Jawa Tengah,4.3,sangat bagus,https://www.google.com/maps/place/Pantai+Srandil/data=!4m7!3m6!1s0x2e65154d23f4a0bf:0x2bec0c330a41ee47!8m2!3d-7.6929208!4d109.1901521!16s%2Fg%2F11b8_gc2d9!19sChIJv6D0I00VZS4RR-5BCjMM7Cs?authuser=0&hl=en&rclk=1,-7.6929208,109.1901521
Pantai Pasir Putih Dan Goa Belanda,Jawa Tengah,4.4,sangat bagus,https://www.google.com/maps/place/Pantai+Pasir+Putih+Dan+Goa+Belanda/data=!4m7!3m6!1s0x2e6512346032b6e3:0x526f1cf7858c0aae!8m2!3d-7.7603992!4d109.0422966!16s%2Fg%2F11bwffzs1t!19sChIJ47YyYDQSZS4RrgqMhfccb1I?authuser=0&hl=en&rclk=1,-7.7603992,109.0422966
Ketawang Indah Beach,Jawa Tengah,4.4,sangat bagus,https://www.google.com/maps/place/Ketawang+Indah+Beach/data=!4m7!3m6!1s0x2e7adceec5c727b1:0x5c38dfa818032351!8m2!3d-7.8462701!4d109.8861313!16s%2Fg%2F11c0pz484r!19sChIJsSfHxe7cei4RUSMDGKjfOFw?authuser=0&hl=en&rclk=1,-7.8462701,109.8861313
Pantai Prawean,Jawa Tengah,4.5,sangat bagus,https://www.google.com/maps/place/Pantai+Prawean/data=!4m7!3m6!1s0x2e711ed243db61c7:0x742f513c4fc97457!8m2!3d-6.5631615!4d110.6533645!16s%2Fg%2F11c20b6b_p!19sChIJx2HbQ9IecS4RV3TJTzxRL3Q?authuser=0&hl=en&rclk=1,-6.5631615,110.6533645
Pantai Karang Pandan,Jawa Tengah,4.5,sangat bagus,https://www.google.com/maps/place/Pantai+Karang+Pandan/data=!4m7!3m6!1s0x2e6512335c178015:0xb2878d5d53d5a67d!8m2!3d-7.761814!4d109.0441239!16s%2Fg%2F11gf5y_rm1!19sChIJFYAXXDMSZS4RfabVU12Nh7I?authuser=0&hl=en&rclk=1,-7.761814,109.0441239
Pantai Cemara Sewu,DI Yogyakarta,4.4,sangat bagus,https://www.google.com/maps/place/Pantai+Cemara+Sewu/data=!4m7!3m6!1s0x2e7b0091730db80b:0x7d9e86821039d85!8m2!3d-8.019114!4d110.3145616!16s%2Fg%2F11clt0wlfy!19sChIJC7gNc5EAey4RhZ0DIWjo2Qc?authuser=0&hl=en&rclk=1,-8.019114,110.3145616
Goa Cemara Beach,DI Yogyakarta,4.4,sangat bagus,https://www.google.com/maps/place/Goa+Cemara+Beach/data=!4m7!3m6!1s0x2e7b019a9d466d4d:0x120dd2ab8dbce03b!8m2!3d-7.9966992!4d110.2502498!16s%2Fg%2F11c5_cls0x!19sChIJTW1GnZoBey4RO-C8javSDRI?authuser=0&hl=en&rclk=1,-7.9966992,110.2502498
Depok Beach,DI Yogyakarta,4.3,sangat bagus,https://www.google.com/maps/place/Depok+Beach/data=!4m7!3m6!1s0x2e7b00fba767763f:0xf91573c5c20eb944!8m2!3d-8.0137087!4d110.2914777!16s%2Fg%2F11jgdxqv_!19sChIJP3Znp_sAey4RRLkOwsVzFfk?authuser=0&hl=en&rclk=1,-8.0137087,110.2914777
Indrayanti Beach,DI Yogyakarta,4.6,sangat bagus,https://www.google.com/maps/place/Indrayanti+Beach/data=!4m7!3m6!1s0x2e7bba2bebcb0c7f:0x854daae21d9d9724!8m2!3d-8.1506589!4d110.6126311!16s%2Fg%2F11_ygm9_9!19sChIJfwzL6yu6ey4RJJedHeKqTYU?authuser=0&hl=en&rclk=1,-8.1506589,110.6126311
Pantai Baru,DI Yogyakarta,4.4,sangat bagus,https://www.google.com/maps/place/Pantai+Baru/data=!4m7!3m6!1s0x2e7b023d63116443:0x5076b818e9cfb8f0!8m2!3d-7.988938!4d110.2210403!16s%2Fg%2F11b6_h61km!19sChIJQ2QRYz0Cey4R8LjP6Ri4dlA?authuser=0&hl=en&rclk=1,-7.988938,110.2210403
Pantai Drini,DI Yogyakarta,4.6,sangat bagus,https://www.google.com/maps/place/Pantai+Drini/data=!4m7!3m6!1s0x2e7bbb4fcba4160b:0xe3c6f8f7e1abf244!8m2!3d-8.1379365!4d110.5774823!16s%2Fg%2F11b5m1n6dz!19sChIJCxaky0-7ey4RRPKr4ff4xuM?authuser=0&hl=en&rclk=1,-8.1379365,110.5774823
Gesing Beach,DI Yogyakarta,4.4,sangat bagus,https://www.google.com/maps/place/Gesing+Beach/data=!4m7!3m6!1s0x2e7baf7729055893:0xfaf1f0102bac9342!8m2!3d-8.1085778!4d110.4679367!16s%2Fg%2F1pzx97hv2!19sChIJk1gFKXevey4RQpOsKxDw8fo?authuser=0&hl=en&rclk=1,-8.1085778,110.4679367
Pantai Pelangi,DI Yogyakarta,4.4,sangat bagus,https://www.google.com/maps/place/Pantai+Pelangi/data=!4m7!3m6!1s0x2e7b0093e5fc9ec9:0x479064d3c86c0ef7!8m2!3d-8.0180583!4d110.3083697!16s%2Fg%2F11bwny02hg!19sChIJyZ785ZMAey4R9w5syNNkkEc?authuser=0&hl=en&rclk=1,-8.0180583,110.3083697
Watu Kodok Beach,DI Yogyakarta,4.7,sangat bagus,https://www.google.com/maps/place/Watu+Kodok+Beach/data=!4m7!3m6!1s0x2e7bbbcfd6c5a261:0xe7b408d28d5cd6c7!8m2!3d-8.1370427!4d110.5748718!16s%2Fg%2F11h_5w031_!19sChIJYaLF1s-7ey4Rx9ZcjdIItOc?authuser=0&hl=en&rclk=1,-8.1370427,110.5748718
Pantai Daerah Yogyakarta,DI Yogyakarta,2.5,cukup bagus,https://www.google.com/maps/place/Pantai+Daerah+Yogyakarta/data=!4m7!3m6!1s0x2e7a515555555555:0xd70548d49540f939!8m2!3d-7.8753849!4d110.4262088!16s%2Fg%2F11f121xgcl!19sChIJVVVVVVVRei4ROflAldRIBdc?authuser=0&hl=en&rclk=1,-7.8753849,110.4262088
Pantai Ngandong,DI Yogyakarta,4.6,sangat bagus,https://www.google.com/maps/place/Pantai+Ngandong/data=!4m7!3m6!1s0x2e7bba251a7f6081:0x101b8bda010ec62f!8m2!3d-8.146423!4d110.6061408!16s%2Fg%2F11b8098ft2!19sChIJgWB_GiW6ey4RL8YOAdqLGxA?authuser=0&hl=en&rclk=1,-8.146423,110.6061408
Pantai Sadranan,DI Yogyakarta,4.7,sangat bagus,https://www.google.com/maps/place/Pantai+Sadranan/data=!4m7!3m6!1s0x2e7bbb8aa99c29f3:0xd8672d6fb7d0ceea!8m2!3d-8.145668!4d110.6043914!16s%2Fg%2F11pb_1n47n!19sChIJ8ymcqYq7ey4R6s7Qt28tZ9g?authuser=0&hl=en&rclk=1,-8.145668,110.6043914
Parangkusumo Beach,DI Yogyakarta,4.6,sangat bagus,https://www.google.com/maps/place/Parangkusumo+Beach/data=!4m7!3m6!1s0x2e7b01c7c0bc9f83:0xeb7a328ebb940844!8m2!3d-8.0230525!4d110.3252498!16s%2Fg%2F11jgf6stl!19sChIJg5-8wMcBey4RRAiUu44yeus?authuser=0&hl=en&rclk=1,-8.0230525,110.3252498
Pantai Krakal,DI Yogyakarta,4.7,sangat bagus,https://www.google.com/maps/place/Pantai+Krakal/data=!4m7!3m6!1s0x2e7bba938e770d49:0x1a0648b6176c58d5!8m2!3d-8.1451024!4d110.5988006!16s%2Fg%2F11c5zv50tt!19sChIJSQ13jpO6ey4R1VhsF7ZIBho?authuser=0&hl=en&rclk=1,-8.1451024,110.5988006
Pantai Wohkudu,DI Yogyakarta,4.7,sangat bagus,https://www.google.com/maps/place/Pantai+Wohkudu/data=!4m7!3m6!1s0x2e7bafbfd35c9d01:0x7bea2670b20935a7!8m2!3d-8.0988822!4d110.4405627!16s%2Fg%2F11rd3gp10k!19sChIJAZ1c07-vey4RpzUJsnAm6ns?authuser=0&hl=en&rclk=1,-8.0988822,110.4405627
Timang Beach,DI Yogyakarta,4.5,sangat bagus,https://www.google.com/maps/place/Timang+Beach/data=!4m7!3m6!1s0x2e7bb36265782cf3:0x25efcb5e3a28afa8!8m2!3d-8.1760933!4d110.6624768!16s%2Fm%2F010hqb15!19sChIJ8yx4ZWKzey4RqK8oOl7L7yU?authuser=0&hl=en&rclk=1,-8.1760933,110.6624768
Pantai Nguyahan,DI Yogyakarta,4.6,sangat bagus,https://www.google.com/maps/place/Pantai+Nguyahan/data=!4m7!3m6!1s0x2e7bafaeaaaaaaab:0x5e9a2a78a79b968!8m2!3d-8.1184709!4d110.5030696!16s%2Fg%2F11f3zrcnl3!19sChIJq6qqqq6vey4RaLl5iqei6QU?authuser=0&hl=en&rclk=1,-8.1184709,110.5030696
Cangkring Beach,DI Yogyakarta,4.6,sangat bagus,https://www.google.com/maps/place/Cangkring+Beach/data=!4m7!3m6!1s0x2e7b01890e1323a7:0xe0281743df861653!8m2!3d-7.9948263!4d110.2391995!16s%2Fg%2F11c5bqrkyt!19sChIJpyMTDokBey4RUxaG30MXKOA?authuser=0&hl=en&rclk=1,-7.9948263,110.2391995
Pantai Ngobaran,DI Yogyakarta,4.5,sangat bagus,https://www.google.com/maps/place/Pantai+Ngobaran/data=!4m7!3m6!1s0x2e7ba5589aa5a543:0xf0b2c20392203e43!8m2!3d-8.1191333!4d110.5050409!16s%2Fg%2F1pzw_rbrg!19sChIJQ6Wlmliley4RQz4gkgPCsvA?authuser=0&hl=en&rclk=1,-8.1191333,110.5050409
Cemara Sewu Beach,DI Yogyakarta,4.6,sangat bagus,https://www.google.com/maps/place/Cemara+Sewu+Beach/data=!4m7!3m6!1s0x2e7b01ba950221f1:0x56e4484d1cb20e36!8m2!3d-8.0187227!4d110.3144862!16s%2Fg%2F11nmldx950!19sChIJ8SEClboBey4RNg6yHE1I5FY?authuser=0&hl=en&rclk=1,-8.0187227,110.3144862
Wisata Pantai Watulawang,DI Yogyakarta,4.6,sangat bagus,https://www.google.com/maps/place/Wisata+Pantai+Watulawang/data=!4m7!3m6!1s0x2e7bba2fd023ca5d:0xbbf51b4f0b3dccd7!8m2!3d-8.1535837!4d110.6177335!16s%2Fg%2F11c0rmg_fj!19sChIJXcoj0C-6ey4R18w9C08b9bs?authuser=0&hl=en&rclk=1,-8.1535837,110.6177335
Pantai Ngetun,DI Yogyakarta,4.6,sangat bagus,https://www.google.com/maps/place/Pantai+Ngetun/data=!4m7!3m6!1s0x2e7bb9177e280a29:0x108da391bd9ca0a0!8m2!3d-8.1703641!4d110.6526446!16s%2Fg%2F11bvv04ly7!19sChIJKQoofhe5ey4RoKCcvZGjjRA?authuser=0&hl=en&rclk=1,-8.1703641,110.6526446
Pantai Sanglen,DI Yogyakarta,4.5,sangat bagus,https://www.google.com/maps/place/Pantai+Sanglen/data=!4m7!3m6!1s0x2e7bba5fd21612d3:0x7c1989e6d71ac983!8m2!3d-8.1367456!4d110.5716362!16s%2Fg%2F11ckvvwqgp!19sChIJ0xIW0l-6ey4Rg8ka1-aJGXw?authuser=0&hl=en&rclk=1,-8.1367456,110.5716362
Kuwaru Beach,DI Yogyakarta,4.1,sangat bagus,https://www.google.com/maps/place/Kuwaru+Beach/data=!4m7!3m6!1s0x2e7b021c00000001:0xf52a57f605404c70!8m2!3d-7.9903041!4d110.2263882!16s%2Fg%2F1pztmhf4n!19sChIJAQAAABwCey4RcExABfZXKvU?authuser=0&hl=en&rclk=1,-7.9903041,110.2263882
Congot Beach,DI Yogyakarta,4.4,sangat bagus,https://www.google.com/maps/place/Congot+Beach/data=!4m7!3m6!1s0x2e7ae3e5c895eeb9:0x250021b08adb4ef6!8m2!3d-7.9075425!4d110.0535658!16s%2Fg%2F11b_2lrzf0!19sChIJue6VyOXjei4R9k7birAhACU?authuser=0&hl=en&rclk=1,-7.9075425,110.0535658
Pantai Sarangan Gunungkidul,DI Yogyakarta,4.5,sangat bagus,https://www.google.com/maps/place/Pantai+Sarangan+Gunungkidul/data=!4m7!3m6!1s0x2e7bba371a79802b:0x8c388e0a1d1f542c!8m2!3d-8.1475664!4d110.5962495!16s%2Fg%2F11c1ws95ng!19sChIJK4B5Gje6ey4RLFQfHQqOOIw?authuser=0&hl=en&rclk=1,-8.1475664,110.5962495
Pantai Batu Bengkung,Jawa Timur,4.7,sangat bagus,https://www.google.com/maps/place/Pantai+Batu+Bengkung/data=!4m7!3m6!1s0x2dd60351965c9241:0x635e1d765e6cfbaa!8m2!3d-8.4301875!4d112.6151875!16s%2Fg%2F11gl3r5233!19sChIJQZJcllED1i0RqvtsXnYdXmM?authuser=0&hl=en&rclk=1,-8.4301875,112.6151875
Boom Beach,Jawa Timur,4.1,sangat bagus,https://www.google.com/maps/place/Boom+Beach/data=!4m7!3m6!1s0x2e77bd5c7cb30649:0xf3e8b5197f28f56d!8m2!3d-6.8941437!4d112.0656382!16s%2Fg%2F11b6dzh9mr!19sChIJSQazfFy9dy4RbfUofxm16PM?authuser=0&hl=en&rclk=1,-6.8941437,112.0656382
Watu Leter Beach,Jawa Timur,4.6,sangat bagus,https://www.google.com/maps/place/Watu+Leter+Beach/data=!4m7!3m6!1s0x2dd601b6a325532d:0x5f238efd0383409c!8m2!3d-8.4452265!4d112.6484049!16s%2Fg%2F1q6162c7j!19sChIJLVMlo7YB1i0RnECDA_2OI18?authuser=0&hl=en&rclk=1,-8.4452265,112.6484049
Banyu Anjlok,Jawa Timur,4.5,sangat bagus,https://www.google.com/maps/place/Banyu+Anjlok/data=!4m7!3m6!1s0x2dd60f5e99793a15:0x57be5ceb626e4b78!8m2!3d-8.3720682!4d112.8210105!16s%2Fg%2F11b6d00h4v!19sChIJFTp5mV4P1i0ReEtuYutcvlc?authuser=0&hl=en&rclk=1,-8.3720682,112.8210105
"Pantai Pasir Putih Tuban, Jawa Timur",Jawa Timur,4.2,sangat bagus,"https://www.google.com/maps/place/Pantai+Pasir+Putih+Tuban,+Jawa+Timur/data=!4m7!3m6!1s0x2e77a321bf9ef311:0x6c797b0ff8697772!8m2!3d-6.8569104!4d112.025357!16s%2Fg%2F11b_1rrs6k!19sChIJEfOevyGjdy4Rcndp-A97eWw?authuser=0&hl=en&rclk=1",-6.8569104,112.025357
Pantai Ngliyep Malang,Jawa Timur,4.5,sangat bagus,https://www.google.com/maps/place/Pantai+Ngliyep+Malang/data=!4m7!3m6!1s0x2e78affaaaaaaaab:0x18eafdd0d21b044e!8m2!3d-8.3835873!4d112.4242054!16s%2Fg%2F11bbqy13dc!19sChIJq6qqqvqveC4RTgQb0tD96hg?authuser=0&hl=en&rclk=1,-8.3835873,112.4242054
Pantai Kedung Tumpang,Jawa Timur,4.5,sangat bagus,https://www.google.com/maps/place/Pantai+Kedung+Tumpang/data=!4m7!3m6!1s0x2e78db9da993b0df:0x23feb8338d981201!8m2!3d-8.3033462!4d112.0102501!16s%2Fg%2F11cjzffs83!19sChIJ37CTqZ3beC4RARKYjTO4_iM?authuser=0&hl=en&rclk=1,-8.3033462,112.0102501
Pantai Batu Batu Kenjeran,Jawa Timur,4.3,sangat bagus,https://www.google.com/maps/place/Pantai+Batu+Batu+Kenjeran/data=!4m7!3m6!1s0x2dd7f9cba20de413:0x178a41ab5bac5e7f!8m2!3d-7.2270152!4d112.7911437!16s%2Fg%2F11cn67w0md!19sChIJE-QNosv51y0Rf16sW6tBihc?authuser=0&hl=en&rclk=1,-7.2270152,112.7911437
Pantai Licin,Jawa Timur,4.4,sangat bagus,https://www.google.com/maps/place/Pantai+Licin/data=!4m7!3m6!1s0x2dd60c50d17d84c3:0x6752ab4a271cc35b!8m2!3d-8.3635029!4d112.9467788!16s%2Fg%2F1q61c1pwz!19sChIJw4R90VAM1i0RW8McJ0qrUmc?authuser=0&hl=en&rclk=1,-8.3635029,112.9467788
Pantai Remen Tuban,Jawa Timur,4.4,sangat bagus,https://www.google.com/maps/place/Pantai+Remen+Tuban/data=!4m7!3m6!1s0x2e77a5c3aff33615:0xcb3241f8ddf04c0f!8m2!3d-6.7657627!4d111.9680784!16s%2Fg%2F11b77cxssr!19sChIJFTbzr8Oldy4RD0zw3fhBMss?authuser=0&hl=en&rclk=1,-6.7657627,111.9680784
Pantai Dampar,Jawa Timur,4.2,sangat bagus,https://www.google.com/maps/place/Pantai+Dampar/data=!4m7!3m6!1s0x2dd66d931e395215:0x57a15edeaf93eb25!8m2!3d-8.2894666!4d113.0726872!16s%2Fg%2F11c6wshsdy!19sChIJFVI5HpNt1i0RJeuTr95eoVc?authuser=0&hl=en&rclk=1,-8.2894666,113.0726872
Pantai Watu Bale Pacitan,Jawa Timur,4.5,sangat bagus,https://www.google.com/maps/place/Pantai+Watu+Bale+Pacitan/data=!4m7!3m6!1s0x2e79678655555555:0xd7c67c7f80fc6423!8m2!3d-8.2536262!4d111.254501!16s%2Fg%2F11bywfxyp4!19sChIJVVVVVYZneS4RI2T8gH98xtc?authuser=0&hl=en&rclk=1,-8.2536262,111.254501
Wedi Beach Ireng,Jawa Timur,4.7,sangat bagus,https://www.google.com/maps/place/Wedi+Beach+Ireng/data=!4m7!3m6!1s0x2e78c652978c5fdb:0xd55a4e99d7a9f6ad!8m2!3d-8.3237437!4d112.1891166!16s%2Fg%2F11bwn44zgz!19sChIJ21-Ml1LGeC4Rrfap15lOWtU?authuser=0&hl=en&rclk=1,-8.3237437,112.1891166
Pantai Karang Hitam lekok,Jawa Timur,4.2,sangat bagus,https://www.google.com/maps/place/Pantai+Karang+Hitam+lekok/data=!4m7!3m6!1s0x2dd7b8194e9a0f75:0x25f82fec15e09245!8m2!3d-7.650997!4d113.0179064!16s%2Fg%2F11c5bp96gq!19sChIJdQ-aThm41y0RRZLgFewv-CU?authuser=0&hl=en&rclk=1,-7.650997,113.0179064
Pantai Laut Selatan,Jawa Timur,4.6,sangat bagus,https://www.google.com/maps/place/Pantai+Laut+Selatan/data=!4m7!3m6!1s0x2dd7f9cbfd376c97:0x9e36fcfaa9f75a62!8m2!3d-7.2290195!4d112.7919722!16s%2Fg%2F11dxnmsz4w!19sChIJl2w3_cv51y0RYlr3qfr8Np4?authuser=0&hl=en&rclk=1,-7.2290195,112.7919722
Pantai Wonogoro,Jawa Timur,4.4,sangat bagus,https://www.google.com/maps/place/Pantai+Wonogoro/data=!4m7!3m6!1s0x2e78a979f7cc4ac7:0xf9dd9433607f481e!8m2!3d-8.4054295!4d112.5662868!16s%2Fg%2F11cmh4dzwv!19sChIJx0rM93mpeC4RHkh_YDOU3fk?authuser=0&hl=en&rclk=1,-8.4054295,112.5662868
Pantai Ngopet,Jawa Timur,4.5,sangat bagus,https://www.google.com/maps/place/Pantai+Ngopet/data=!4m7!3m6!1s0x2e78aa094789f5d9:0x3263703698e1d6d8!8m2!3d-8.4260767!4d112.6147673!16s%2Fg%2F11cjhzkwfz!19sChIJ2fWJRwmqeC4R2NbhmDZwYzI?authuser=0&hl=en&rclk=1,-8.4260767,112.6147673
Pantai Ketingan Sidoarjo,Jawa Timur,4.2,sangat bagus,https://www.google.com/maps/place/Pantai+Ketingan+Sidoarjo/data=!4m7!3m6!1s0x2dd7e840a73cd0a1:0xeaacc07e064f5a40!8m2!3d-7.4833998!4d112.8393051!16s%2Fg%2F11f3wsypll!19sChIJodA8p0Do1y0RQFpPBn7ArOo?authuser=0&hl=en&rclk=1,-7.4833998,112.8393051
Pantai Cemara,Jawa Timur,3.9,bagus,https://www.google.com/maps/place/Pantai+Cemara/data=!4m7!3m6!1s0x2e77a316c307caa1:0xee9b6ae869ac6378!8m2!3d-6.8475021!4d112.019092!16s%2Fg%2F11b88hnsxx!19sChIJocoHwxajdy4ReGOsaehqm-4?authuser=0&hl=en&rclk=1,-6.8475021,112.019092
Pantai Peh Pulo,Jawa Timur,4.4,sangat bagus,https://www.google.com/maps/place/Pantai+Peh+Pulo/data=!4m7!3m6!1s0x2e78c7f9ba0983b7:0x31fa68168437cba5!8m2!3d-8.3439332!4d112.2346652!16s%2Fg%2F11b7cd872h!19sChIJt4MJuvnHeC4Rpcs3hBZo-jE?authuser=0&hl=en&rclk=1,-8.3439332,112.2346652
Pantai Pulodoro,Jawa Timur,4.6,sangat bagus,https://www.google.com/maps/place/Pantai+Pulodoro/data=!4m7!3m6!1s0x2e78ae3c10cb6949:0x3ce45dd873388b5d!8m2!3d-8.3972394!4d112.4461231!16s%2Fg%2F11bxd7m4xp!19sChIJSWnLEDyueC4RXYs4c9hd5Dw?authuser=0&hl=en&rclk=1,-8.3972394,112.4461231
Pantai pangi Warung mak guti,Jawa Timur,4.3,sangat bagus,https://www.google.com/maps/place/Pantai+pangi+Warung+mak+guti/data=!4m7!3m6!1s0x2e78c443ffffffff:0x3ce3431d3c40d9bf!8m2!3d-8.3127297!4d112.1109375!16s%2Fg%2F11cmnnpsyc!19sChIJ_____0PEeC4Rv9lAPB1D4zw?authuser=0&hl=en&rclk=1,-8.3127297,112.1109375
Pantai Bolu Bolu,Jawa Timur,4.5,sangat bagus,https://www.google.com/maps/place/Pantai+Bolu+Bolu/data=!4m7!3m6!1s0x2dd60f59722d0aa9:0xbb4c111ed712d25d!8m2!3d-8.3865501!4d112.8153517!16s%2Fg%2F11b6vd9c7g!19sChIJqQotclkP1i0RXdIS1x4RTLs?authuser=0&hl=en&rclk=1,-8.3865501,112.8153517
Pantai Cemara Tuban Jatim,Jawa Timur,4.1,sangat bagus,https://www.google.com/maps/place/Pantai+Cemara+Tuban+Jatim/data=!4m7!3m6!1s0x2e77a321c749839d:0xcfe9ef5270584ba9!8m2!3d-6.8570448!4d112.0254974!16s%2Fg%2F11ddxk8zqf!19sChIJnYNJxyGjdy4RqUtYcFLv6c8?authuser=0&hl=en&rclk=1,-6.8570448,112.0254974
Pantai Regent,Jawa Timur,4.4,sangat bagus,https://www.google.com/maps/place/Pantai+Regent/data=!4m7!3m6!1s0x2e78a943005e0197:0x66aafa19418869e3!8m2!3d-8.4034265!4d112.5452049!16s%2Fg%2F11cmyb0f_8!19sChIJlwFeAEOpeC4R42mIQRn6qmY?authuser=0&hl=en&rclk=1,-8.4034265,112.5452049
Pantai Ngantep,Jawa Timur,4.6,sangat bagus,https://www.google.com/maps/place/Pantai+Ngantep/data=!4m7!3m6!1s0x2e78a9de69da45d5:0xb0526eb738c87301!8m2!3d-8.4085818!4d112.5749999!16s%2Fg%2F11h3tgfl_8!19sChIJ1UXaad6peC4RAXPIOLduUrA?authuser=0&hl=en&rclk=1,-8.4085818,112.5749999
Pantai Wedi Awu,Jawa Timur,4.5,sangat bagus,https://www.google.com/maps/place/Pantai+Wedi+Awu/data=!4m7!3m6!1s0x2dd60f181f81b15b:0x8ee4736987a36a75!8m2!3d-8.3762079!4d112.8464794!16s%2Fg%2F1q614w4r7!19sChIJW7GBHxgP1i0RdWqjh2lz5I4?authuser=0&hl=en&rclk=1,-8.3762079,112.8464794
Pantai Telok,Jawa Timur,4.6,sangat bagus,https://www.google.com/maps/place/Pantai+Telok/data=!4m7!3m6!1s0x2dd601e0ff827bfd:0xf4eae8dfb5357ca8!8m2!3d-8.4291487!4d112.6227192!16s%2Fg%2F11b740mwrt!19sChIJ_XuC_-AB1i0RqHw1td_o6vQ?authuser=0&hl=en&rclk=1,-8.4291487,112.6227192
Pantai Payangan,Jawa Timur,4.3,sangat bagus,https://www.google.com/maps/place/Pantai+Payangan/data=!4m7!3m6!1s0x2dd427f96abc1d45:0x349dbb12eb1ac295!8m2!3d-8.436409!4d113.581299!16s%2Fg%2F11b7gxfyg2!19sChIJRR28avkn1C0RlcIa6xK7nTQ?authuser=0&hl=en&rclk=1,-8.436409,113.581299
White sand beach,Jawa Timur,4.3,sangat bagus,https://www.google.com/maps/place/White+sand+beach/data=!4m7!3m6!1s0x2dd7af00e1e731f3:0xc89d34bd35524db1!8m2!3d-7.6796881!4d113.2423979!16s%2Fg%2F11fy1d3203!19sChIJ8zHn4QCv1y0RsU1SNb00ncg?authuser=0&hl=en&rclk=1,-7.6796881,113.2423979
Pantai Bantol,Jawa Timur,4.4,sangat bagus,https://www.google.com/maps/place/Pantai+Bantol/data=!4m7!3m6!1s0x2e78ae38bb643dc3:0xb21dbaa8123f9a63!8m2!3d-8.3951611!4d112.4521222!16s%2Fg%2F11bbqsl___!19sChIJwz1kuziueC4RY5o_Eqi6HbI?authuser=0&hl=en&rclk=1,-8.3951611,112.4521222
Pantai Pasir Putih Tlangoh,Jawa Timur,4.4,sangat bagus,https://www.google.com/maps/place/Pantai+Pasir+Putih+Tlangoh/data=!4m7!3m6!1s0x2dd83f31bbb7e353:0xbf34d49034f1a010!8m2!3d-6.8835598!4d113.0477832!16s%2Fg%2F11j4gy8xf_!19sChIJU-O3uzE_2C0REKDxNJDUNL8?authuser=0&hl=en&rclk=1,-6.8835598,113.0477832
Pantai Ngudel,Jawa Timur,4.7,sangat bagus,https://www.google.com/maps/place/Pantai+Ngudel/data=!4m7!3m6!1s0x2e78ab773edefb5f:0x52882c34777d7729!8m2!3d-8.416189!4d112.5851449!16s%2Fg%2F11sq935h4n!19sChIJX_vePnereC4RKXd9dzQsiFI?authuser=0&hl=en&rclk=1,-8.416189,112.5851449
Pantai Rongkang,Jawa Timur,3.5,bagus,https://www.google.com/maps/place/Pantai+Rongkang/data=!4m7!3m6!1s0x2dd81d6c42f1998f:0xa0fab6cee52db6c4!8m2!3d-7.164438!4d112.841953!16s%2Fg%2F11b824bz4d!19sChIJj5nxQmwd2C0RxLYt5c62-qA?authuser=0&hl=en&rclk=1,-7.164438,112.841953
Pantai Karanggongso,Jawa Timur,4.5,sangat bagus,https://www.google.com/maps/place/Pantai+Karanggongso/data=!4m7!3m6!1s0x2e79240bcf99e891:0xcfd0cb5fa96a79d0!8m2!3d-8.3054005!4d111.7457343!16s%2Fg%2F11bxfzgy3y!19sChIJkeiZzwskeS4R0HlqqV_L0M8?authuser=0&hl=en&rclk=1,-8.3054005,111.7457343
Pantai Wedi Ireng,Jawa Timur,4.6,sangat bagus,https://www.google.com/maps/place/Pantai+Wedi+Ireng/data=!4m7!3m6!1s0x2dd404bfffffffff:0x8ac8f062382cdef7!8m2!3d-8.5991335!4d113.9898977!16s%2Fg%2F11b6_7fh7x!19sChIJ_____78E1C0R994sOGLwyIo?authuser=0&hl=en&rclk=1,-8.5991335,113.9898977
Pantai Karang Bolong,Jawa Timur,4.7,sangat bagus,https://www.google.com/maps/place/Pantai+Karang+Bolong/data=!4m7!3m6!1s0x2e7bdd037cbb2253:0xb120315bf1e3c0f1!8m2!3d-8.2245417!4d110.9410374!16s%2Fg%2F11bt_ggq33!19sChIJUyK7fAPdey4R8cDj8VsxILE?authuser=0&hl=en&rclk=1,-8.2245417,110.9410374
Pantai Bohay,Jawa Timur,4.4,sangat bagus,https://www.google.com/maps/place/Pantai+Bohay/data=!4m7!3m6!1s0x2dd7031b9e1f0dbf:0xbc0c3fed15d1aaa!8m2!3d-7.7139659!4d113.5602994!16s%2Fg%2F11f3q70fby!19sChIJvw0fnhsD1y0Rqhpd0f7DwAs?authuser=0&hl=en&rclk=1,-7.7139659,113.5602994
Pantai Tamban,Jawa Timur,4.6,sangat bagus,https://www.google.com/maps/place/Pantai+Tamban/data=!4m7!3m6!1s0x2dd601e672b249b3:0xc366e39b9a660b89!8m2!3d-8.4173275!4d112.7103036!16s%2Fg%2F1q60znmgs!19sChIJs0mycuYB1i0RiQtmmpvjZsM?authuser=0&hl=en&rclk=1,-8.4173275,112.7103036
Pantai Slopeng,Jawa Timur,4.3,sangat bagus,https://www.google.com/maps/place/Pantai+Slopeng/data=!4m7!3m6!1s0x2dd9ea23fabac2df:0x8550176773c06614!8m2!3d-6.8861095!4d113.792343!16s%2Fg%2F112yfwt6c!19sChIJ38K6-iPq2S0RFGbAc2cXUIU?authuser=0&hl=en&rclk=1,-6.8861095,113.792343
Tambakrejo Beach Blitar,Jawa Timur,4.4,sangat bagus,https://www.google.com/maps/place/Tambakrejo+Beach+Blitar/data=!4m7!3m6!1s0x2e78c68018f94f49:0x603ea3315eeeee2f!8m2!3d-8.315658!4d112.1435613!16s%2Fg%2F1hm2h_tz1!19sChIJSU_5GIDGeC4RL-7uXjGjPmA?authuser=0&hl=en&rclk=1,-8.315658,112.1435613
Pantai Kondang Bandung,Jawa Timur,4.5,sangat bagus,https://www.google.com/maps/place/Pantai+Kondang+Bandung/data=!4m7!3m6!1s0x2e78b05a37a26f4b:0xf663b9d5fc5b7281!8m2!3d-8.3722148!4d112.3887586!16s%2Fg%2F1q6153gll!19sChIJS2-iN1qweC4RgXJb_NW5Y_Y?authuser=0&hl=en&rclk=1,-8.3722148,112.3887586
Pantai Perawan Sidoasri,Jawa Timur,4.4,sangat bagus,https://www.google.com/maps/place/Pantai+Perawan+Sidoasri/data=!4m7!3m6!1s0x2dd605c8e90e7c77:0xeb30b9c34fc3f9c!8m2!3d-8.3860728!4d112.773353!16s%2Fg%2F11cnd47tm6!19sChIJd3wO6cgF1i0RnD_8NJwLsw4?authuser=0&hl=en&rclk=1,-8.3860728,112.773353
"Pantai Lohgung , Brondong",Jawa Timur,4.4,sangat bagus,"https://www.google.com/maps/place/Pantai+Lohgung+,+Brondong/data=!4m7!3m6!1s0x2e77be2785c314fd:0x40bdcd445268862c!8m2!3d-6.8930496!4d112.1764441!16s%2Fg%2F11cn8z5tsk!19sChIJ_RTDhSe-dy4RLIZoUkTNvUA?authuser=0&hl=en&rclk=1",-6.8930496,112.1764441
Pasir Panjang,Jawa Timur,4.0,bagus,https://www.google.com/maps/place/Pasir+Panjang/data=!4m7!3m6!1s0x2dd7b823c3c47275:0xaa5eecb4e1990c4!8m2!3d-7.6489092!4d113.0292414!16s%2Fg%2F11dxb1rl2v!19sChIJdXLEwyO41y0RxJAZTsvupQo?authuser=0&hl=en&rclk=1,-7.6489092,113.0292414
Pantai Watu Pecah,Jawa Timur,4.5,sangat bagus,https://www.google.com/maps/place/Pantai+Watu+Pecah/data=!4m7!3m6!1s0x2dd601043a6a44df:0xc5d30ed595106f63!8m2!3d-8.4423935!4d112.6745083!16s%2Fg%2F11cjhz2mcl!19sChIJ30RqOgQB1i0RY28QldUO08U?authuser=0&hl=en&rclk=1,-8.4423935,112.6745083
Pantai Kedung Celeng,Jawa Timur,4.6,sangat bagus,https://www.google.com/maps/place/Pantai+Kedung+Celeng/data=!4m7!3m6!1s0x2e78ae392676bd87:0x269fb227d4593b8c!8m2!3d-8.3955002!4d112.4496526!16s%2Fg%2F11cjhz5j0c!19sChIJh712JjmueC4RjDtZ1CeynyY?authuser=0&hl=en&rclk=1,-8.3955002,112.4496526
Pasir Panjang Beach,Kalimantan Barat,4.3,sangat bagus,https://www.google.com/maps/place/Pasir+Panjang+Beach/data=!4m7!3m6!1s0x31e30b4c3c578cc1:0xd7b056ba0ac0295a!8m2!3d0.845865!4d108.8796091!16s%2Fg%2F1q5gng2q8!19sChIJwYxXPEwL4zERWinACrpWsNc?authuser=0&hl=en&rclk=1,0.845865,108.8796091
Kura Kura Beach,Kalimantan Barat,4.4,sangat bagus,https://www.google.com/maps/place/Kura+Kura+Beach/data=!4m7!3m6!1s0x31e30afddad244cb:0xa59fc62511c84f49!8m2!3d0.8308728!4d108.8592335!16s%2Fg%2F12vtzbr9c!19sChIJy0TS2v0K4zERSU_IESXGn6U?authuser=0&hl=en&rclk=1,0.8308728,108.8592335
Batu Payung Beach,Kalimantan Barat,4.2,sangat bagus,https://www.google.com/maps/place/Batu+Payung+Beach/data=!4m7!3m6!1s0x31e30a3659e077ab:0x7037750a0086e0da!8m2!3d0.8009809!4d108.8469044!16s%2Fg%2F11b6nv9ygc!19sChIJq3fgWTYK4zER2uCGAAp1N3A?authuser=0&hl=en&rclk=1,0.8009809,108.8469044
Pantai Pulau Datok,Kalimantan Barat,4.3,sangat bagus,https://www.google.com/maps/place/Pantai+Pulau+Datok/data=!4m7!3m6!1s0x2e0498741bf79b1d:0x512f55ecde32a60c!8m2!3d-1.2618454!4d109.954574!16s%2Fg%2F11cs1vt4gl!19sChIJHZv3G3SYBC4RDKYy3uxVL1E?authuser=0&hl=en&rclk=1,-1.2618454,109.954574
Pantai Samudra,Kalimantan Barat,4.3,sangat bagus,https://www.google.com/maps/place/Pantai+Samudra/data=!4m7!3m6!1s0x31e30b19d029480b:0x9d07cec686454f8!8m2!3d0.8362583!4d108.8663092!16s%2Fg%2F11b6t80b7s!19sChIJC0gp0BkL4zER-FRkaOx80Ak?authuser=0&hl=en&rclk=1,0.8362583,108.8663092
Jungkat Beach & Resort,Kalimantan Barat,4.2,sangat bagus,https://www.google.com/maps/place/Jungkat+Beach+%26+Resort/data=!4m7!3m6!1s0x31e2a1fc3b8fafe3:0x6bb8ad96f083dc76!8m2!3d0.065402!4d109.192148!16s%2Fg%2F11b6yzrc9_!19sChIJ46-PO_yh4jERdtyD8JatuGs?authuser=0&hl=en&rclk=1,0.065402,109.192148
Pantai Sungai Kinjil (Pantai Pecal),Kalimantan Barat,4.2,sangat bagus,https://www.google.com/maps/place/Pantai+Sungai+Kinjil+%28Pantai+Pecal%29/data=!4m7!3m6!1s0x2e0518023fffffff:0x940ee71a3680df2e!8m2!3d-1.8699921!4d109.9548958!16s%2Fg%2F11ddxdd8dv!19sChIJ____PwIYBS4RLt-ANhrnDpQ?authuser=0&hl=en&rclk=1,-1.8699921,109.9548958
Pantai Sedau,Kalimantan Barat,3.9,bagus,https://www.google.com/maps/place/Pantai+Sedau/data=!4m7!3m6!1s0x31e374a7ff26d9cf:0x815306742c106f19!8m2!3d0.8661203!4d108.9022858!16s%2Fg%2F12vt18cmb!19sChIJz9km_6d04zERGW8QLHQGU4E?authuser=0&hl=en&rclk=1,0.8661203,108.9022858
Pantai Kijing,Kalimantan Barat,3.9,bagus,https://www.google.com/maps/place/Pantai+Kijing/data=!4m7!3m6!1s0x31e2fc1c99499d3d:0x118e5872fef79dd!8m2!3d0.5067192!4d108.9089017!16s%2Fg%2F11bc78k8hg!19sChIJPZ1JmRz84jER3XnvL4flGAE?authuser=0&hl=en&rclk=1,0.5067192,108.9089017
Pantai Air Mati,Kalimantan Barat,4.2,sangat bagus,https://www.google.com/maps/place/Pantai+Air+Mati/data=!4m7!3m6!1s0x2e051fb95ef37c79:0x48398cc6608e4540!8m2!3d-1.7443549!4d109.9807375!16s%2Fg%2F11bvv59wwl!19sChIJeXzzXrkfBS4RQEWOYMaMOUg?authuser=0&hl=en&rclk=1,-1.7443549,109.9807375
Pantai Putih,Kalimantan Barat,4.2,sangat bagus,https://www.google.com/maps/place/Pantai+Putih/data=!4m7!3m6!1s0x31e2ff26fe3e08c1:0xc4a08f7425f9cf17!8m2!3d0.508969!4d108.8521069!16s%2Fg%2F11c3k2_ljr!19sChIJwQg-_ib_4jERF8_5JXSPoMQ?authuser=0&hl=en&rclk=1,0.508969,108.8521069
Pantai Pecal Ketapang (Kinjil Pesisir),Kalimantan Barat,4.2,sangat bagus,https://www.google.com/maps/place/Pantai+Pecal+Ketapang+%28Kinjil+Pesisir%29/data=!4m7!3m6!1s0x2e0517f90ad104dd:0x39d5ee1105d4d98c!8m2!3d-1.8706679!4d109.955213!16s%2Fg%2F11dxl5l0q_!19sChIJ3QTRCvkXBS4RjNnUBRHu1Tk?authuser=0&hl=en&rclk=1,-1.8706679,109.955213
Pantai Lestari,Kalimantan Barat,4.2,sangat bagus,https://www.google.com/maps/place/Pantai+Lestari/data=!4m7!3m6!1s0x31e4ddba413e0fe7:0x8d930d7cf59d740e!8m2!3d1.6318345!4d109.2219144!16s%2Fg%2F11bzykkvlc!19sChIJ5w8-Qbrd5DERDnSd9XwNk40?authuser=0&hl=en&rclk=1,1.6318345,109.2219144
Pantai Tanjung Belandang,Kalimantan Barat,4.2,sangat bagus,https://www.google.com/maps/place/Pantai+Tanjung+Belandang/data=!4m7!3m6!1s0x2e04e02a82fa6053:0x67c0cb666cab0b07!8m2!3d-1.721401!4d109.9949438!16s%2Fg%2F11byx8m10l!19sChIJU2D6girgBC4RBwurbGbLwGc?authuser=0&hl=en&rclk=1,-1.721401,109.9949438
Pantai Tanjung Batu,Kalimantan Barat,4.1,sangat bagus,https://www.google.com/maps/place/Pantai+Tanjung+Batu/data=!4m7!3m6!1s0x31e482e19b4ad01f:0x26051294b414e896!8m2!3d1.181607!4d108.9693382!16s%2Fg%2F11g6rcpd9_!19sChIJH9BKm-GC5DERlugUtJQSBSY?authuser=0&hl=en&rclk=1,1.181607,108.9693382
Pantai Pasir Mayang,Kalimantan Barat,4.4,sangat bagus,https://www.google.com/maps/place/Pantai+Pasir+Mayang/data=!4m7!3m6!1s0x2e049831e53202d3:0x72f090be9138be4d!8m2!3d-1.2747618!4d109.9914875!16s%2Fg%2F11c5wl4n08!19sChIJ0wIy5TGYBC4RTb44kb6Q8HI?authuser=0&hl=en&rclk=1,-1.2747618,109.9914875
Pantai Pantura,Kalimantan Barat,4.1,sangat bagus,https://www.google.com/maps/place/Pantai+Pantura/data=!4m7!3m6!1s0x31e3027510adc937:0x37caa70e9fb5fd5b!8m2!3d0.5706014!4d108.9283282!16s%2Fg%2F11dxdhg8l0!19sChIJN8mtEHUC4zERW_21nw6nyjc?authuser=0&hl=en&rclk=1,0.5706014,108.9283282
Pantai Tanah Hitam,Kalimantan Barat,4.3,sangat bagus,https://www.google.com/maps/place/Pantai+Tanah+Hitam/data=!4m7!3m6!1s0x31e4ddb99aa10027:0x74ac1656a483da4!8m2!3d1.631506!4d109.2185712!16s%2Fg%2F11b6p21zzg!19sChIJJwChmrnd5DERpD1IamXBSgc?authuser=0&hl=en&rclk=1,1.631506,109.2185712
Pantai Kijing Mempawah,Kalimantan Barat,4.1,sangat bagus,https://www.google.com/maps/place/Pantai+Kijing+Mempawah/data=!4m7!3m6!1s0x31e2fd8c5de433bb:0x5e1973f6b64c9316!8m2!3d0.5076561!4d108.9085422!16s%2Fg%2F11gbk4myz9!19sChIJuzPkXYz94jERFpNMtvZzGV4?authuser=0&hl=en&rclk=1,0.5076561,108.9085422
Jawai Laut Nautical Beach,Kalimantan Barat,4.5,sangat bagus,https://www.google.com/maps/place/Jawai+Laut+Nautical+Beach/data=!4m7!3m6!1s0x31e491f2a40ccff5:0x1f4934585ad41181!8m2!3d1.2939901!4d109.0089028!16s%2Fg%2F11jn45244y!19sChIJ9c8MpPKR5DERgRHUWlg0SR8?authuser=0&hl=en&rclk=1,1.2939901,109.0089028
DESTINASI WISATA PANTAI KUPANG,Kalimantan Barat,4.7,sangat bagus,https://www.google.com/maps/place/DESTINASI+WISATA+PANTAI+KUPANG/data=!4m7!3m6!1s0x2e1cdd1e9e4a2f19:0x5c3003f973e80c00!8m2!3d-0.6882185!4d109.2422865!16s%2Fg%2F11ngl0hfb7!19sChIJGS9Knh7dHC4RAAzoc_kDMFw?authuser=0&hl=en&rclk=1,-0.6882185,109.2422865
Samudra Indah Beach,Kalimantan Barat,4.2,sangat bagus,https://www.google.com/maps/place/Samudra+Indah+Beach/data=!4m7!3m6!1s0x31e30b1764f76bd1:0x46b0505679c4db9a!8m2!3d0.8360045!4d108.8675376!16s%2Fg%2F11fxb1jq7x!19sChIJ0Wv3ZBcL4zERmtvEeVZQsEY?authuser=0&hl=en&rclk=1,0.8360045,108.8675376
Pantai Tengkuyung,Kalimantan Barat,4.4,sangat bagus,https://www.google.com/maps/place/Pantai+Tengkuyung/data=!4m7!3m6!1s0x2e1d1fd37e7c1a03:0x50e1ff8aabbd53a!8m2!3d-0.5636156!4d109.1430652!16s%2Fg%2F11f3y1xmfs!19sChIJAxp8ftMfHS4ROtW7qvgfDgU?authuser=0&hl=en&rclk=1,-0.5636156,109.1430652
PANTAI SUNGAI TENGAR,Kalimantan Barat,4.3,sangat bagus,https://www.google.com/maps/place/PANTAI+SUNGAI+TENGAR/data=!4m7!3m6!1s0x2e0f8623d94bb7c5:0x587009d551969d41!8m2!3d-2.3626175!4d110.1465088!16s%2Fg%2F11f0wnc5wf!19sChIJxbdL2SOGDy4RQZ2WUdUJcFg?authuser=0&hl=en&rclk=1,-2.3626175,110.1465088
Pantai Pagar Mentimun,Kalimantan Barat,4.1,sangat bagus,https://www.google.com/maps/place/Pantai+Pagar+Mentimun/data=!4m7!3m6!1s0x2e0563860bcb66a9:0xe79b7024b426da29!8m2!3d-2.2412209!4d110.0818877!16s%2Fg%2F11fz_2zyf4!19sChIJqWbLC4ZjBS4RKdomtCRwm-c?authuser=0&hl=en&rclk=1,-2.2412209,110.0818877
Pantai Pasir Panjang,Kalimantan Barat,4.6,sangat bagus,https://www.google.com/maps/place/Pantai+Pasir+Panjang/data=!4m7!3m6!1s0x31e30bd353657c87:0xd77545f854964a3a!8m2!3d0.845865!4d108.8796091!16s%2Fg%2F11q97lj9vz!19sChIJh3xlU9ML4zEROkqWVPhFddc?authuser=0&hl=en&rclk=1,0.845865,108.8796091
"Palm Beach (Pak Lotay), Singkawang",Kalimantan Barat,4.3,sangat bagus,"https://www.google.com/maps/place/Palm+Beach+%28Pak+Lotay%29,+Singkawang/data=!4m7!3m6!1s0x31e30b4d5b0716bf:0x7301c64a30aa5cdb!8m2!3d0.8557255!4d108.8904108!16s%2Fg%2F11cn5nc8w_!19sChIJvxYHW00L4zER21yqMErGAXM?authuser=0&hl=en&rclk=1",0.8557255,108.8904108
Pantai Kura Kura,Kalimantan Barat,4.5,sangat bagus,https://www.google.com/maps/place/Pantai+Kura+Kura/data=!4m7!3m6!1s0x31e30b38022a1c03:0x58cf6c3f7e1bc1e2!8m2!3d0.8308728!4d108.8592335!16s%2Fg%2F11rstkl15n!19sChIJAxwqAjgL4zER4sEbfj9sz1g?authuser=0&hl=en&rclk=1,0.8308728,108.8592335
"Pantai Merdeka, Simpang Empat",Kalimantan Barat,4.4,sangat bagus,"https://www.google.com/maps/place/Pantai+Merdeka,+Simpang+Empat/data=!4m7!3m6!1s0x31e4e8bc81fc1853:0xd586d110261f1e1b!8m2!3d1.5725352!4d109.1107295!16s%2Fg%2F11f2wlp1vh!19sChIJUxj8gbzo5DERGx4fJhDRhtU?authuser=0&hl=en&rclk=1",1.5725352,109.1107295
Pantai Bintang Musir,Kalimantan Barat,3.9,bagus,https://www.google.com/maps/place/Pantai+Bintang+Musir/data=!4m7!3m6!1s0x2e0517bd8bc10e15:0x8937a7682731724b!8m2!3d-1.8872837!4d109.9811097!16s%2Fg%2F11b67k09fk!19sChIJFQ7Bi70XBS4RS3IxJ2inN4k?authuser=0&hl=en&rclk=1,-1.8872837,109.9811097
Pantai Penage,Kalimantan Barat,4.7,sangat bagus,https://www.google.com/maps/place/Pantai+Penage/data=!4m7!3m6!1s0x2e05173b4988b4a1:0x51be9def6e73e52!8m2!3d-1.9075712!4d110.0118227!16s%2Fg%2F11rmt35gjj!19sChIJobSISTsXBS4RUj7n9t7pGwU?authuser=0&hl=en&rclk=1,-1.9075712,110.0118227
Pantai Sungai Tengar,Kalimantan Barat,4.2,sangat bagus,https://www.google.com/maps/place/Pantai+Sungai+Tengar/data=!4m7!3m6!1s0x2e0f86297ac500a5:0xf32c3719584776d7!8m2!3d-2.3523741!4d110.1439251!16s%2Fg%2F11fylwgjl6!19sChIJpQDFeimGDy4R13ZHWBk3LPM?authuser=0&hl=en&rclk=1,-2.3523741,110.1439251
Pantai Gosong,Kalimantan Barat,4.1,sangat bagus,https://www.google.com/maps/place/Pantai+Gosong/data=!4m7!3m6!1s0x31e3062734a232a3:0x60cd62d7274bba27!8m2!3d0.7127766!4d108.8725001!16s%2Fg%2F11b6nlh20_!19sChIJozKiNCcG4zERJ7pLJ9dizWA?authuser=0&hl=en&rclk=1,0.7127766,108.8725001
Pantai PB JUNGKAT,Kalimantan Barat,4.3,sangat bagus,https://www.google.com/maps/place/Pantai+PB+JUNGKAT/data=!4m7!3m6!1s0x31e2a1c400455645:0x7d5693319818a6a6!8m2!3d0.0638996!4d109.1915203!16s%2Fg%2F11nghb715k!19sChIJRVZFAMSh4jERpqYYmDGTVn0?authuser=0&hl=en&rclk=1,0.0638996,109.1915203
Pantai Dayang,Kalimantan Barat,3.8,bagus,https://www.google.com/maps/place/Pantai+Dayang/data=!4m7!3m6!1s0x31e30bdceb85e4f7:0xe58a01d8e23a567d!8m2!3d0.8350022!4d108.8989577!16s%2Fg%2F11q1jtz28s!19sChIJ9-SF69wL4zERfVY64tgBiuU?authuser=0&hl=en&rclk=1,0.8350022,108.8989577
Pantai Tenda Biru,Kalimantan Barat,4.4,sangat bagus,https://www.google.com/maps/place/Pantai+Tenda+Biru/data=!4m7!3m6!1s0x31e4ddf33700987b:0x8ab3e8ab01c9593b!8m2!3d1.6173778!4d109.1937362!16s%2Fg%2F11sfvh03_0!19sChIJe5gAN_Pd5DERO1nJAavos4o?authuser=0&hl=en&rclk=1,1.6173778,109.1937362
Pantai Surga Putih Kalimantan,Kalimantan Barat,5.0,sangat bagus,https://www.google.com/maps/place/Pantai+Surga+Putih+Kalimantan/data=!4m7!3m6!1s0x31e4e7a65c152c79:0xf1fc0aa0ab64692f!8m2!3d1.615601!4d109.1900093!16s%2Fg%2F11y1fxkjgg!19sChIJeSwVXKbn5DERL2lkq6AK_PE?authuser=0&hl=en&rclk=1,1.615601,109.1900093
Pantai Ramayadi,Kalimantan Barat,4.5,sangat bagus,https://www.google.com/maps/place/Pantai+Ramayadi/data=!4m7!3m6!1s0x31e4853722e50e9d:0x698b10c739cd383c!8m2!3d1.2701251!4d108.9882404!16s%2Fg%2F11fx9dj311!19sChIJnQ7lIjeF5DERPDjNOccQi2k?authuser=0&hl=en&rclk=1,1.2701251,108.9882404
Pantai Desa Kinjil Pesisir,Kalimantan Barat,4.1,sangat bagus,https://www.google.com/maps/place/Pantai+Desa+Kinjil+Pesisir/data=!4m7!3m6!1s0x2e0517f998235dc7:0xac24ec0ca35b362e!8m2!3d-1.872361!4d109.959321!16s%2Fg%2F11dfj66c1p!19sChIJx10jmPkXBS4RLjZbowzsJKw?authuser=0&hl=en&rclk=1,-1.872361,109.959321
Pantai Cemara Indah,Kalimantan Barat,4.2,sangat bagus,https://www.google.com/maps/place/Pantai+Cemara+Indah/data=!4m7!3m6!1s0x31e4ddf0bda328a7:0x3f543087bd7b3d22!8m2!3d1.6511726!4d109.2441101!16s%2Fg%2F11gw0w08ky!19sChIJpyijvfDd5DERIj17vYcwVD8?authuser=0&hl=en&rclk=1,1.6511726,109.2441101
Pantai bisik,Kalimantan Barat,4.7,sangat bagus,https://www.google.com/maps/place/Pantai+bisik/data=!4m7!3m6!1s0x31e30bd025f27f31:0xfa47f075a0fffdc!8m2!3d0.7918577!4d108.8502329!16s%2Fg%2F11rp25t8m8!19sChIJMX_yJdAL4zER3P8PWgd_pA8?authuser=0&hl=en&rclk=1,0.7918577,108.8502329
Pantai Arung Parak,Kalimantan Barat,4.7,sangat bagus,https://www.google.com/maps/place/Pantai+Arung+Parak/data=!4m7!3m6!1s0x31e4e7942acaa3b3:0xe42c49d460087309!8m2!3d1.6060872!4d109.1671987!16s%2Fg%2F11f2wlsqww!19sChIJs6PKKpTn5DERCXMIYNRJLOQ?authuser=0&hl=en&rclk=1,1.6060872,109.1671987
Pantai mutiara,Kalimantan Barat,4.5,sangat bagus,https://www.google.com/maps/place/Pantai+mutiara/data=!4m7!3m6!1s0x2e04a36921cb253f:0xe403419c297b8ee9!8m2!3d-1.2155968!4d109.9299459!16s%2Fg%2F11mwt33dvw!19sChIJPyXLIWmjBC4R6Y57KZxBA-Q?authuser=0&hl=en&rclk=1,-1.2155968,109.9299459
Kura kura beach (entry),Kalimantan Barat,4.5,sangat bagus,https://www.google.com/maps/place/Kura+kura+beach+%28entry%29/data=!4m7!3m6!1s0x31e30bb1277d3fbf:0x78300af5ad437016!8m2!3d0.8216746!4d108.865698!16s%2Fg%2F11rm_037r7!19sChIJvz99J7EL4zERFnBDrfUKMHg?authuser=0&hl=en&rclk=1,0.8216746,108.865698
Pantai Indah lestari,Kalimantan Barat,4.1,sangat bagus,https://www.google.com/maps/place/Pantai+Indah+lestari/data=!4m7!3m6!1s0x31e4ddba2ea77899:0xa036239dc97c94d3!8m2!3d1.6328586!4d109.2210833!16s%2Fg%2F11bzy5203m!19sChIJmXinLrrd5DER05R8yZ0jNqA?authuser=0&hl=en&rclk=1,1.6328586,109.2210833
Pantai Selimpai,Kalimantan Barat,4.8,sangat bagus,https://www.google.com/maps/place/Pantai+Selimpai/data=!4m7!3m6!1s0x31e526b80d322ac1:0x94bbe7a26374dcf1!8m2!3d1.7847358!4d109.296512!16s%2Fg%2F11c2njc3tq!19sChIJwSoyDbgm5TER8dx0Y6Lnu5Q?authuser=0&hl=en&rclk=1,1.7847358,109.296512
Pantai Sungai Jawi,Kalimantan Barat,4.3,sangat bagus,https://www.google.com/maps/place/Pantai+Sungai+Jawi/data=!4m7!3m6!1s0x2e05179851ec60c7:0x39aad4698eea343!8m2!3d-1.910148!4d110.0130947!16s%2Fg%2F11tn2p23vc!19sChIJx2DsUZgXBS4RQ6PumEatmgM?authuser=0&hl=en&rclk=1,-1.910148,110.0130947
Pantai Putri Serai'i,Kalimantan Barat,4.4,sangat bagus,https://www.google.com/maps/place/Pantai+Putri+Serai%27i/data=!4m7!3m6!1s0x31e4854bf06b59b1:0xb0d61155d7d2710c!8m2!3d1.2776871!4d108.9926389!16s%2Fg%2F11b6rw3083!19sChIJsVlr8EuF5DERDHHS11UR1rA?authuser=0&hl=en&rclk=1,1.2776871,108.9926389
Pantai Teluk Mak Jantu,Kalimantan Barat,4.3,sangat bagus,https://www.google.com/maps/place/Pantai+Teluk+Mak+Jantu/data=!4m7!3m6!1s0x31e37373ffb370fb:0x1e95856b2ebe5094!8m2!3d0.8652454!4d108.9038323!16s%2Fg%2F11k0qfnldq!19sChIJ-3Cz_3Nz4zERlFC-LmuFlR4?authuser=0&hl=en&rclk=1,0.8652454,108.9038323
"Pantai Wisata Kahona ,Sarang Burung Danau,Jawai",Kalimantan Barat,4.5,sangat bagus,"https://www.google.com/maps/place/Pantai+Wisata+Kahona+,Sarang+Burung+Danau,Jawai/data=!4m7!3m6!1s0x31e4edec94a0ef03:0xf2c3e9c58495f699!8m2!3d1.464816!4d109.0384929!16s%2Fg%2F11mvrjg23j!19sChIJA--glOzt5DERmfaVhMXpw_I?authuser=0&hl=en&rclk=1",1.464816,109.0384929
Pantai Sinam,Kalimantan Barat,4.2,sangat bagus,https://www.google.com/maps/place/Pantai+Sinam/data=!4m7!3m6!1s0x31e482e654153607:0x827de16abfbd579d!8m2!3d1.1753799!4d108.9706002!16s%2Fg%2F11b6dpn45y!19sChIJBzYVVOaC5DERnVe9v2rhfYI?authuser=0&hl=en&rclk=1,1.1753799,108.9706002
Wisata Hutan Mangrove Pantai Celincing,Kalimantan Barat,4.2,sangat bagus,https://www.google.com/maps/place/Wisata+Hutan+Mangrove+Pantai+Celincing/data=!4m7!3m6!1s0x2e0523c65c60619d:0xfe79cf95d25a4a5c!8m2!3d-1.8262427!4d109.9078467!16s%2Fg%2F11jj45rjtz!19sChIJnWFgXMYjBS4RXEpa0pXPef4?authuser=0&hl=en&rclk=1,-1.8262427,109.9078467
Tanjung Sedau,Kalimantan Barat,4.6,sangat bagus,https://www.google.com/maps/place/Tanjung+Sedau/data=!4m7!3m6!1s0x31e3757d56ff7cd9:0xa80c6d2305bd92b0!8m2!3d0.8707222!4d108.8939708!16s%2Fg%2F11g1mdpbtn!19sChIJ2Xz_Vn114zERsJK9BSNtDKg?authuser=0&hl=en&rclk=1,0.8707222,108.8939708
Pantai Keraya,Kalimantan Tengah,4.6,sangat bagus,https://www.google.com/maps/place/Pantai+Keraya/data=!4m7!3m6!1s0x2e0919e152c11bc9:0x29dcbbfad4c418f2!8m2!3d-2.9886728!4d111.533358!16s%2Fg%2F11s3qxxlrk!19sChIJyRvBUuEZCS4R8hjE1Pq73Ck?authuser=0&hl=en&rclk=1,-2.9886728,111.533358
Tebing kalap Beach,Kalimantan Tengah,4.4,sangat bagus,https://www.google.com/maps/place/Tebing+kalap+Beach/data=!4m7!3m6!1s0x2de217e516c3e2ef:0x5c714de7d17eac8e!8m2!3d-3.2288956!4d112.9305063!16s%2Fg%2F11rdb6nv96!19sChIJ7-LDFuUX4i0Rjqx-0edNcVw?authuser=0&hl=en&rclk=1,-3.2288956,112.9305063
Coast Edge Pandaran,Kalimantan Tengah,4.3,sangat bagus,https://www.google.com/maps/place/Coast+Edge+Pandaran/data=!4m7!3m6!1s0x2de23fd85038c2f5:0x7c572d297a87a019!8m2!3d-3.1700627!4d113.0002416!16s%2Fg%2F11b7gp82b_!19sChIJ9cI4UNg_4i0RGaCHeiktV3w?authuser=0&hl=en&rclk=1,-3.1700627,113.0002416
Pantai Tanjung Nipah,Kalimantan Tengah,4.5,sangat bagus,https://www.google.com/maps/place/Pantai+Tanjung+Nipah/data=!4m7!3m6!1s0x2e0ecf994b67fb75:0x6af469fcdd91b4d9!8m2!3d-3.0535065!4d110.941653!16s%2Fg%2F11h_7nh3pk!19sChIJdftnS5nPDi4R2bSR3fxp9Go?authuser=0&hl=en&rclk=1,-3.0535065,110.941653
Pantai Sebuai,Kalimantan Tengah,4.6,sangat bagus,https://www.google.com/maps/place/Pantai+Sebuai/data=!4m7!3m6!1s0x2e091b39618a10b9:0x169022f0aca52a28!8m2!3d-2.9687589!4d111.5111128!16s%2Fg%2F11jjvrk07n!19sChIJuRCKYTkbCS4RKCqlrPAikBY?authuser=0&hl=en&rclk=1,-2.9687589,111.5111128
Pantai jodoh,Kalimantan Tengah,4.5,sangat bagus,https://www.google.com/maps/place/Pantai+jodoh/data=!4m7!3m6!1s0x2de2179c7dbb0877:0x606b61e8d719d5a8!8m2!3d-3.224228!4d112.9395966!16s%2Fg%2F11sxvwfy3j!19sChIJdwi7fZwX4i0RqNUZ1-hha2A?authuser=0&hl=en&rclk=1,-3.224228,112.9395966
Satiruk Beach,Kalimantan Tengah,4.6,sangat bagus,https://www.google.com/maps/place/Satiruk+Beach/data=!4m7!3m6!1s0x2de243cdca128f6d:0x6b90301e7a10a09c!8m2!3d-3.038914!4d113.094845!16s%2Fg%2F11pd0nr72z!19sChIJbY8Sys1D4i0RnKAQeh4wkGs?authuser=0&hl=en&rclk=1,-3.038914,113.094845
Bogam Gulf Beach,Kalimantan Tengah,4.4,sangat bagus,https://www.google.com/maps/place/Bogam+Gulf+Beach/data=!4m7!3m6!1s0x2e0919e86c6d145f:0xa671d806b4ebec40!8m2!3d-3.0153396!4d111.5516618!16s%2Fg%2F11c1ttxynm!19sChIJXxRtbOgZCS4RQOzrtAbYcaY?authuser=0&hl=en&rclk=1,-3.0153396,111.5516618
Pantai pagatan wisata terbaik kalteng,Kalimantan Tengah,4.8,sangat bagus,https://www.google.com/maps/place/Pantai+pagatan+wisata+terbaik+kalteng/data=!4m7!3m6!1s0x2de233ae77ccefcf:0x30e40e02376be2eb!8m2!3d-3.2727776!4d113.3358243!16s%2Fg%2F11nlc1z4_5!19sChIJz-_Md64z4i0R6-JrNwIO5DA?authuser=0&hl=en&rclk=1,-3.2727776,113.3358243
Gaul Beach,Kalimantan Tengah,4.4,sangat bagus,https://www.google.com/maps/place/Gaul+Beach/data=!4m7!3m6!1s0x2de2112ba2f54811:0x466d34e740b487aa!8m2!3d-3.2789818!4d112.848088!16s%2Fg%2F11qqf8vcm7!19sChIJEUj1oisR4i0Rqoe0QOc0bUY?authuser=0&hl=en&rclk=1,-3.2789818,112.848088
Pantai Salundik,Kalimantan Tengah,5.0,sangat bagus,https://www.google.com/maps/place/Pantai+Salundik/data=!4m7!3m6!1s0x2de2152a1205187f:0xf603696860aab481!8m2!3d-3.1990307!4d112.964747!16s%2Fg%2F11vjfs0mnk!19sChIJfxgFEioV4i0RgbSqYGhpA_Y?authuser=0&hl=en&rclk=1,-3.1990307,112.964747
Pantai Ujung Pandaran,Kalimantan Tengah,4.1,sangat bagus,https://www.google.com/maps/place/Pantai+Ujung+Pandaran/data=!4m7!3m6!1s0x2de214eaaca34bb3:0x1c5eee0c6969bffa!8m2!3d-3.1688445!4d112.9297858!16s%2Fg%2F11cs5dvll3!19sChIJs0ujrOoU4i0R-r9paQzuXhw?authuser=0&hl=en&rclk=1,-3.1688445,112.9297858
Tanjung Keluang,Kalimantan Tengah,4.4,sangat bagus,https://www.google.com/maps/place/Tanjung+Keluang/data=!4m7!3m6!1s0x2e0902f09803f403:0x6d29775c2d129f14!8m2!3d-2.9054347!4d111.7064762!16s%2Fg%2F11cs3zfxrh!19sChIJA_QDmPACCS4RFJ8SLVx3KW0?authuser=0&hl=en&rclk=1,-2.9054347,111.7064762
Pantai Gosong Desa Babai,Kalimantan Tengah,4.8,sangat bagus,https://www.google.com/maps/place/Pantai+Gosong+Desa+Babai/data=!4m7!3m6!1s0x2dfb1f2ae71c4e65:0x4d71b964a511a049!8m2!3d-1.9252551!4d114.8537423!16s%2Fg%2F11trmfm97h!19sChIJZU4c5yof-y0RSaARpWS5cU0?authuser=0&hl=en&rclk=1,-1.9252551,114.8537423
Camp Kobes,Kalimantan Tengah,4.2,sangat bagus,https://www.google.com/maps/place/Camp+Kobes/data=!4m7!3m6!1s0x2de23fe06b970f41:0x89a27503653d3bae!8m2!3d-3.1658742!4d113.0029293!16s%2Fg%2F11g7crkn3f!19sChIJQQ-Xa-A_4i0Rrjs9ZQN1ook?authuser=0&hl=en&rclk=1,-3.1658742,113.0029293
Pantai citra,Kalimantan Tengah,4.6,sangat bagus,https://www.google.com/maps/place/Pantai+citra/data=!4m7!3m6!1s0x2e092d39cff0cb0d:0x1b551dcf79c13d28!8m2!3d-2.9922293!4d111.1856227!16s%2Fg%2F11jghxx899!19sChIJDcvwzzktCS4RKD3Bec8dVRs?authuser=0&hl=en&rclk=1,-2.9922293,111.1856227
Cemeti Beach,Kalimantan Tengah,4.7,sangat bagus,https://www.google.com/maps/place/Cemeti+Beach/data=!4m7!3m6!1s0x2de249c263d383bd:0xef87a6c6db752d27!8m2!3d-3.1126851!4d113.193345!16s%2Fg%2F11pdtz4nzk!19sChIJvYPTY8JJ4i0RJy1128amh-8?authuser=0&hl=en&rclk=1,-3.1126851,113.193345
KERAYA BEACH,Kalimantan Tengah,4.5,sangat bagus,https://www.google.com/maps/place/KERAYA+BEACH/data=!4m7!3m6!1s0x2e09198ab621b891:0x65d50b6332afda4a!8m2!3d-3.0091364!4d111.5450805!16s%2Fg%2F11j12451cc!19sChIJkbghtooZCS4RStqvMmML1WU?authuser=0&hl=en&rclk=1,-3.0091364,111.5450805
Pantai pagatan beach resort wisata nasional,Kalimantan Tengah,4.6,sangat bagus,https://www.google.com/maps/place/Pantai+pagatan+beach+resort+wisata+nasional/data=!4m7!3m6!1s0x2de23368c66ae07b:0x1f393f629655a8e2!8m2!3d-3.2663535!4d113.33129!16s%2Fg%2F11nlbzz0lf!19sChIJe-Bqxmgz4i0R4qhVlmI_OR8?authuser=0&hl=en&rclk=1,-3.2663535,113.33129
Nipah Katingan Beach,Kalimantan Tengah,4.4,sangat bagus,https://www.google.com/maps/place/Nipah+Katingan+Beach/data=!4m7!3m6!1s0x2de237f90899aceb:0xe61214180e09a325!8m2!3d-3.201334!4d113.282286!16s%2Fg%2F11hzpjwh1z!19sChIJ66yZCPk34i0RJaMJDhgUEuY?authuser=0&hl=en&rclk=1,-3.201334,113.282286
Pamatang Panjang Beach,Kalimantan Tengah,3.7,bagus,https://www.google.com/maps/place/Pamatang+Panjang+Beach/data=!4m7!3m6!1s0x2de20144e0ae0e03:0xfcb971c36f1d0fb6!8m2!3d-3.4047017!4d112.6401732!16s%2Fg%2F11t5897rlg!19sChIJAw6u4EQB4i0Rtg8db8Nxufw?authuser=0&hl=en&rclk=1,-3.4047017,112.6401732
Pantai Nada Cinta,Kalimantan Tengah,4.6,sangat bagus,https://www.google.com/maps/place/Pantai+Nada+Cinta/data=!4m7!3m6!1s0x2e0919537eba628b:0x8566a1bc5bd32aa7!8m2!3d-2.9996468!4d111.5403787!16s%2Fg%2F11t0m18mjt!19sChIJi2K6flMZCS4RpyrTW7yhZoU?authuser=0&hl=en&rclk=1,-2.9996468,111.5403787
Pantai Kubu - Agung Paraycity,Kalimantan Tengah,3.4,bagus,https://www.google.com/maps/place/Pantai+Kubu+-+Agung+Paraycity/data=!4m7!3m6!1s0x2e08fd624a759a73:0x87c64b0621e2acfb!8m2!3d-2.8500192!4d111.7116673!16s%2Fg%2F11rzqkx5p2!19sChIJc5p1SmL9CC4R-6ziIQZLxoc?authuser=0&hl=en&rclk=1,-2.8500192,111.7116673
PANTAI CEMARA,Kalimantan Tengah,4.6,sangat bagus,https://www.google.com/maps/place/PANTAI+CEMARA/data=!4m7!3m6!1s0x2e0919d245b188fd:0xd58ec77717a9b1f8!8m2!3d-2.9846854!4d111.5304921!16s%2Fg%2F11qbdtlvlz!19sChIJ_YixRdIZCS4R-LGpF3fHjtU?authuser=0&hl=en&rclk=1,-2.9846854,111.5304921
Pantai Pawang Beguruh,Kalimantan Tengah,5.0,sangat bagus,https://www.google.com/maps/place/Pantai+Pawang+Beguruh/data=!4m7!3m6!1s0x2e091f001b2590f5:0xca97bc9d7819abce!8m2!3d-2.9422363!4d111.4856238!16s%2Fg%2F11mygygkhj!19sChIJ9ZAlGwAfCS4RzqsZeJ28l8o?authuser=0&hl=en&rclk=1,-2.9422363,111.4856238
Pantai Sungai Rengas,Kalimantan Tengah,5.0,sangat bagus,https://www.google.com/maps/place/Pantai+Sungai+Rengas/data=!4m7!3m6!1s0x2e0921af2d7a79cf:0xc46f3d04005cbfff!8m2!3d-2.9355731!4d111.4712109!16s%2Fg%2F11rcbnm4b6!19sChIJz3l6La8hCS4R_79cAAQ9b8Q?authuser=0&hl=en&rclk=1,-2.9355731,111.4712109
Pantai Saputra,Kalimantan Tengah,4.4,sangat bagus,https://www.google.com/maps/place/Pantai+Saputra/data=!4m7!3m6!1s0x2e091f001ea1ed63:0xac101dea75839dd0!8m2!3d-2.9404242!4d111.4818888!16s%2Fg%2F11wwm6_zw4!19sChIJY-2hHgAfCS4R0J2DdeodEKw?authuser=0&hl=en&rclk=1,-2.9404242,111.4818888
"Pantai umbang, Asri Family",Kalimantan Tengah,4.6,sangat bagus,"https://www.google.com/maps/place/Pantai+umbang,+Asri+Family/data=!4m7!3m6!1s0x2e091bbb70cd3069:0x5fc11cea958b0d0f!8m2!3d-2.9571357!4d111.6350231!16s%2Fg%2F11j_96mw5g!19sChIJaTDNcLsbCS4RDw2LleocwV8?authuser=0&hl=en&rclk=1",-2.9571357,111.6350231
Pantai Keluarga,Kalimantan Tengah,4.7,sangat bagus,https://www.google.com/maps/place/Pantai+Keluarga/data=!4m7!3m6!1s0x2e09191aaeb3bd97:0x96d879447f38cfb5!8m2!3d-3.0004487!4d111.5410295!16s%2Fg%2F11qfw01g65!19sChIJl72zrhoZCS4Rtc84f0R52JY?authuser=0&hl=en&rclk=1,-3.0004487,111.5410295
BATAKAN BEACH,Kalimantan Tengah,4.5,sangat bagus,https://www.google.com/maps/place/BATAKAN+BEACH/data=!4m7!3m6!1s0x2de71d9c5595170b:0x6bc953d389b8bd89!8m2!3d-4.0842654!4d114.6287747!16s%2Fg%2F11kx67zhsr!19sChIJCxeVVZwd5y0Rib24idNTyWs?authuser=0&hl=en&rclk=1,-4.0842654,114.6287747
PANTAI TEBING SUKAMARA,Kalimantan Tengah,5.0,sangat bagus,https://www.google.com/maps/place/PANTAI+TEBING+SUKAMARA/data=!4m7!3m6!1s0x2e0ecd000e45aeb1:0x530123e1d5149805!8m2!3d-3.048024!4d111.057376!16s%2Fg%2F11ynz30jpp!19sChIJsa5FDgDNDi4RBZgU1eEjAVM?authuser=0&hl=en&rclk=1,-3.048024,111.057376
Pantai Unggal,Kalimantan Tengah,4.5,sangat bagus,https://www.google.com/maps/place/Pantai+Unggal/data=!4m7!3m6!1s0x2e091949bec828bd:0x384e12e6905be5be!8m2!3d-3.0113476!4d111.545661!16s%2Fg%2F11pd2d9fkj!19sChIJvSjIvkkZCS4RvuVbkOYSTjg?authuser=0&hl=en&rclk=1,-3.0113476,111.545661
Pantai Gedambaan,Kalimantan Tengah,4.4,sangat bagus,https://www.google.com/maps/place/Pantai+Gedambaan/data=!4m7!3m6!1s0x2def2dd0173fa069:0xe93fa05675123c0f!8m2!3d-3.2934874!4d116.2670851!16s%2Fg%2F11b6lmwphm!19sChIJaaA_F9At7y0RDzwSdVagP-k?authuser=0&hl=en&rclk=1,-3.2934874,116.2670851
Pantai Asmara,Kalimantan Tengah,4.2,sangat bagus,https://www.google.com/maps/place/Pantai+Asmara/data=!4m7!3m6!1s0x2de652b20bf86a6b:0x76bb7706f6db65b0!8m2!3d-3.9814243!4d115.0798673!16s%2Fg%2F11dfjy8gts!19sChIJa2r4C7JS5i0RsGXb9gZ3u3Y?authuser=0&hl=en&rclk=1,-3.9814243,115.0798673
Pantai Lunci,Kalimantan Tengah,4.3,sangat bagus,https://www.google.com/maps/place/Pantai+Lunci/data=!4m7!3m6!1s0x2e0928d690021d11:0x518558bb6ef2495f!8m2!3d-2.9571929!4d111.2405379!16s%2Fg%2F11fylyzxyd!19sChIJER0CkNYoCS4RX0nybrtYhVE?authuser=0&hl=en&rclk=1,-2.9571929,111.2405379
Pantai Indah Umbang,Kalimantan Tengah,4.8,sangat bagus,https://www.google.com/maps/place/Pantai+Indah+Umbang/data=!4m7!3m6!1s0x2e091b0003f0883f:0x8a0c7bd09cc92334!8m2!3d-2.9567382!4d111.6368729!16s%2Fg%2F11vj_g8cg6!19sChIJP4jwAwAbCS4RNCPJnNB7DIo?authuser=0&hl=en&rclk=1,-2.9567382,111.6368729
Takisung Beach,Kalimantan Tengah,4.1,sangat bagus,https://www.google.com/maps/place/Takisung+Beach/data=!4m7!3m6!1s0x2de6e60dd1ef4f5d:0x49a0cfda0b40dfbf!8m2!3d-3.864822!4d114.6107645!16s%2Fg%2F11hcnjg1hr!19sChIJXU_v0Q3m5i0Rv99AC9rPoEk?authuser=0&hl=en&rclk=1,-3.864822,114.6107645
Pantai Anum,Kalimantan Tengah,4.5,sangat bagus,https://www.google.com/maps/place/Pantai+Anum/data=!4m7!3m6!1s0x2e0919c985d700b7:0xaa6f17b9d2af52b3!8m2!3d-3.0109378!4d111.5546994!16s%2Fg%2F11h_kfm5m1!19sChIJtwDXhckZCS4Rs1Kv0rkXb6o?authuser=0&hl=en&rclk=1,-3.0109378,111.5546994
Ujung Pandaran,Kalimantan Tengah,4.3,sangat bagus,https://www.google.com/maps/place/Ujung+Pandaran/data=!4m7!3m6!1s0x2de23fe3f58e8f69:0x5d68b9f1d23acb47!8m2!3d-3.1610967!4d113.0071229!16s%2Fg%2F11bwfx378q!19sChIJaY-O9eM_4i0RR8s60vG5aF0?authuser=0&hl=en&rclk=1,-3.1610967,113.0071229
Pantai cemara 9,Kalimantan Tengah,5.0,sangat bagus,https://www.google.com/maps/place/Pantai+cemara+9/data=!4m7!3m6!1s0x2de215452b811c07:0xb310d43162035cd3!8m2!3d-3.223548!4d112.9383881!16s%2Fg%2F11ty6lkhts!19sChIJBxyBK0UV4i0R01wDYjHUELM?authuser=0&hl=en&rclk=1,-3.223548,112.9383881
Pantai Swarangan,Kalimantan Tengah,4.0,bagus,https://www.google.com/maps/place/Pantai+Swarangan/data=!4m7!3m6!1s0x2de7aa3a4e4a3a25:0x989580bc0115fd70!8m2!3d-4.0514243!4d114.9373917!16s%2Fg%2F1232pjh4!19sChIJJTpKTjqq5y0RcP0VAbyAlZg?authuser=0&hl=en&rclk=1,-4.0514243,114.9373917
Pantai Cemara dua putri,Kalimantan Tengah,5.0,sangat bagus,https://www.google.com/maps/place/Pantai+Cemara+dua+putri/data=!4m7!3m6!1s0x2e092fdf9cb71819:0xf8ddaee78f31b966!8m2!3d-2.9894503!4d111.1907752!16s%2Fg%2F11n8_fw_jx!19sChIJGRi3nN8vCS4RZrkxj-eu3fg?authuser=0&hl=en&rclk=1,-2.9894503,111.1907752
Pantai Pandaran Kotawaringin Timur,Kalimantan Tengah,4.5,sangat bagus,https://www.google.com/maps/place/Pantai+Pandaran+Kotawaringin+Timur/data=!4m7!3m6!1s0x2de23fb7c1097c9b:0x5456bb41d232e8c9!8m2!3d-3.1660707!4d113.0025675!16s%2Fg%2F11p5s5xm75!19sChIJm3wJwbc_4i0Ryegy0kG7VlQ?authuser=0&hl=en&rclk=1,-3.1660707,113.0025675
Takisung Beach,Kalimantan Selatan,4.1,sangat bagus,https://www.google.com/maps/place/Takisung+Beach/data=!4m7!3m6!1s0x2de6e60dd1ef4f5d:0x49a0cfda0b40dfbf!8m2!3d-3.864822!4d114.6107645!16s%2Fg%2F11hcnjg1hr!19sChIJXU_v0Q3m5i0Rv99AC9rPoEk?authuser=0&hl=en&rclk=1,-3.864822,114.6107645
Angsana Beach,Kalimantan Selatan,4.3,sangat bagus,https://www.google.com/maps/place/Angsana+Beach/data=!4m7!3m6!1s0x2de626ebe1cd8b4d:0xcd2bd9049aa15ce9!8m2!3d-3.7709309!4d115.5951221!16s%2Fg%2F1q66yqxrd!19sChIJTYvN4esm5i0R6VyhmgTZK80?authuser=0&hl=en&rclk=1,-3.7709309,115.5951221
Pantai Asmara,Kalimantan Selatan,4.2,sangat bagus,https://www.google.com/maps/place/Pantai+Asmara/data=!4m7!3m6!1s0x2de652b20bf86a6b:0x76bb7706f6db65b0!8m2!3d-3.9814243!4d115.0798673!16s%2Fg%2F11dfjy8gts!19sChIJa2r4C7JS5i0RsGXb9gZ3u3Y?authuser=0&hl=en&rclk=1,-3.9814243,115.0798673
BATAKAN BEACH,Kalimantan Selatan,4.5,sangat bagus,https://www.google.com/maps/place/BATAKAN+BEACH/data=!4m7!3m6!1s0x2de71d9c5595170b:0x6bc953d389b8bd89!8m2!3d-4.0842654!4d114.6287747!16s%2Fg%2F11kx67zhsr!19sChIJCxeVVZwd5y0Rib24idNTyWs?authuser=0&hl=en&rclk=1,-4.0842654,114.6287747
Pantai Sungai Cuka,Kalimantan Selatan,4.1,sangat bagus,https://www.google.com/maps/place/Pantai+Sungai+Cuka/data=!4m7!3m6!1s0x2de630d4bc50b47b:0xba9b12fcd2902d07!8m2!3d-3.8592476!4d115.3798261!16s%2Fg%2F11c0xpq0sx!19sChIJe7RQvNQw5i0RBy2Q0vwSm7o?authuser=0&hl=en&rclk=1,-3.8592476,115.3798261
Pantai Karindangan,Kalimantan Selatan,4.3,sangat bagus,https://www.google.com/maps/place/Pantai+Karindangan/data=!4m7!3m6!1s0x2de6e92cd62137f3:0x3741ef405e1eefa7!8m2!3d-3.831334!4d114.605662!16s%2Fg%2F11lgf99tq1!19sChIJ8zch1izp5i0Rp-8eXkDvQTc?authuser=0&hl=en&rclk=1,-3.831334,114.605662
Pantai Teluk Tamiang,Kalimantan Selatan,4.5,sangat bagus,https://www.google.com/maps/place/Pantai+Teluk+Tamiang/data=!4m7!3m6!1s0x2de85da846920ac7:0x2a520d5f7b9abcae!8m2!3d-4.0471153!4d116.0506982!16s%2Fg%2F11m_cd5fnh!19sChIJxwqSRqhd6C0Rrryae18NUio?authuser=0&hl=en&rclk=1,-4.0471153,116.0506982
Pantai Pagatan,Kalimantan Selatan,4.3,sangat bagus,https://www.google.com/maps/place/Pantai+Pagatan/data=!4m7!3m6!1s0x2de8bc3b6c646375:0x123b243405a95e3e!8m2!3d-3.6125198!4d115.9326613!16s%2Fg%2F11b6wj9_gj!19sChIJdWNkbDu86C0RPl6pBTQkOxI?authuser=0&hl=en&rclk=1,-3.6125198,115.9326613
Pantai Tabanio,Kalimantan Selatan,4.4,sangat bagus,https://www.google.com/maps/place/Pantai+Tabanio/data=!4m7!3m6!1s0x2de6ebf267614583:0xc4bbebba0cb72852!8m2!3d-3.759538!4d114.6088775!16s%2Fg%2F11cn0ld54_!19sChIJg0VhZ_Lr5i0RUii3DLrru8Q?authuser=0&hl=en&rclk=1,-3.759538,114.6088775
Pantai Turki ( Tungkaran Kiri ),Kalimantan Selatan,4.1,sangat bagus,https://www.google.com/maps/place/Pantai+Turki+%28+Tungkaran+Kiri+%29/data=!4m7!3m6!1s0x2de7abba9777f67f:0x314b367cbb492ccc!8m2!3d-4.036169!4d114.964341!16s%2Fg%2F11f03xmfm2!19sChIJf_Z3l7qr5y0RzCxJu3w2SzE?authuser=0&hl=en&rclk=1,-4.036169,114.964341
Pantai Muara Kintap,Kalimantan Selatan,4.0,bagus,https://www.google.com/maps/place/Pantai+Muara+Kintap/data=!4m7!3m6!1s0x2de649beaaaaaaab:0x4a0914362d8b531e!8m2!3d-3.8958459!4d115.2844176!16s%2Fg%2F11cs1y3c37!19sChIJq6qqqr5J5i0RHlOLLTYUCUo?authuser=0&hl=en&rclk=1,-3.8958459,115.2844176
Pantai Setarap,Kalimantan Selatan,4.7,sangat bagus,https://www.google.com/maps/place/Pantai+Setarap/data=!4m7!3m6!1s0x2de6250a4ebd5073:0x82d4ab14b0d9eb75!8m2!3d-3.8000245!4d115.5181939!16s%2Fg%2F11btyrx4mx!19sChIJc1C9Tgol5i0RdevZsBSr1II?authuser=0&hl=en&rclk=1,-3.8000245,115.5181939
Pantai Kampoeng Nelayan Takisung,Kalimantan Selatan,4.6,sangat bagus,https://www.google.com/maps/place/Pantai+Kampoeng+Nelayan+Takisung/data=!4m7!3m6!1s0x2de6e7fb865ba3e7:0x68fe528c7d47fc3f!8m2!3d-3.8507261!4d114.6092027!16s%2Fg%2F11p010xy2k!19sChIJ56Nbhvvn5i0RP_xHfYxS_mg?authuser=0&hl=en&rclk=1,-3.8507261,114.6092027
Pantai Batu Buaya,Kalimantan Selatan,4.3,sangat bagus,https://www.google.com/maps/place/Pantai+Batu+Buaya/data=!4m7!3m6!1s0x2de630d4bd975ec1:0xc8efde5c6213d9e3!8m2!3d-3.859261!4d115.379979!16s%2Fg%2F11crslwx8j!19sChIJwV6XvdQw5i0R49kTYlze78g?authuser=0&hl=en&rclk=1,-3.859261,115.379979
Pantai batu lima Asbullah tmbngn,Kalimantan Selatan,4.0,bagus,https://www.google.com/maps/place/Pantai+batu+lima+Asbullah+tmbngn/data=!4m7!3m6!1s0x2de71df1af7e7e45:0x6aa635d39a59c0c6!8m2!3d-4.0061778!4d114.6348667!16s%2Fg%2F11fyzbjqsb!19sChIJRX5-r_Ed5y0RxsBZmtM1pmo?authuser=0&hl=en&rclk=1,-4.0061778,114.6348667
Pantai Jo Cemara,Kalimantan Selatan,4.2,sangat bagus,https://www.google.com/maps/place/Pantai+Jo+Cemara/data=!4m7!3m6!1s0x2de8bdbccf3917f7:0xa17e959ee70d9575!8m2!3d-3.6233808!4d115.85904!16s%2Fg%2F11tdqbk_b7!19sChIJ9xc5z7y96C0RdZUN556VfqE?authuser=0&hl=en&rclk=1,-3.6233808,115.85904
Pantai Swarangan,Kalimantan Selatan,4.0,bagus,https://www.google.com/maps/place/Pantai+Swarangan/data=!4m7!3m6!1s0x2de7aa3a4e4a3a25:0x989580bc0115fd70!8m2!3d-4.0514243!4d114.9373917!16s%2Fg%2F1232pjh4!19sChIJJTpKTjqq5y0RcP0VAbyAlZg?authuser=0&hl=en&rclk=1,-4.0514243,114.9373917
Pantai Indah Lestari,Kalimantan Selatan,4.3,sangat bagus,https://www.google.com/maps/place/Pantai+Indah+Lestari/data=!4m7!3m6!1s0x2de8a27bd8cd4d45:0x3a23b0b9664cd0ce!8m2!3d-3.6604337!4d115.797087!16s%2Fg%2F11g6ytc0rg!19sChIJRU3N2Hui6C0RztBMZrmwIzo?authuser=0&hl=en&rclk=1,-3.6604337,115.797087
Pantai Tanjung Dewa,Kalimantan Selatan,4.3,sangat bagus,https://www.google.com/maps/place/Pantai+Tanjung+Dewa/data=!4m7!3m6!1s0x2de71d8a424f2325:0xe31888491e602fb1!8m2!3d-4.0648567!4d114.6279662!16s%2Fg%2F11l5dxyf_v!19sChIJJSNPQood5y0RsS9gHkmIGOM?authuser=0&hl=en&rclk=1,-4.0648567,114.6279662
Penginapan Pantai Batakan,Kalimantan Selatan,4.0,bagus,https://www.google.com/maps/place/Penginapan+Pantai+Batakan/data=!4m7!3m6!1s0x2de71bdcbb4913a3:0xf34d2e5faa00dde!8m2!3d-4.096656!4d114.6305841!16s%2Fg%2F121dpmgw!19sChIJoxNJu9wb5y0R3g2g-uXSNA8?authuser=0&hl=en&rclk=1,-4.096656,114.6305841
Pantai Madani Tanjung Batu,Kalimantan Selatan,3.9,bagus,https://www.google.com/maps/place/Pantai+Madani+Tanjung+Batu/data=!4m7!3m6!1s0x2de8a27ba11d375b:0x70aae2d0098f778b!8m2!3d-3.6583819!4d115.7972231!16s%2Fg%2F11fxz_nkpl!19sChIJWzcdoXui6C0Ri3ePCdDiqnA?authuser=0&hl=en&rclk=1,-3.6583819,115.7972231
Pantai SWARANGAN,Kalimantan Selatan,4.2,sangat bagus,https://www.google.com/maps/place/Pantai+SWARANGAN/data=!4m7!3m6!1s0x2de7abb4051b8b29:0x67a8876c416c88f6!8m2!3d-4.0402503!4d114.9570396!16s%2Fg%2F11c4nhp22j!19sChIJKYsbBbSr5y0R9ohsQWyHqGc?authuser=0&hl=en&rclk=1,-4.0402503,114.9570396
Pantai Sungai Pampan,Kalimantan Selatan,4.6,sangat bagus,https://www.google.com/maps/place/Pantai+Sungai+Pampan/data=!4m7!3m6!1s0x2de7ac9a6753b071:0xc6a4c3c394d205c4!8m2!3d-4.0120606!4d115.0095592!16s%2Fg%2F11g9dk5ws8!19sChIJcbBTZ5qs5y0RxAXSlMPDpMY?authuser=0&hl=en&rclk=1,-4.0120606,115.0095592
Pantai Batakan Lama,Kalimantan Selatan,4.6,sangat bagus,https://www.google.com/maps/place/Pantai+Batakan+Lama/data=!4m7!3m6!1s0x2de71bbe42c9cb25:0xe9c56336f31cc02d!8m2!3d-4.0969052!4d114.6289179!16s%2Fg%2F11q8syg5h5!19sChIJJcvJQr4b5y0RLcAc8zZjxek?authuser=0&hl=en&rclk=1,-4.0969052,114.6289179
Pantai Bubuhan,Kalimantan Selatan,4.3,sangat bagus,https://www.google.com/maps/place/Pantai+Bubuhan/data=!4m7!3m6!1s0x2de8a301239775a3:0x1c53853d6b902fb9!8m2!3d-3.6335331!4d115.8302458!16s%2Fg%2F11mqfljq5k!19sChIJo3WXIwGj6C0RuS-Qaz2FUxw?authuser=0&hl=en&rclk=1,-3.6335331,115.8302458
Pantai Sungai Lohan,Kalimantan Selatan,4.4,sangat bagus,https://www.google.com/maps/place/Pantai+Sungai+Lohan/data=!4m7!3m6!1s0x2de8a28a369d16fb:0x798644d5a10b23ee!8m2!3d-3.6335635!4d115.8315551!16s%2Fg%2F11bw1_8p29!19sChIJ-xadNoqi6C0R7iMLodVEhnk?authuser=0&hl=en&rclk=1,-3.6335635,115.8315551
Pantai Bawah Layung,Kalimantan Selatan,3.9,bagus,https://www.google.com/maps/place/Pantai+Bawah+Layung/data=!4m7!3m6!1s0x2de693620ca4d0d7:0xec06e23e10243d95!8m2!3d-3.6763149!4d114.6197052!16s%2Fg%2F11hbpkb5k3!19sChIJ19CkDGKT5i0RlT0kED7iBuw?authuser=0&hl=en&rclk=1,-3.6763149,114.6197052
Pantai Muara Indah,Kalimantan Selatan,4.5,sangat bagus,https://www.google.com/maps/place/Pantai+Muara+Indah/data=!4m7!3m6!1s0x2de6e9d97cc42d71:0xdec65b092526b1a9!8m2!3d-3.7955634!4d114.6071129!16s%2Fg%2F11v68ct9gt!19sChIJcS3EfNnp5i0RqbEmJQlbxt4?authuser=0&hl=en&rclk=1,-3.7955634,114.6071129
Pantai Bunati,Kalimantan Selatan,4.2,sangat bagus,https://www.google.com/maps/place/Pantai+Bunati/data=!4m7!3m6!1s0x2de62724cc0725c7:0x7cbfcde158b4bcf1!8m2!3d-3.7566351!4d115.6269696!16s%2Fg%2F11gd1rwn_h!19sChIJxyUHzCQn5i0R8by0WOHNv3w?authuser=0&hl=en&rclk=1,-3.7566351,115.6269696
Rental Atv Pantai Batakan Baru,Kalimantan Selatan,4.3,sangat bagus,https://www.google.com/maps/place/Rental+Atv+Pantai+Batakan+Baru/data=!4m7!3m6!1s0x2de71b612609abf1:0x9eab45a4f49d3bbd!8m2!3d-4.0852189!4d114.6286618!16s%2Fg%2F11qh5kb_1t!19sChIJ8asJJmEb5y0RvTud9KRFq54?authuser=0&hl=en&rclk=1,-4.0852189,114.6286618
Objek Wisata Teluk Jagung Kotabaru kalimantan selatan,Kalimantan Selatan,4.4,sangat bagus,https://www.google.com/maps/place/Objek+Wisata+Teluk+Jagung+Kotabaru+kalimantan+selatan/data=!4m7!3m6!1s0x2de85e1db33f4421:0x6353898bc85718a7!8m2!3d-4.0121241!4d116.0441637!16s%2Fg%2F11dz1xyrtz!19sChIJIUQ_sx1e6C0RpxhXyIuJU2M?authuser=0&hl=en&rclk=1,-4.0121241,116.0441637
Pantai Pandansari,Kalimantan Selatan,4.3,sangat bagus,https://www.google.com/maps/place/Pantai+Pandansari/data=!4m7!3m6!1s0x2de64d89c7b678b1:0xe246bdb9ac6de41d!8m2!3d-3.9396156!4d115.1815723!16s%2Fg%2F11k6xz42ny!19sChIJsXi2x4lN5i0RHeRtrLm9RuI?authuser=0&hl=en&rclk=1,-3.9396156,115.1815723
Pantai Gadambaan,Kalimantan Selatan,4.3,sangat bagus,https://www.google.com/maps/place/Pantai+Gadambaan/data=!4m7!3m6!1s0x2def2e64027661db:0xb53a97696504151f!8m2!3d-3.2842331!4d116.2691835!16s%2Fg%2F11c3293yw2!19sChIJ22F2AmQu7y0RHxUEZWmXOrU?authuser=0&hl=en&rclk=1,-3.2842331,116.2691835
Pantai Sungai Bakung,Kalimantan Selatan,4.5,sangat bagus,https://www.google.com/maps/place/Pantai+Sungai+Bakung/data=!4m7!3m6!1s0x2de6ede392073981:0x6eeedaa5381c1db9!8m2!3d-3.7274204!4d114.6197004!16s%2Fg%2F11k97qhszc!19sChIJgTkHkuPt5i0RuR0cOKXa7m4?authuser=0&hl=en&rclk=1,-3.7274204,114.6197004
Pantai Gusunge,Kalimantan Selatan,4.0,bagus,https://www.google.com/maps/place/Pantai+Gusunge/data=!4m7!3m6!1s0x2de8bc44332e3067:0x1853f59148663a04!8m2!3d-3.6131525!4d115.9162669!16s%2Fg%2F11hbr7r7fc!19sChIJZzAuM0S86C0RBDpmSJH1Uxg?authuser=0&hl=en&rclk=1,-3.6131525,115.9162669
Wisata Pantai Teluk Gosong,Kalimantan Selatan,4.7,sangat bagus,https://www.google.com/maps/place/Wisata+Pantai+Teluk+Gosong/data=!4m7!3m6!1s0x2def2d6a9ad6319b:0x362bed66cbff47c1!8m2!3d-3.3270819!4d116.2633324!16s%2Fg%2F11nxsvh9y6!19sChIJmzHWmmot7y0RwUf_y2btKzY?authuser=0&hl=en&rclk=1,-3.3270819,116.2633324
Pantai puting belayung,Kalimantan Selatan,4.4,sangat bagus,https://www.google.com/maps/place/Pantai+puting+belayung/data=!4m7!3m6!1s0x2de6e3fdf13704e3:0x6683906d5eba3406!8m2!3d-3.929871!4d114.619698!16s%2Fg%2F11gcnlfrjq!19sChIJ4wQ38f3j5i0RBjS6Xm2Qg2Y?authuser=0&hl=en&rclk=1,-3.929871,114.619698
Pantai Satui barat,Kalimantan Selatan,4.5,sangat bagus,https://www.google.com/maps/place/Pantai+Satui+barat/data=!4m7!3m6!1s0x2de625dda2d6a45f:0xf31510a236ee3cc9!8m2!3d-3.8126225!4d115.4785492!16s%2Fg%2F11lgrn39bs!19sChIJX6TWot0l5i0RyTzuNqIQFfM?authuser=0&hl=en&rclk=1,-3.8126225,115.4785492
PANTAI CEMARA 2 MUARA KINTAP,Kalimantan Selatan,4.0,bagus,https://www.google.com/maps/place/PANTAI+CEMARA+2+MUARA+KINTAP/data=!4m7!3m6!1s0x2de649f633fdc6e3:0x5795905c8146a0ce!8m2!3d-3.9033095!4d115.2681617!16s%2Fg%2F11dym9mzs2!19sChIJ48b9M_ZJ5i0RzqBGgVyQlVc?authuser=0&hl=en&rclk=1,-3.9033095,115.2681617
Pantai Tanjung Kunyit,Kalimantan Selatan,4.6,sangat bagus,https://www.google.com/maps/place/Pantai+Tanjung+Kunyit/data=!4m7!3m6!1s0x2de85d709cb60e1d:0x6561ee2b30b3bb10!8m2!3d-4.0773261!4d116.0470887!16s%2Fg%2F11rr_z2nj_!19sChIJHQ62nHBd6C0RELuzMCvuYWU?authuser=0&hl=en&rclk=1,-4.0773261,116.0470887
Wisata Pantai Cemara Indah ( Pulau Salak ),Kalimantan Selatan,4.2,sangat bagus,https://www.google.com/maps/place/Wisata+Pantai+Cemara+Indah+%28+Pulau+Salak+%29/data=!4m7!3m6!1s0x2de8bcd908600c6d:0xf3d8d182e8b5943f!8m2!3d-3.6209352!4d115.8698325!16s%2Fg%2F11b7yn_ghp!19sChIJbQxgCNm86C0RP5S16ILR2PM?authuser=0&hl=en&rclk=1,-3.6209352,115.8698325
Pantai setarap bugis,Kalimantan Selatan,4.9,sangat bagus,https://www.google.com/maps/place/Pantai+setarap+bugis/data=!4m7!3m6!1s0x2de62587961fd5db:0x36f909c9bdb4c7eb!8m2!3d-3.7923187!4d115.5354452!16s%2Fg%2F11pz7r5_0z!19sChIJ29Uflocl5i0R68e0vckJ-TY?authuser=0&hl=en&rclk=1,-3.7923187,115.5354452
Pantai Sebanti,Kalimantan Selatan,4.5,sangat bagus,https://www.google.com/maps/place/Pantai+Sebanti/data=!4m7!3m6!1s0x2de8f5cbdd12d5f1:0xcc0aded040076a75!8m2!3d-3.950527!4d116.0656153!16s%2Fg%2F11pdxfffgt!19sChIJ8dUS3cv16C0RdWoHQNDeCsw?authuser=0&hl=en&rclk=1,-3.950527,116.0656153
Pantai Marina Mekar Sari Kintap,Kalimantan Selatan,4.5,sangat bagus,https://www.google.com/maps/place/Pantai+Marina+Mekar+Sari+Kintap/data=!4m7!3m6!1s0x2de636f0d5c2ed03:0x62c80ec12289ea42!8m2!3d-3.8760231!4d115.3374107!16s%2Fg%2F11f3bd3hnp!19sChIJA-3C1fA25i0RQuqJIsEOyGI?authuser=0&hl=en&rclk=1,-3.8760231,115.3374107
Pantai Sungai Bakau,Kalimantan Selatan,4.0,bagus,https://www.google.com/maps/place/Pantai+Sungai+Bakau/data=!4m7!3m6!1s0x2de6eb0eaa32c12b:0x779c8a9fba0eee9c!8m2!3d-3.7232796!4d114.618862!16s%2Fg%2F11t17tvr58!19sChIJK8Eyqg7r5i0RnO4Oup-KnHc?authuser=0&hl=en&rclk=1,-3.7232796,114.618862
Pantai angsana,Kalimantan Selatan,4.7,sangat bagus,https://www.google.com/maps/place/Pantai+angsana/data=!4m7!3m6!1s0x2de627c8a5a5db2f:0x280fb2406fb651ed!8m2!3d-3.7719753!4d115.5874978!16s%2Fg%2F11h57lcvny!19sChIJL9ulpcgn5i0R7VG2b0CyDyg?authuser=0&hl=en&rclk=1,-3.7719753,115.5874978
Pantai Tanjung Mahkota,Kalimantan Selatan,4.6,sangat bagus,https://www.google.com/maps/place/Pantai+Tanjung+Mahkota/data=!4m7!3m6!1s0x2def03b09983685b:0x4f85907daf883284!8m2!3d-2.8719692!4d116.3609383!16s%2Fg%2F11g71cbdqs!19sChIJW2iDmbAD7y0RhDKIr32QhU8?authuser=0&hl=en&rclk=1,-2.8719692,116.3609383
Pantai Gedambaan,Kalimantan Selatan,4.7,sangat bagus,https://www.google.com/maps/place/Pantai+Gedambaan/data=!4m7!3m6!1s0x2def2ff306aecce5:0x7476caff5f861384!8m2!3d-3.2842331!4d116.2691835!16s%2Fg%2F11qh38fs68!19sChIJ5cyuBvMv7y0RhBOGX__KdnQ?authuser=0&hl=en&rclk=1,-3.2842331,116.2691835
Pantai Sambega,Kalimantan Selatan,4.7,sangat bagus,https://www.google.com/maps/place/Pantai+Sambega/data=!4m7!3m6!1s0x2de8bf2a2ad170bf:0x5252282dc95a5547!8m2!3d-3.6258452!4d116.0103196!16s%2Fg%2F11t2sj_08l!19sChIJv3DRKiq_6C0RR1VayS0oUlI?authuser=0&hl=en&rclk=1,-3.6258452,116.0103196
Pantai Teluk Bakau,Kalimantan Selatan,4.6,sangat bagus,https://www.google.com/maps/place/Pantai+Teluk+Bakau/data=!4m7!3m6!1s0x2def2d367b42f409:0xcdaf0448a4c328e3!8m2!3d-3.3067186!4d116.265171!16s%2Fg%2F11rzrqxzmb!19sChIJCfRCezYt7y0R4yjDpEgEr80?authuser=0&hl=en&rclk=1,-3.3067186,116.265171
Melawai Beach,Kalimantan Timur,4.5,sangat bagus,https://www.google.com/maps/place/Melawai+Beach/data=!4m7!3m6!1s0x2df1475b5204db5d:0xbd89f03e103910b3!8m2!3d-1.2787925!4d116.8100665!16s%2Fg%2F11b6hvcq94!19sChIJXdsEUltH8S0RsxA5ED7wib0?authuser=0&hl=en&rclk=1,-1.2787925,116.8100665
Pantai Sekerat,Kalimantan Timur,4.2,sangat bagus,https://www.google.com/maps/place/Pantai+Sekerat/data=!4m7!3m6!1s0x320ba2589753bfdf:0xeff00dcee48164dd!8m2!3d0.7788516!4d117.7850075!16s%2Fg%2F11bz0wdtcf!19sChIJ379Tl1iiCzIR3WSB5M4N8O8?authuser=0&hl=en&rclk=1,0.7788516,117.7850075
Pantai Pelangi,Kalimantan Timur,4.1,sangat bagus,https://www.google.com/maps/place/Pantai+Pelangi/data=!4m7!3m6!1s0x2df5e904c371a519:0x9756290b3dc1860e!8m2!3d-0.2250676!4d117.4165793!16s%2Fg%2F12h2t4f_7!19sChIJGaVxwwTp9S0RDobBPQspVpc?authuser=0&hl=en&rclk=1,-0.2250676,117.4165793
Pantai Teluk Lombok,Kalimantan Timur,4.0,bagus,https://www.google.com/maps/place/Pantai+Teluk+Lombok/data=!4m7!3m6!1s0x320a47ed72b292ab:0x1e8ace103ee51acb!8m2!3d0.3840197!4d117.5627835!16s%2Fg%2F11b6wng70l!19sChIJq5Kycu1HCjIRyxrlPhDOih4?authuser=0&hl=en&rclk=1,0.3840197,117.5627835
Pantai Ambalat Samboja,Kalimantan Timur,4.4,sangat bagus,https://www.google.com/maps/place/Pantai+Ambalat+Samboja/data=!4m7!3m6!1s0x2df153b10193ac37:0xa3fe814d075a96dc!8m2!3d-1.1248784!4d117.0410214!16s%2Fg%2F11bw1pq9kr!19sChIJN6yTAbFT8S0R3JZaB02B_qM?authuser=0&hl=en&rclk=1,-1.1248784,117.0410214
Kersik Blue Beach,Kalimantan Timur,4.1,sangat bagus,https://www.google.com/maps/place/Kersik+Blue+Beach/data=!4m7!3m6!1s0x2df5f479e62b71d7:0x6e7b202e80bb50e1!8m2!3d-0.0622383!4d117.4903116!16s%2Fg%2F11btvb75pm!19sChIJ13Er5nn09S0R4VC7gC4ge24?authuser=0&hl=en&rclk=1,-0.0622383,117.4903116
Pantai Tanah Merah Tanjung Harapan,Kalimantan Timur,4.4,sangat bagus,https://www.google.com/maps/place/Pantai+Tanah+Merah+Tanjung+Harapan/data=!4m7!3m6!1s0x2df6ab735b908dff:0x774f7840679eb1aa!8m2!3d-1.0491887!4d117.1017607!16s%2Fg%2F11b7c8mp3p!19sChIJ_42QW3Or9i0RqrGeZ0B4T3c?authuser=0&hl=en&rclk=1,-1.0491887,117.1017607
Pantai Nipah-Nipah,Kalimantan Timur,4.3,sangat bagus,https://www.google.com/maps/place/Pantai+Nipah-Nipah/data=!4m7!3m6!1s0x2df13f2fc4cc79df:0xa3fd46179f35a69e!8m2!3d-1.296129!4d116.7606293!16s%2Fg%2F11b826pd4y!19sChIJ33nMxC8_8S0RnqY1nxdG_aM?authuser=0&hl=en&rclk=1,-1.296129,116.7606293
Pantai tanjung jumlai,Kalimantan Timur,4.2,sangat bagus,https://www.google.com/maps/place/Pantai+tanjung+jumlai/data=!4m7!3m6!1s0x2df11677f71cc5f5:0x4c2b0d20f31b4b5b!8m2!3d-1.3845328!4d116.7015896!16s%2Fg%2F11ddx40kyf!19sChIJ9cUc93cW8S0RW0sb8yANK0w?authuser=0&hl=en&rclk=1,-1.3845328,116.7015896
"Pantai Pasir Putih, Desa Paser Mayang, Kalimantan Timur",Kalimantan Timur,4.1,sangat bagus,"https://www.google.com/maps/place/Pantai+Pasir+Putih,+Desa+Paser+Mayang,+Kalimantan+Timur/data=!4m7!3m6!1s0x2df05ab70c4fe7a7:0xc1f715aa0697dd68!8m2!3d-1.7763573!4d116.2103017!16s%2Fg%2F11hckqkq3r!19sChIJp-dPDLda8C0RaN2XBqoV98E?authuser=0&hl=en&rclk=1",-1.7763573,116.2103017
Pantai Biduk Biduk,Kalimantan Timur,4.5,sangat bagus,https://www.google.com/maps/place/Pantai+Biduk+Biduk/data=!4m7!3m6!1s0x32734c99ab4063dd:0x66574585187cc57f!8m2!3d1.2596409!4d118.6994718!16s%2Fg%2F11g9n104pn!19sChIJ3WNAq5lMczIRf8V8GIVFV2Y?authuser=0&hl=en&rclk=1,1.2596409,118.6994718
Monpera Beach,Kalimantan Timur,4.3,sangat bagus,https://www.google.com/maps/place/Monpera+Beach/data=!4m7!3m6!1s0x2df147378e8bf761:0x1611058c17e8c0c9!8m2!3d-1.2798078!4d116.8219289!16s%2Fg%2F1hm2ykrzg!19sChIJYfeLjjdH8S0RycDoF4wFERY?authuser=0&hl=en&rclk=1,-1.2798078,116.8219289
Pantai Pamedas,Kalimantan Timur,4.1,sangat bagus,https://www.google.com/maps/place/Pantai+Pamedas/data=!4m7!3m6!1s0x2df6a99a5c92d7a7:0x58093b9da0d85014!8m2!3d-0.9998096!4d117.1345476!16s%2Fg%2F11c0pzckw1!19sChIJp9eSXJqp9i0RFFDYoJ07CVg?authuser=0&hl=en&rclk=1,-0.9998096,117.1345476
Pantai Kenyamukan,Kalimantan Timur,4.0,bagus,https://www.google.com/maps/place/Pantai+Kenyamukan/data=!4m7!3m6!1s0x320a4bb6d1bed27d:0x4392512c524a0d23!8m2!3d0.4873119!4d117.6052378!16s%2Fg%2F11bw4tl5zd!19sChIJfdK-0bZLCjIRIw1KUixRkkM?authuser=0&hl=en&rclk=1,0.4873119,117.6052378
Pantai Kuala,Kalimantan Timur,4.3,sangat bagus,https://www.google.com/maps/place/Pantai+Kuala/data=!4m7!3m6!1s0x2df6abc8d7148b17:0x3828b356d9b7cb90!8m2!3d-1.023804!4d117.1173929!16s%2Fg%2F11f_pz9w2l!19sChIJF4sU18ir9i0RkMu32VazKDg?authuser=0&hl=en&rclk=1,-1.023804,117.1173929
Pantai TPI Tanjung Batu,Kalimantan Timur,4.5,sangat bagus,https://www.google.com/maps/place/Pantai+TPI+Tanjung+Batu/data=!4m7!3m6!1s0x2df5f3cc1b41ee57:0xda1d7cffb56d89ee!8m2!3d-0.0955935!4d117.472435!16s%2Fg%2F11c5sx43nw!19sChIJV-5BG8zz9S0R7olttf98Hdo?authuser=0&hl=en&rclk=1,-0.0955935,117.472435
Pantai Samberah,Kalimantan Timur,3.7,bagus,https://www.google.com/maps/place/Pantai+Samberah/data=!4m7!3m6!1s0x2df5e9b6db162705:0x9719e4f1c5d6236a!8m2!3d-0.2457751!4d117.4168184!16s%2Fg%2F11c5500z7d!19sChIJBScW27bp9S0RaiPWxfHkGZc?authuser=0&hl=en&rclk=1,-0.2457751,117.4168184
Pantai Panrita Lopi,Kalimantan Timur,4.5,sangat bagus,https://www.google.com/maps/place/Pantai+Panrita+Lopi/data=!4m7!3m6!1s0x2df5e94694886023:0x35cc4a199a352418!8m2!3d-0.2104433!4d117.4367227!16s%2Fg%2F11g9qftftv!19sChIJI2CIlEbp9S0RGCQ1mhlKzDU?authuser=0&hl=en&rclk=1,-0.2104433,117.4367227
Pantai Indah Teluk Kaba Kaltim Indonesia,Kalimantan Timur,4.2,sangat bagus,https://www.google.com/maps/place/Pantai+Indah+Teluk+Kaba+Kaltim+Indonesia/data=!4m7!3m6!1s0x320a3e8b1d2df7db:0x6de8e7cc8ac412a0!8m2!3d0.3160878!4d117.5236486!16s%2Fg%2F11bwrshbmc!19sChIJ2_ctHYs-CjIRoBLEiszn6G0?authuser=0&hl=en&rclk=1,0.3160878,117.5236486
Teluk Lombok,Kalimantan Timur,4.0,bagus,https://www.google.com/maps/place/Teluk+Lombok/data=!4m7!3m6!1s0x320a47840ccd6fc5:0xce3c568662f4b259!8m2!3d0.3702549!4d117.5569138!16s%2Fg%2F11b6mcvh5v!19sChIJxW_NDIRHCjIRWbL0YoZWPM4?authuser=0&hl=en&rclk=1,0.3702549,117.5569138
Pantai Istana Amal Penajam,Kalimantan Timur,4.4,sangat bagus,https://www.google.com/maps/place/Pantai+Istana+Amal+Penajam/data=!4m7!3m6!1s0x2df1399ac5d84c93:0x1860b4088127146!8m2!3d-1.2715376!4d116.7656118!16s%2Fg%2F11j6qzqxsf!19sChIJk0zYxZo58S0RRnESiEALhgE?authuser=0&hl=en&rclk=1,-1.2715376,116.7656118
"Pantai Kemala, Kalimantan Timur",Kalimantan Timur,4.4,sangat bagus,"https://www.google.com/maps/place/Pantai+Kemala,+Kalimantan+Timur/data=!4m7!3m6!1s0x2df14748c4554b4b:0x63928fb8e11c567a!8m2!3d-1.2811536!4d116.8153803!16s%2Fg%2F11g8xjtb5r!19sChIJS0tVxEhH8S0RelYc4biPkmM?authuser=0&hl=en&rclk=1",-1.2811536,116.8153803
Pantai Sepinggan Balikpapan,Kalimantan Timur,4.2,sangat bagus,https://www.google.com/maps/place/Pantai+Sepinggan+Balikpapan/data=!4m7!3m6!1s0x2df144386eb3e179:0x7df30ada76e1c1d4!8m2!3d-1.2627269!4d116.9135082!16s%2Fg%2F11c5fykpfq!19sChIJeeGzbjhE8S0R1MHhdtoK830?authuser=0&hl=en&rclk=1,-1.2627269,116.9135082
pantai cemara,Kalimantan Timur,4.5,sangat bagus,https://www.google.com/maps/place/pantai+cemara/data=!4m7!3m6!1s0x2df145539c8403b1:0x94933bb63db7217e!8m2!3d-1.2251018!4d116.9704639!16s%2Fg%2F11rtw7brvy!19sChIJsQOEnFNF8S0RfiG3PbY7k5Q?authuser=0&hl=en&rclk=1,-1.2251018,116.9704639
Pantai Corong,Kalimantan Timur,4.1,sangat bagus,https://www.google.com/maps/place/Pantai+Corong/data=!4m7!3m6!1s0x2df1171d3e2e73dd:0xacfb9ca648821e51!8m2!3d-1.4036667!4d116.6536521!16s%2Fg%2F11c3183nr8!19sChIJ3XMuPh0X8S0RUR6CSKac-6w?authuser=0&hl=en&rclk=1,-1.4036667,116.6536521
Pantai Jingga,Kalimantan Timur,4.3,sangat bagus,https://www.google.com/maps/place/Pantai+Jingga/data=!4m7!3m6!1s0x2df5e910da2dfe03:0xb74ff9d0c52ed256!8m2!3d-0.2206993!4d117.4229227!16s%2Fg%2F11d_8809xy!19sChIJA_4t2hDp9S0RVtIuxdD5T7c?authuser=0&hl=en&rclk=1,-0.2206993,117.4229227
"Pantai Semangkok ""Tanjung Batu""",Kalimantan Timur,4.7,sangat bagus,https://www.google.com/maps/place/Pantai+Semangkok+%22Tanjung+Batu%22/data=!4m7!3m6!1s0x2df5f3cec54d041f:0xa72ce55ab77b408f!8m2!3d-0.0937344!4d117.4724675!16s%2Fg%2F11c2pmbb35!19sChIJHwRNxc7z9S0Rj0B7t1rlLKc?authuser=0&hl=en&rclk=1,-0.0937344,117.4724675
BSB Beach,Kalimantan Timur,4.6,sangat bagus,https://www.google.com/maps/place/BSB+Beach/data=!4m7!3m6!1s0x2df1471eb91079ff:0x83cc1a39d1ea0aa7!8m2!3d-1.2750459!4d116.8564008!16s%2Fg%2F11q2w08g7m!19sChIJ_3kQuR5H8S0Rpwrq0TkazIM?authuser=0&hl=en&rclk=1,-1.2750459,116.8564008
Pantai Wisata Lamaru Balikpapan,Kalimantan Timur,4.6,sangat bagus,https://www.google.com/maps/place/Pantai+Wisata+Lamaru+Balikpapan/data=!4m7!3m6!1s0x2df15185acd7b115:0xd04750a15317e029!8m2!3d-1.1929375!4d117.0046875!16s%2Fg%2F11sfxnxb_1!19sChIJFbHXrIVR8S0RKeAXU6FQR9A?authuser=0&hl=en&rclk=1,-1.1929375,117.0046875
Pantai Pasir Putih Teluk Singkama,Kalimantan Timur,4.3,sangat bagus,https://www.google.com/maps/place/Pantai+Pasir+Putih+Teluk+Singkama/data=!4m7!3m6!1s0x320a3fd6a3cab0fb:0x1aeddbbcf03bef31!8m2!3d0.322256!4d117.545676!16s%2Fg%2F11gyy9l82w!19sChIJ-7DKo9Y_CjIRMe878Lzb7Ro?authuser=0&hl=en&rclk=1,0.322256,117.545676
Watu Beach Lamaru,Kalimantan Timur,4.6,sangat bagus,https://www.google.com/maps/place/Watu+Beach+Lamaru/data=!4m7!3m6!1s0x2df151c21d57605f:0xefb9a2ef46088298!8m2!3d-1.1970576!4d117.0022787!16s%2Fg%2F11k583jctc!19sChIJX2BXHcJR8S0RmIIIRu-iue8?authuser=0&hl=en&rclk=1,-1.1970576,117.0022787
Pantai Indah Kurma,Kalimantan Timur,4.2,sangat bagus,https://www.google.com/maps/place/Pantai+Indah+Kurma/data=!4m7!3m6!1s0x2df5e94da1aa5863:0xdd1e1cf21e71416c!8m2!3d-0.2014281!4d117.4422484!16s%2Fg%2F11c30x8dsf!19sChIJY1iqoU3p9S0RbEFxHvIcHt0?authuser=0&hl=en&rclk=1,-0.2014281,117.4422484
Manggar Beach,Kalimantan Timur,4.4,sangat bagus,https://www.google.com/maps/place/Manggar+Beach/data=!4m7!3m6!1s0x2df14f816ad571b5:0xacb7c2e8d6cfbd97!8m2!3d-1.21281!4d116.9813748!16s%2Fg%2F11ny4gtqx1!19sChIJtXHVaoFP8S0Rl73P1ujCt6w?authuser=0&hl=en&rclk=1,-1.21281,116.9813748
Pantai Serumpun,Kalimantan Timur,4.3,sangat bagus,https://www.google.com/maps/place/Pantai+Serumpun/data=!4m7!3m6!1s0x2df151b4dc6d7c2d:0x7471685c6a332724!8m2!3d-1.1820139!4d117.0122004!16s%2Fg%2F11c7s6_x5x!19sChIJLXxt3LRR8S0RJCczalxocXQ?authuser=0&hl=en&rclk=1,-1.1820139,117.0122004
Pantai Mutiara Indah Pangempang Muara Badak,Kalimantan Timur,4.2,sangat bagus,https://www.google.com/maps/place/Pantai+Mutiara+Indah+Pangempang+Muara+Badak/data=!4m7!3m6!1s0x2df5e9411e87f34f:0x63fa854a08a9b3b7!8m2!3d-0.2129837!4d117.4352673!16s%2Fg%2F11d_bg3wtp!19sChIJT_OHHkHp9S0Rt7OpCEqF-mM?authuser=0&hl=en&rclk=1,-0.2129837,117.4352673
Pantai Coconut Beach,Kalimantan Timur,4.6,sangat bagus,https://www.google.com/maps/place/Pantai+Coconut+Beach/data=!4m7!3m6!1s0x2df6a9c3c27e41b7:0x1d610affbcc76b6d!8m2!3d-1.0047203!4d117.1310949!16s%2Fg%2F11jdxjf6rq!19sChIJt0F-wsOp9i0RbWvHvP8KYR0?authuser=0&hl=en&rclk=1,-1.0047203,117.1310949
Tanjung Bayur Beach,Kalimantan Timur,4.5,sangat bagus,https://www.google.com/maps/place/Tanjung+Bayur+Beach/data=!4m7!3m6!1s0x2df151f5b24e94bf:0x2059bf0bb1285276!8m2!3d-1.178379!4d117.0128742!16s%2Fg%2F11nh0gj_6h!19sChIJv5ROsvVR8S0RdlIosQu_WSA?authuser=0&hl=en&rclk=1,-1.178379,117.0128742
Pantai Senipah,Kalimantan Timur,4.5,sangat bagus,https://www.google.com/maps/place/Pantai+Senipah/data=!4m7!3m6!1s0x2df4031e3f9df223:0x6713824592df17d8!8m2!3d-0.9483037!4d117.1737824!16s%2Fg%2F11sqt306bt!19sChIJI_KdPx4D9C0R2BffkkWCE2c?authuser=0&hl=en&rclk=1,-0.9483037,117.1737824
Pantai Long Beach,Kalimantan Timur,4.3,sangat bagus,https://www.google.com/maps/place/Pantai+Long+Beach/data=!4m7!3m6!1s0x2df5c3571b2863c3:0x5a8699275f84a6b0!8m2!3d-0.3016482!4d117.4462764!16s%2Fg%2F11nfq9llmg!19sChIJw2MoG1fD9S0RsKaEXyeZhlo?authuser=0&hl=en&rclk=1,-0.3016482,117.4462764
Wisata pantai teluk lingga sangatta,Kalimantan Timur,4.2,sangat bagus,https://www.google.com/maps/place/Wisata+pantai+teluk+lingga+sangatta/data=!4m7!3m6!1s0x320a4b4ca078fd61:0x50b4cd3d943bf60e!8m2!3d0.5047591!4d117.6205399!16s%2Fg%2F11ty7ckbfc!19sChIJYf14oExLCjIRDvY7lD3NtFA?authuser=0&hl=en&rclk=1,0.5047591,117.6205399
PANTAI TANJUNG JUMLAI,Kalimantan Timur,4.5,sangat bagus,https://www.google.com/maps/place/PANTAI+TANJUNG+JUMLAI/data=!4m7!3m6!1s0x2df117e6d0eaba85:0xfcc63a1f07658fb5!8m2!3d-1.3844605!4d116.7018407!16s%2Fg%2F11rkyktcdj!19sChIJhbrq0OYX8S0RtY9lBx86xvw?authuser=0&hl=en&rclk=1,-1.3844605,116.7018407
Pantai Nelayan Balikpapan,Kalimantan Timur,4.3,sangat bagus,https://www.google.com/maps/place/Pantai+Nelayan+Balikpapan/data=!4m7!3m6!1s0x2df1453b7c097b6d:0x83b580f945128244!8m2!3d-1.2244626!4d116.9717883!16s%2Fg%2F11q9tdk9qp!19sChIJbXsJfDtF8S0RRIISRfmAtYM?authuser=0&hl=en&rclk=1,-1.2244626,116.9717883
Swadaya Beach,Kalimantan Timur,4.5,sangat bagus,https://www.google.com/maps/place/Swadaya+Beach/data=!4m7!3m6!1s0x2df151ca8cf52791:0x2f77fe046ee53867!8m2!3d-1.1821916!4d117.012121!16s%2Fg%2F11m_p3qntr!19sChIJkSf1jMpR8S0RZzjlbgT-dy8?authuser=0&hl=en&rclk=1,-1.1821916,117.012121
Pantai Lamin,Kalimantan Timur,4.7,sangat bagus,https://www.google.com/maps/place/Pantai+Lamin/data=!4m7!3m6!1s0x327357152cc13085:0x3ef312a6f95c687f!8m2!3d1.0833182!4d118.8297119!16s%2Fg%2F11s9d9fp0q!19sChIJhTDBLBVXczIRf2hc-aYS8z4?authuser=0&hl=en&rclk=1,1.0833182,118.8297119
Pantai Seraya Balikpapan,Kalimantan Timur,4.5,sangat bagus,https://www.google.com/maps/place/Pantai+Seraya+Balikpapan/data=!4m7!3m6!1s0x2df145baf2759bb1:0xa837195ef0d37480!8m2!3d-1.2627384!4d116.9134311!16s%2Fg%2F11j0w83093!19sChIJsZt18rpF8S0RgHTT8F4ZN6g?authuser=0&hl=en&rclk=1,-1.2627384,116.9134311
Marang Kaliorang Beach,Kalimantan Timur,4.3,sangat bagus,https://www.google.com/maps/place/Marang+Kaliorang+Beach/data=!4m7!3m6!1s0x320b9f5cc6e35731:0x9fc35f174a5fdd31!8m2!3d0.8310272!4d117.8963082!16s%2Fg%2F11qn4v4hg1!19sChIJMVfjxlyfCzIRMd1fShdfw58?authuser=0&hl=en&rclk=1,0.8310272,117.8963082
Pantai Auri Sepinggan,Kalimantan Timur,4.2,sangat bagus,https://www.google.com/maps/place/Pantai+Auri+Sepinggan/data=!4m7!3m6!1s0x2df144487d3742e7:0xaa8aad6c06762781!8m2!3d-1.2602188!4d116.9186581!16s%2Fg%2F11cm0qcts9!19sChIJ50I3fUhE8S0RgSd2Bmytiqo?authuser=0&hl=en&rclk=1,-1.2602188,116.9186581
JEMBATAN PANTAI ANGKASA,Kalimantan Timur,4.2,sangat bagus,https://www.google.com/maps/place/JEMBATAN+PANTAI+ANGKASA/data=!4m7!3m6!1s0x2df144387e47b673:0xb629ce629d2a4054!8m2!3d-1.2634032!4d116.9143539!16s%2Fg%2F11dxqk6fdk!19sChIJc7ZHfjhE8S0RVEAqnWLOKbY?authuser=0&hl=en&rclk=1,-1.2634032,116.9143539
Pantai Kelapa Mangkupadi,Kalimantan Utara,4.2,sangat bagus,https://www.google.com/maps/place/Pantai+Kelapa+Mangkupadi/data=!4m7!3m6!1s0x321259a0d442ac5d:0xf237b158ade7ed9a!8m2!3d2.5642416!4d117.8602174!16s%2Fg%2F11c5__26zn!19sChIJXaxC1KBZEjIRmu3nrVixN_I?authuser=0&hl=en&rclk=1,2.5642416,117.8602174
Pantai Encing,Kalimantan Utara,3.8,bagus,https://www.google.com/maps/place/Pantai+Encing/data=!4m7!3m6!1s0x3215bb3e256eb0a1:0x6d84853e3c908c33!8m2!3d4.0928584!4d117.7144943!16s%2Fg%2F11c4js5npd!19sChIJobBuJT67FTIRM4yQPD6FhG0?authuser=0&hl=en&rclk=1,4.0928584,117.7144943
Binalatung Beach,Kalimantan Utara,4.1,sangat bagus,https://www.google.com/maps/place/Binalatung+Beach/data=!4m7!3m6!1s0x32147702c02edf31:0x826d4f4ac96cb7ad!8m2!3d3.3205393!4d117.6580003!16s%2Fg%2F11ghzn48g4!19sChIJMd8uwAJ3FDIRrbdsyUpPbYI?authuser=0&hl=en&rclk=1,3.3205393,117.6580003
Pantai Kelaputan Kampung Baru,Kalimantan Utara,4.5,sangat bagus,https://www.google.com/maps/place/Pantai+Kelaputan+Kampung+Baru/data=!4m7!3m6!1s0x3212f54a9f934907:0x5afdb27670d03242!8m2!3d2.4786284!4d117.9328797!16s%2Fg%2F11sy5g3pg0!19sChIJB0mTn0r1EjIRQjLQcHay_Vo?authuser=0&hl=en&rclk=1,2.4786284,117.9328797
AmalTarakan Beach,Kalimantan Utara,4.2,sangat bagus,https://www.google.com/maps/place/AmalTarakan+Beach/data=!4m7!3m6!1s0x321389ede7361cf1:0xeecb56de94a7a6d9!8m2!3d3.3051171!4d117.6571055!16s%2Fg%2F1q62hkxm1!19sChIJ8Rw25-2JEzIR2aanlN5Wy-4?authuser=0&hl=en&rclk=1,3.3051171,117.6571055
Pantai Amal,Kalimantan Utara,4.0,bagus,https://www.google.com/maps/place/Pantai+Amal/data=!4m7!3m6!1s0x321389ee484363f7:0x3a47a664e41a34b3!8m2!3d3.3053784!4d117.6568228!16s%2Fg%2F11bzzxps9b!19sChIJ92NDSO6JEzIRszQa5GSmRzo?authuser=0&hl=en&rclk=1,3.3053784,117.6568228
Pantai Cemara Mangkupadi,Kalimantan Utara,4.3,sangat bagus,https://www.google.com/maps/place/Pantai+Cemara+Mangkupadi/data=!4m7!3m6!1s0x32125905c16c399f:0xb892fb41d1598bd!8m2!3d2.5567576!4d117.8680164!16s%2Fg%2F11g6916hmz!19sChIJnzlswQVZEjIRvZgVHbQviQs?authuser=0&hl=en&rclk=1,2.5567576,117.8680164
Pantai TPI Bunyu,Kalimantan Utara,4.6,sangat bagus,https://www.google.com/maps/place/Pantai+TPI+Bunyu/data=!4m7!3m6!1s0x32147cb4fccb3a8b:0x74c0e9e73a6f6e6e!8m2!3d3.4533078!4d117.8513916!16s%2Fg%2F11fyzbncz2!19sChIJizrL_LR8FDIRbm5vOufpwHQ?authuser=0&hl=en&rclk=1,3.4533078,117.8513916
PANTAI INDAH DESA TANJUNG ARU,Kalimantan Utara,4.6,sangat bagus,https://www.google.com/maps/place/PANTAI+INDAH+DESA+TANJUNG+ARU/data=!4m7!3m6!1s0x3215a1882a91cf1d:0x8209cff0276a355b!8m2!3d4.1099836!4d117.9222146!16s%2Fg%2F11tk2whj0z!19sChIJHc-RKoihFTIRWzVqJ_DPCYI?authuser=0&hl=en&rclk=1,4.1099836,117.9222146
Marina Beach Sebatik,Kalimantan Utara,4.1,sangat bagus,https://www.google.com/maps/place/Marina+Beach+Sebatik/data=!4m7!3m6!1s0x3215a0a771ff40bb:0x825bbd1b18cb7662!8m2!3d4.1146741!4d117.9223115!16s%2Fg%2F11f3r2dtbs!19sChIJu0D_caegFTIRYnbLGBu9W4I?authuser=0&hl=en&rclk=1,4.1146741,117.9223115
Pantai Binalatung,Kalimantan Utara,4.4,sangat bagus,https://www.google.com/maps/place/Pantai+Binalatung/data=!4m7!3m6!1s0x32147747882be6df:0xd02e4f3daaea189e!8m2!3d3.3209356!4d117.6580412!16s%2Fg%2F11pqy2sm76!19sChIJ3-YriEd3FDIRnhjqqj1PLtA?authuser=0&hl=en&rclk=1,3.3209356,117.6580412
Tanah Kuning 2 Beach,Kalimantan Utara,4.4,sangat bagus,https://www.google.com/maps/place/Tanah+Kuning+2+Beach/data=!4m7!3m6!1s0x32125b6232e8c3f5:0x51750e1639308794!8m2!3d2.5975664!4d117.8267766!16s%2Fg%2F11h313q5nr!19sChIJ9cPoMmJbEjIRlIcwORYOdVE?authuser=0&hl=en&rclk=1,2.5975664,117.8267766
Batu Merah Beach,Kalimantan Utara,4.9,sangat bagus,https://www.google.com/maps/place/Batu+Merah+Beach/data=!4m7!3m6!1s0x3213892a8d4c4429:0xc6c7a7aa17596742!8m2!3d3.2553371!4d117.6559906!16s%2Fg%2F11jkwll0m_!19sChIJKURMjSqJEzIRQmdZF6qnx8Y?authuser=0&hl=en&rclk=1,3.2553371,117.6559906
Toko INDO HAIKAL H2,Kalimantan Utara,4.4,sangat bagus,https://www.google.com/maps/place/Toko+INDO+HAIKAL+H2/data=!4m7!3m6!1s0x32138921e50d2385:0xab0beda2d9c533e5!8m2!3d3.2886158!4d117.6548391!16s%2Fg%2F11j9nmfmtk!19sChIJhSMN5SGJEzIR5TPF2aLtC6s?authuser=0&hl=en&rclk=1,3.2886158,117.6548391
Pantai Amal Tarakan,Kalimantan Utara,4.1,sangat bagus,https://www.google.com/maps/place/Pantai+Amal+Tarakan/data=!4m7!3m6!1s0x3214778557ce0e2d:0x681821d4d0829cd9!8m2!3d3.3267924!4d117.6566455!16s%2Fg%2F11sx38dwv9!19sChIJLQ7OV4V3FDIR2ZyC0NQhGGg?authuser=0&hl=en&rclk=1,3.3267924,117.6566455
Pantai Bukit Aru Indah,Kalimantan Utara,4.5,sangat bagus,https://www.google.com/maps/place/Pantai+Bukit+Aru+Indah/data=!4m7!3m6!1s0x32150b2d7674b267:0x7a83687305e8589f!8m2!3d4.1270081!4d117.9299189!16s%2Fg%2F11f6xyg_99!19sChIJZ7J0di0LFTIRn1joBXNog3o?authuser=0&hl=en&rclk=1,4.1270081,117.9299189
Pantai Nibung Indah,Kalimantan Utara,4.3,sangat bagus,https://www.google.com/maps/place/Pantai+Nibung+Indah/data=!4m7!3m6!1s0x321463a35c62a515:0x89dfae3b2451c739!8m2!3d3.498896!4d117.8599002!16s%2Fg%2F11cp5hzd7b!19sChIJFaViXKNjFDIROcdRJDuu34k?authuser=0&hl=en&rclk=1,3.498896,117.8599002
Kawasan Wisata Ratu Intan Pantai Amal,Kalimantan Utara,4.8,sangat bagus,https://www.google.com/maps/place/Kawasan+Wisata+Ratu+Intan+Pantai+Amal/data=!4m7!3m6!1s0x321389b71019342b:0xc3b9771d4a152721!8m2!3d3.3040713!4d117.6570085!16s%2Fg%2F11vb73g643!19sChIJKzQZELeJEzIRIScVSh13ucM?authuser=0&hl=en&rclk=1,3.3040713,117.6570085
Pantai Sea biru,Kalimantan Utara,4.8,sangat bagus,https://www.google.com/maps/place/Pantai+Sea+biru/data=!4m7!3m6!1s0x32125111280de683:0xd2fc34de013d5680!8m2!3d2.603904!4d117.819814!16s%2Fg%2F11v167fhgd!19sChIJg-YNKBFREjIRgFY9Ad40_NI?authuser=0&hl=en&rclk=1,2.603904,117.819814
Objek Wisata Pantai Kayu Angin,Kalimantan Utara,4.1,sangat bagus,https://www.google.com/maps/place/Objek+Wisata+Pantai+Kayu+Angin/data=!4m7!3m6!1s0x3215a78cfd60ba05:0xe692b540c9224aca!8m2!3d4.0534429!4d117.9161324!16s%2Fg%2F11c4x5m461!19sChIJBbpg_YynFTIRykoiyUC1kuY?authuser=0&hl=en&rclk=1,4.0534429,117.9161324
Baloy Mayo Adat Tidung Kalimantan,Kalimantan Utara,4.4,sangat bagus,https://www.google.com/maps/place/Baloy+Mayo+Adat+Tidung+Kalimantan/data=!4m7!3m6!1s0x3214754c22cc4325:0x15c099196f1abbbe!8m2!3d3.3326137!4d117.5545709!16s%2Fg%2F11clz_1ygw!19sChIJJUPMIkx1FDIRvrsabxmZwBU?authuser=0&hl=en&rclk=1,3.3326137,117.5545709
Pantai Derawan,Kalimantan Utara,4.6,sangat bagus,https://www.google.com/maps/place/Pantai+Derawan/data=!4m7!3m6!1s0x320df5b16a1de4ff:0x50b6cb04756b9fb4!8m2!3d2.2841403!4d118.2470626!16s%2Fg%2F11f_0t9f1p!19sChIJ_-QdarH1DTIRtJ9rdQTLtlA?authuser=0&hl=en&rclk=1,2.2841403,118.2470626
Pantai Bagus Mangkupadi,Kalimantan Utara,5.0,sangat bagus,https://www.google.com/maps/place/Pantai+Bagus+Mangkupadi/data=!4m7!3m6!1s0x321259867df9a1b5:0xd8940b20beaf0e4c!8m2!3d2.5825625!4d117.8429375!16s%2Fg%2F11k3hf4km_!19sChIJtaH5fYZZEjIRTA6vviALlNg?authuser=0&hl=en&rclk=1,2.5825625,117.8429375
Pantai Lima Putra,Kalimantan Utara,4.1,sangat bagus,https://www.google.com/maps/place/Pantai+Lima+Putra/data=!4m7!3m6!1s0x32125109b27e79e5:0x7ff96354599058fc!8m2!3d2.6152919!4d117.8071938!16s%2Fg%2F11kztck22r!19sChIJ5Xl-sglREjIR_FiQWVRj-X8?authuser=0&hl=en&rclk=1,2.6152919,117.8071938
Kawasan Konservasi Mangrove Dan Bekantan,Kalimantan Utara,4.3,sangat bagus,https://www.google.com/maps/place/Kawasan+Konservasi+Mangrove+Dan+Bekantan/data=!4m7!3m6!1s0x32138a9448a0a9ed:0xbaf2f265d3abbe0!8m2!3d3.305523!4d117.5771055!16s%2Fg%2F1pv0251wb!19sChIJ7amgSJSKEzIR4Ls6XSYvrws?authuser=0&hl=en&rclk=1,3.305523,117.5771055
Pantai family m.padi,Kalimantan Utara,4.0,bagus,https://www.google.com/maps/place/Pantai+family+m.padi/data=!4m7!3m6!1s0x3212598fc8137651:0x400859ff06bbb5b7!8m2!3d2.5865418!4d117.8399566!16s%2Fg%2F11p604jdkw!19sChIJUXYTyI9ZEjIRt7W7Bv9ZCEA?authuser=0&hl=en&rclk=1,2.5865418,117.8399566
Pantai Pohon Kenangan,Kalimantan Utara,4.3,sangat bagus,https://www.google.com/maps/place/Pantai+Pohon+Kenangan/data=!4m7!3m6!1s0x321389d8aaaa245f:0x857ae2f76f855006!8m2!3d3.2620187!4d117.6533704!16s%2Fg%2F11nclxctm4!19sChIJXySqqtiJEzIRBlCFb_fieoU?authuser=0&hl=en&rclk=1,3.2620187,117.6533704
Juwata Airport,Kalimantan Utara,4.4,sangat bagus,https://www.google.com/maps/place/Juwata+Airport/data=!4m7!3m6!1s0x3214755b16b90273:0xdf222fd1284342d5!8m2!3d3.3241072!4d117.5681613!16s%2Fm%2F02pkf2d!19sChIJcwK5Flt1FDIR1UJDKNEvIt8?authuser=0&hl=en&rclk=1,3.3241072,117.5681613
White Mountain Tourism,Kalimantan Utara,3.9,bagus,https://www.google.com/maps/place/White+Mountain+Tourism/data=!4m7!3m6!1s0x3213d1f6b21db5f7:0x670056c0535066d9!8m2!3d2.8276566!4d117.3448168!16s%2Fg%2F11c7s294yg!19sChIJ97UdsvbREzIR2WZQU8BWAGc?authuser=0&hl=en&rclk=1,2.8276566,117.3448168
Pantai Sei Manurung,Kalimantan Utara,3.7,bagus,https://www.google.com/maps/place/Pantai+Sei+Manurung/data=!4m7!3m6!1s0x3215a7f1490fbe39:0x2c038a1012dc0b3f!8m2!3d4.0800005!4d117.92211!16s%2Fg%2F11hz8l459h!19sChIJOb4PSfGnFTIRPwvcEhCKAyw?authuser=0&hl=en&rclk=1,4.0800005,117.92211
Kalimantan Utara,Kalimantan Utara,5.0,sangat bagus,https://www.google.com/maps/place/Kalimantan+Utara/data=!4m7!3m6!1s0x321477002b9e5543:0x27af30f074687e60!8m2!3d3.3331968!4d117.655834!16s%2Fg%2F11x0px24_1!19sChIJQ1WeKwB3FDIRYH5odPAwryc?authuser=0&hl=en&rclk=1,3.3331968,117.655834
Obejek Batu Lamampu,Kalimantan Utara,4.2,sangat bagus,https://www.google.com/maps/place/Obejek+Batu+Lamampu/data=!4m7!3m6!1s0x3215a7e70471e6f5:0x6476a404bc6b2c2c!8m2!3d4.0403165!4d117.903985!16s%2Fg%2F11dyblx0wx!19sChIJ9eZxBOenFTIRLCxrvASkdmQ?authuser=0&hl=en&rclk=1,4.0403165,117.903985
Pantai Kelapa,Kalimantan Utara,3.8,bagus,https://www.google.com/maps/place/Pantai+Kelapa/data=!4m7!3m6!1s0x3212590e780f1e4d:0x247adf312c52c206!8m2!3d2.5644258!4d117.8598127!16s%2Fg%2F11bzs2mv1j!19sChIJTR4PeA5ZEjIRBsJSLDHfeiQ?authuser=0&hl=en&rclk=1,2.5644258,117.8598127
Muddani pantai,Kalimantan Utara,4.5,sangat bagus,https://www.google.com/maps/place/Muddani+pantai/data=!4m7!3m6!1s0x321251e83ec38c0b:0x7c96868625c1888a!8m2!3d2.6210203!4d117.8035047!16s%2Fg%2F11pzjp5glg!19sChIJC4zDPuhREjIRiojBJYaGlnw?authuser=0&hl=en&rclk=1,2.6210203,117.8035047
Taman Berlabuh,Kalimantan Utara,4.3,sangat bagus,https://www.google.com/maps/place/Taman+Berlabuh/data=!4m7!3m6!1s0x32138afebf223fa9:0x87fb7f6f40e19413!8m2!3d3.2865175!4d117.592203!16s%2Fg%2F11c6sn069x!19sChIJqT8iv_6KEzIRE5ThQG9_-4c?authuser=0&hl=en&rclk=1,3.2865175,117.592203
Amal Beach Water Park,Kalimantan Utara,4.3,sangat bagus,https://www.google.com/maps/place/Amal+Beach+Water+Park/data=!4m7!3m6!1s0x321389110aa5817f:0x5199cfc277540601!8m2!3d3.2949575!4d117.6511331!16s%2Fg%2F11s4swzlz8!19sChIJf4GlChGJEzIRAQZUd8LPmVE?authuser=0&hl=en&rclk=1,3.2949575,117.6511331
Pantai amal,Kalimantan Utara,4.7,sangat bagus,https://www.google.com/maps/place/Pantai+amal/data=!4m7!3m6!1s0x3214770446e92b61:0x31ebedd0683fb81!8m2!3d3.3318258!4d117.6574351!16s%2Fg%2F11s61q8sxl!19sChIJYSvpRgR3FDIRgfuDBt2-HgM?authuser=0&hl=en&rclk=1,3.3318258,117.6574351
Pantai Happy nunukan,Kalimantan Utara,4.1,sangat bagus,https://www.google.com/maps/place/Pantai+Happy+nunukan/data=!4m7!3m6!1s0x3215bc42352b9177:0x92d5eeb62b47f546!8m2!3d4.1362113!4d117.674121!16s%2Fg%2F11hbgjd8c1!19sChIJd5ErNUK8FTIRRvVHK7bu1ZI?authuser=0&hl=en&rclk=1,4.1362113,117.674121
Selumit pantai,Kalimantan Utara,4.3,sangat bagus,https://www.google.com/maps/place/Selumit+pantai/data=!4m7!3m6!1s0x32138b554ccf56b9:0x750039395d12db70!8m2!3d3.2992736!4d117.5804979!16s%2Fg%2F11pv33x6zm!19sChIJuVbPTFWLEzIRcNsSXTk5AHU?authuser=0&hl=en&rclk=1,3.2992736,117.5804979
Semolon Waterfall,Kalimantan Utara,4.5,sangat bagus,https://www.google.com/maps/place/Semolon+Waterfall/data=!4m7!3m6!1s0x321728528e75e7dd:0xe682e32f75850e34!8m2!3d3.3211436!4d116.2777073!16s%2Fg%2F11by_dqqx_!19sChIJ3ed1jlIoFzIRNA6FdS_jguY?authuser=0&hl=en&rclk=1,3.3211436,116.2777073
Pulau Gusung Sanggalau,Kalimantan Utara,4.7,sangat bagus,https://www.google.com/maps/place/Pulau+Gusung+Sanggalau/data=!4m7!3m6!1s0x3212994030b1c913:0x331a93944ebaaa09!8m2!3d2.2999486!4d118.2426658!16s%2Fg%2F11mvgyf0fz!19sChIJE8mxMECZEjIRCaq6TpSTGjM?authuser=0&hl=en&rclk=1,2.2999486,118.2426658
Pantai kelaputan,Kalimantan Utara,5.0,sangat bagus,https://www.google.com/maps/place/Pantai+kelaputan/data=!4m7!3m6!1s0x3212f5237aff52ad:0x8ccc3cff8d607329!8m2!3d2.4794071!4d117.9283062!16s%2Fg%2F11rvlyjkcn!19sChIJrVL_eiP1EjIRKXNgjf88zIw?authuser=0&hl=en&rclk=1,2.4794071,117.9283062
Paal Beach,Sulawesi Utara,4.7,sangat bagus,https://www.google.com/maps/place/Paal+Beach/data=!4m7!3m6!1s0x3287b1bfffffffff:0xc6fde198deb15181!8m2!3d1.6515069!4d125.1618811!16s%2Fg%2F11b7f14gp9!19sChIJ_____7-xhzIRgVGx3pjh_cY?authuser=0&hl=en&rclk=1,1.6515069,125.1618811
Pantai Pulisan/ Pulisan Beach,Sulawesi Utara,4.5,sangat bagus,https://www.google.com/maps/place/Pantai+Pulisan%2F+Pulisan+Beach/data=!4m7!3m6!1s0x3287b3904c1d74fd:0xc9cdc448950d7f7f!8m2!3d1.6823783!4d125.1469885!16s%2Fg%2F11c3n1q332!19sChIJ_XQdTJCzhzIRf38NlUjEzck?authuser=0&hl=en&rclk=1,1.6823783,125.1469885
Pantai Lakban Ratatotok,Sulawesi Utara,4.4,sangat bagus,https://www.google.com/maps/place/Pantai+Lakban+Ratatotok/data=!4m7!3m6!1s0x3280bae8313be087:0x1d362364493ea449!8m2!3d0.8492183!4d124.7086886!16s%2Fg%2F11bwcf4ndh!19sChIJh-A7Mei6gDIRSaQ-SWQjNh0?authuser=0&hl=en&rclk=1,0.8492183,124.7086886
Pantai Pasir Putih,Sulawesi Utara,4.5,sangat bagus,https://www.google.com/maps/place/Pantai+Pasir+Putih/data=!4m7!3m6!1s0x327e625c33b6e5cf:0x4382246ade4733d8!8m2!3d0.843066!4d123.8218363!16s%2Fg%2F11d_tf_gx6!19sChIJz-W2M1xifjIR2DNH3mokgkM?authuser=0&hl=en&rclk=1,0.843066,123.8218363
Pantai Tanjung Tumpaan,Sulawesi Utara,4.5,sangat bagus,https://www.google.com/maps/place/Pantai+Tanjung+Tumpaan/data=!4m7!3m6!1s0x328730f3f638e999:0xdf57bc85abac3ea0!8m2!3d1.1002577!4d124.9891621!16s%2Fg%2F11c466vcr9!19sChIJmek49vMwhzIRoD6sq4W8V98?authuser=0&hl=en&rclk=1,1.1002577,124.9891621
Pantai Malalayang,Sulawesi Utara,4.4,sangat bagus,https://www.google.com/maps/place/Pantai+Malalayang/data=!4m7!3m6!1s0x328774393408552f:0x7fd2a1cdf718aaf4!8m2!3d1.4601924!4d124.7947918!16s%2Fg%2F11btvb9vwt!19sChIJL1UINDl0hzIR9KoY982h0n8?authuser=0&hl=en&rclk=1,1.4601924,124.7947918
Pantai Kahona,Sulawesi Utara,4.2,sangat bagus,https://www.google.com/maps/place/Pantai+Kahona/data=!4m7!3m6!1s0x3287025855555555:0x1390a2359139554b!8m2!3d1.3984673!4d125.1865419!16s%2Fg%2F11c2k0t2gw!19sChIJVVVVVVgChzIRS1U5kTWikBM?authuser=0&hl=en&rclk=1,1.3984673,125.1865419
Jiko / Patokan Beach,Sulawesi Utara,4.6,sangat bagus,https://www.google.com/maps/place/Jiko+%2F+Patokan+Beach/data=!4m7!3m6!1s0x32808332f592cd97:0xc1b1bf360d06b820!8m2!3d0.6184005!4d124.5655572!16s%2Fg%2F11f2rqmmbw!19sChIJl82S9TKDgDIRILgGDTa_scE?authuser=0&hl=en&rclk=1,0.6184005,124.5655572
Pantai Abadi,Sulawesi Utara,4.6,sangat bagus,https://www.google.com/maps/place/Pantai+Abadi/data=!4m7!3m6!1s0x3280833a8f25ed2b:0x803d3e446c054ad0!8m2!3d0.6119628!4d124.5662934!16s%2Fg%2F11f316wk17!19sChIJK-0ljzqDgDIR0EoFbEQ-PYA?authuser=0&hl=en&rclk=1,0.6119628,124.5662934
Pantai Serena,Sulawesi Utara,4.1,sangat bagus,https://www.google.com/maps/place/Pantai+Serena/data=!4m7!3m6!1s0x3286fe3691dad159:0x8a9ad6fd087adf76!8m2!3d1.4599273!4d125.2333494!16s%2Fg%2F11c1n18_40!19sChIJWdHakTb-hjIRdt96CP3Wmoo?authuser=0&hl=en&rclk=1,1.4599273,125.2333494
"Pantai COCONUT BEACH, lolak,Bolaang Mongondow Induk, Sulawesi Utara",Sulawesi Utara,4.9,sangat bagus,"https://www.google.com/maps/place/Pantai+COCONUT+BEACH,+lolak,Bolaang+Mongondow+Induk,+Sulawesi+Utara/data=!4m7!3m6!1s0x327e715f67a03d27:0xfba43f45956594f2!8m2!3d0.8895152!4d124.0100549!16s%2Fg%2F11k57zz0mv!19sChIJJz2gZ19xfjIR8pRllUU_pPs?authuser=0&hl=en&rclk=1",0.8895152,124.0100549
Pantai Mangatasik,Sulawesi Utara,4.1,sangat bagus,https://www.google.com/maps/place/Pantai+Mangatasik/data=!4m7!3m6!1s0x32877ac1f66ef9f7:0xb325e359fa644369!8m2!3d1.3940797!4d124.6581148!16s%2Fg%2F11b6t_mcjq!19sChIJ9_lu9sF6hzIRaUNk-lnjJbM?authuser=0&hl=en&rclk=1,1.3940797,124.6581148
Pantai Tatiala,Sulawesi Utara,4.6,sangat bagus,https://www.google.com/maps/place/Pantai+Tatiala/data=!4m7!3m6!1s0x32879fe530463ad7:0x2ee32d4cd6509d0e!8m2!3d1.5387726!4d124.8255353!16s%2Fg%2F11h4v5rfkc!19sChIJ1zpGMOWfhzIRDp1Q1kwt4y4?authuser=0&hl=en&rclk=1,1.5387726,124.8255353
Pantai Kabesaran,Sulawesi Utara,4.6,sangat bagus,https://www.google.com/maps/place/Pantai+Kabesaran/data=!4m7!3m6!1s0x32873ba8ff32fdb5:0x20eaf4e4015bb342!8m2!3d1.177464!4d125.0329944!16s%2Fg%2F11nx3vpz1n!19sChIJtf0y_6g7hzIRQrNbAeT06iA?authuser=0&hl=en&rclk=1,1.177464,125.0329944
Pantai Tangonggor,Sulawesi Utara,4.2,sangat bagus,https://www.google.com/maps/place/Pantai+Tangonggor/data=!4m7!3m6!1s0x32873cad995949a9:0x4a50b50149382943!8m2!3d1.1891498!4d125.0356562!16s%2Fg%2F11c7sqrfp1!19sChIJqUlZma08hzIRQyk4SQG1UEo?authuser=0&hl=en&rclk=1,1.1891498,125.0356562
Obyek Wisata Pantai Batu Pinagut,Sulawesi Utara,4.4,sangat bagus,https://www.google.com/maps/place/Obyek+Wisata+Pantai+Batu+Pinagut/data=!4m7!3m6!1s0x327ea583485c9c21:0x54d3a6958ab7304c!8m2!3d0.9202904!4d123.269432!16s%2Fg%2F11bzt6zspd!19sChIJIZxcSIOlfjIRTDC3ipWm01Q?authuser=0&hl=en&rclk=1,0.9202904,123.269432
Modisi Beach,Sulawesi Utara,4.8,sangat bagus,https://www.google.com/maps/place/Modisi+Beach/data=!4m7!3m6!1s0x327fd564401289b3:0x9e66abf23eca0509!8m2!3d0.448497!4d124.431687!16s%2Fg%2F11gvrns05r!19sChIJs4kSQGTVfzIRCQXKPvKrZp4?authuser=0&hl=en&rclk=1,0.448497,124.431687
Pantai Lolak,Sulawesi Utara,4.2,sangat bagus,https://www.google.com/maps/place/Pantai+Lolak/data=!4m7!3m6!1s0x327e703a686c8c5d:0x4445829b8ee6295d!8m2!3d0.8880539!4d124.0071427!16s%2Fg%2F11c2nmsbz6!19sChIJXYxsaDpwfjIRXSnmjpuCRUQ?authuser=0&hl=en&rclk=1,0.8880539,124.0071427
Pantai BatuMeja Sangkub (TableStone Beach),Sulawesi Utara,4.2,sangat bagus,https://www.google.com/maps/place/Pantai+BatuMeja+Sangkub+%28TableStone+Beach%29/data=!4m7!3m6!1s0x327e8f6473aebaf7:0xbc9963eadf848426!8m2!3d0.8766384!4d123.6775093!16s%2Fg%2F11g9wd6m_l!19sChIJ97quc2SPfjIRJoSE3-pjmbw?authuser=0&hl=en&rclk=1,0.8766384,123.6775093
Pantai Woka,Sulawesi Utara,4.5,sangat bagus,https://www.google.com/maps/place/Pantai+Woka/data=!4m7!3m6!1s0x32809eaa0e8a737b:0x5c7ca0c37c14b272!8m2!3d0.6839655!4d124.5934136!16s%2Fg%2F11c2psjvgz!19sChIJe3OKDqqegDIRcrIUfMOgfFw?authuser=0&hl=en&rclk=1,0.6839655,124.5934136
Pantai Indo Beach,Sulawesi Utara,4.2,sangat bagus,https://www.google.com/maps/place/Pantai+Indo+Beach/data=!4m7!3m6!1s0x32873dc90b1448c1:0xecc98df8c60898c9!8m2!3d1.1940803!4d125.0375173!16s%2Fg%2F11smlm94_w!19sChIJwUgUC8k9hzIRyZgIxviNyew?authuser=0&hl=en&rclk=1,1.1940803,125.0375173
Pantai Tumpaan Sawangan,Sulawesi Utara,4.5,sangat bagus,https://www.google.com/maps/place/Pantai+Tumpaan+Sawangan/data=!4m7!3m6!1s0x328722a5576f3be1:0x5f474bc602050db0!8m2!3d1.2253928!4d125.047648!16s%2Fg%2F11c5wmys50!19sChIJ4TtvV6UihzIRsA0FAsZLR18?authuser=0&hl=en&rclk=1,1.2253928,125.047648
Pantai Tinggian,Sulawesi Utara,4.6,sangat bagus,https://www.google.com/maps/place/Pantai+Tinggian/data=!4m7!3m6!1s0x328722a55167e199:0x700d86987dd774a5!8m2!3d1.2374987!4d125.0502637!16s%2Fg%2F11gdlxhzs1!19sChIJmeFnUaUihzIRpXTXfZiGDXA?authuser=0&hl=en&rclk=1,1.2374987,125.0502637
Pantai Parentek,Sulawesi Utara,4.8,sangat bagus,https://www.google.com/maps/place/Pantai+Parentek/data=!4m7!3m6!1s0x32873b1902a24b11:0x1c0176523f7f8d03!8m2!3d1.1525438!4d125.0195406!16s%2Fg%2F11ghgqw4_n!19sChIJEUuiAhk7hzIRA41_P1J2ARw?authuser=0&hl=en&rclk=1,1.1525438,125.0195406
Wisata Pantai Pasir Putih Wawontulap,Sulawesi Utara,3.8,bagus,https://www.google.com/maps/place/Wisata+Pantai+Pasir+Putih+Wawontulap/data=!4m7!3m6!1s0x3287620e3e4a6b53:0x2bf40a64bfbb2441!8m2!3d1.3280275!4d124.5184083!16s%2Fg%2F11f15f8tjs!19sChIJU2tKPg5ihzIRQSS7v2QK9Cs?authuser=0&hl=en&rclk=1,1.3280275,124.5184083
Pantai Mangket,Sulawesi Utara,4.6,sangat bagus,https://www.google.com/maps/place/Pantai+Mangket/data=!4m7!3m6!1s0x32871996bdb39e97:0xf96ff433e1123c2e!8m2!3d1.2955769!4d125.067266!16s%2Fg%2F11hbfjh5yp!19sChIJl56zvZYZhzIRLjwS4TP0b_k?authuser=0&hl=en&rclk=1,1.2955769,125.067266
Batuangus Beach,Sulawesi Utara,4.6,sangat bagus,https://www.google.com/maps/place/Batuangus+Beach/data=!4m7!3m6!1s0x3286556d1d29375d:0xfe886fae03c56e54!8m2!3d1.5106737!4d125.2452175!16s%2Fg%2F11c7wd8d9l!19sChIJXTcpHW1VhjIRVG7FA65viP4?authuser=0&hl=en&rclk=1,1.5106737,125.2452175
Kanaan Beach,Sulawesi Utara,4.7,sangat bagus,https://www.google.com/maps/place/Kanaan+Beach/data=!4m7!3m6!1s0x32871961c651f09d:0x8bdc2b7630f4e282!8m2!3d1.247129!4d125.0542268!16s%2Fg%2F11qn06w2tm!19sChIJnfBRxmEZhzIRguL0MHYr3Is?authuser=0&hl=en&rclk=1,1.247129,125.0542268
Pantai Pasir Putih MANGKET,Sulawesi Utara,4.8,sangat bagus,https://www.google.com/maps/place/Pantai+Pasir+Putih+MANGKET/data=!4m7!3m6!1s0x3287198ea6f60449:0x56f15a4726ca1dfb!8m2!3d1.2923463!4d125.0663219!16s%2Fg%2F11n31rb0gm!19sChIJSQT2po4ZhzIR-x3KJkda8VY?authuser=0&hl=en&rclk=1,1.2923463,125.0663219
Pantai Tanjung Merah,Sulawesi Utara,4.0,bagus,https://www.google.com/maps/place/Pantai+Tanjung+Merah/data=!4m7!3m6!1s0x32870487a1371fc9:0xaf4c7e82d295e9b6!8m2!3d1.4016946!4d125.1183839!16s%2Fg%2F11c464jx8w!19sChIJyR83oYcEhzIRtumV0oJ-TK8?authuser=0&hl=en&rclk=1,1.4016946,125.1183839
Pantai Bulo,Sulawesi Utara,4.3,sangat bagus,https://www.google.com/maps/place/Pantai+Bulo/data=!4m7!3m6!1s0x32877131f86adf4f:0xa70daeb967edf645!8m2!3d1.4373097!4d124.7415295!16s%2Fg%2F11cs36shm5!19sChIJT99q-DFxhzIRRfbtZ7muDac?authuser=0&hl=en&rclk=1,1.4373097,124.7415295
Pantai Kinunang,Sulawesi Utara,4.6,sangat bagus,https://www.google.com/maps/place/Pantai+Kinunang/data=!4m7!3m6!1s0x3287b31b3c0e53bb:0x8e44db2ce65d2c56!8m2!3d1.6636789!4d125.1628083!16s%2Fg%2F11nn1ttft3!19sChIJu1MOPBuzhzIRVixd5izbRI4?authuser=0&hl=en&rclk=1,1.6636789,125.1628083
Pante Muka,Sulawesi Utara,4.7,sangat bagus,https://www.google.com/maps/place/Pante+Muka/data=!4m7!3m6!1s0x3287b971fa3da885:0xbc20c68cc27c4df2!8m2!3d1.7268332!4d124.9630724!16s%2Fg%2F11qnld8ndh!19sChIJhag9-nG5hzIR8k18wozGILw?authuser=0&hl=en&rclk=1,1.7268332,124.9630724
Pantai Ranowangko II Pantai Pantera,Sulawesi Utara,4.5,sangat bagus,https://www.google.com/maps/place/Pantai+Ranowangko+II+Pantai+Pantera/data=!4m7!3m6!1s0x3287232db21f7f5b:0x3afcf8cbe94d0eb9!8m2!3d1.2073845!4d125.042343!16s%2Fg%2F11gcj_bnjq!19sChIJW38fsi0jhzIRuQ5N6cv4_Do?authuser=0&hl=en&rclk=1,1.2073845,125.042343
Pantai Talawaan Bajo,Sulawesi Utara,4.4,sangat bagus,https://www.google.com/maps/place/Pantai+Talawaan+Bajo/data=!4m7!3m6!1s0x3287a2a2f01ae1e1:0xf5000a15c29afec5!8m2!3d1.616799!4d124.8713338!16s%2Fg%2F11hcfl19kv!19sChIJ4eEa8KKihzIRxf6awhUKAPU?authuser=0&hl=en&rclk=1,1.616799,124.8713338
Pantai Tasik Oki,Sulawesi Utara,4.5,sangat bagus,https://www.google.com/maps/place/Pantai+Tasik+Oki/data=!4m7!3m6!1s0x328705899cbb792f:0x6692a3993ed7a392!8m2!3d1.3908778!4d125.101052!16s%2Fg%2F11gjywfw2t!19sChIJL3m7nIkFhzIRkqPXPpmjkmY?authuser=0&hl=en&rclk=1,1.3908778,125.101052
Pantai Kawasan Mega Mas,Sulawesi Utara,4.7,sangat bagus,https://www.google.com/maps/place/Pantai+Kawasan+Mega+Mas/data=!4m7!3m6!1s0x32877510fd8d0561:0xbcd476c2eb66437a!8m2!3d1.4817422!4d124.8325007!16s%2Fg%2F11gdqqrd04!19sChIJYQWN_RB1hzIRekNm68J21Lw?authuser=0&hl=en&rclk=1,1.4817422,124.8325007
Pantai Wisata DAMI Beach,Sulawesi Utara,4.2,sangat bagus,https://www.google.com/maps/place/Pantai+Wisata+DAMI+Beach/data=!4m7!3m6!1s0x327fc99123d7524f:0x8220cbc5a11cbed1!8m2!3d0.3936419!4d124.1766932!16s%2Fg%2F11fp33x01l!19sChIJT1LXI5HJfzIR0b4cocXLIII?authuser=0&hl=en&rclk=1,0.3936419,124.1766932
Pantai batu meja tongkaina,Sulawesi Utara,4.3,sangat bagus,https://www.google.com/maps/place/Pantai+batu+meja+tongkaina/data=!4m7!3m6!1s0x32879933b3a5262f:0xf35b4068e3a0cfb6!8m2!3d1.5711129!4d124.8042426!16s%2Fg%2F11gdlw7nrp!19sChIJLyalszOZhzIRts-g42hAW_M?authuser=0&hl=en&rclk=1,1.5711129,124.8042426
"Salise Beach, North Lembeh, Bitung City, North of Sulawesi",Sulawesi Utara,4.9,sangat bagus,"https://www.google.com/maps/place/Salise+Beach,+North+Lembeh,+Bitung+City,+North+of+Sulawesi/data=!4m7!3m6!1s0x3286ff6f3840d919:0x6f0d209a9dfdd9f7!8m2!3d1.4866175!4d125.281879!16s%2Fg%2F11jrl8np8w!19sChIJGdlAOG__hjIR99n9nZogDW8?authuser=0&hl=en&rclk=1",1.4866175,125.281879
Pantai Makalisung,Sulawesi Utara,4.8,sangat bagus,https://www.google.com/maps/place/Pantai+Makalisung/data=!4m7!3m6!1s0x328718363b76a81b:0x5d0fd1d9079d3a52!8m2!3d1.2714723!4d125.0599993!16s%2Fg%2F11fy2lljz5!19sChIJG6h2OzYYhzIRUjqdB9nRD10?authuser=0&hl=en&rclk=1,1.2714723,125.0599993
Wisata Pantai Desa Pasir Putih,Sulawesi Utara,4.5,sangat bagus,https://www.google.com/maps/place/Wisata+Pantai+Desa+Pasir+Putih/data=!4m7!3m6!1s0x327e62613905bfdb:0xfcec71f88f16a0ad!8m2!3d0.8444187!4d123.8148226!16s%2Fg%2F11gfltkmf6!19sChIJ278FOWFifjIRraAWj_hx7Pw?authuser=0&hl=en&rclk=1,0.8444187,123.8148226
Pantai Lolan,Sulawesi Utara,4.1,sangat bagus,https://www.google.com/maps/place/Pantai+Lolan/data=!4m7!3m6!1s0x327e0b469b2d21c1:0x2d82bfe947f6001d!8m2!3d0.9516436!4d124.1678017!16s%2Fg%2F11d_7v9jgl!19sChIJwSEtm0YLfjIRHQD2R-m_gi0?authuser=0&hl=en&rclk=1,0.9516436,124.1678017
Pantai dua enam jaya,Sulawesi Utara,4.4,sangat bagus,https://www.google.com/maps/place/Pantai+dua+enam+jaya/data=!4m7!3m6!1s0x328719a147fb2759:0xd3317ab5dbbedb23!8m2!3d1.2589135!4d125.0558797!16s%2Fg%2F11h_kf_nzg!19sChIJWSf7R6EZhzIRI9u-27V6MdM?authuser=0&hl=en&rclk=1,1.2589135,125.0558797
Pantai Kalinaun,Sulawesi Utara,4.9,sangat bagus,https://www.google.com/maps/place/Pantai+Kalinaun/data=!4m7!3m6!1s0x3287b328d5e4b8f1:0xf0531c96b6bdebff!8m2!3d1.6313375!4d125.1506094!16s%2Fg%2F11p13msjvp!19sChIJ8bjk1SizhzIR_-u9tpYcU_A?authuser=0&hl=en&rclk=1,1.6313375,125.1506094
Sunrise Beach,Sulawesi Utara,4.7,sangat bagus,https://www.google.com/maps/place/Sunrise+Beach/data=!4m7!3m6!1s0x328719a705e2ef2f:0x670c58b1d882f18!8m2!3d1.2851143!4d125.062997!16s%2Fg%2F11smcqqm0b!19sChIJL-_iBacZhzIRGC-IHYvFcAY?authuser=0&hl=en&rclk=1,1.2851143,125.062997
Pantai Indah Kalasey,Sulawesi Utara,4.4,sangat bagus,https://www.google.com/maps/place/Pantai+Indah+Kalasey/data=!4m7!3m6!1s0x328776a27609c03f:0x973fa2ea93d0592f!8m2!3d1.4576317!4d124.7682625!16s%2Fg%2F11g8p8_6v5!19sChIJP8AJdqJ2hzIRL1nQk-qiP5c?authuser=0&hl=en&rclk=1,1.4576317,124.7682625
Pantai Ratu Makalisung,Sulawesi Utara,4.4,sangat bagus,https://www.google.com/maps/place/Pantai+Ratu+Makalisung/data=!4m7!3m6!1s0x328718363b9c95d5:0x7b69b1fb71580f85!8m2!3d1.2714839!4d125.0599629!16s%2Fg%2F11bccjdmq4!19sChIJ1ZWcOzYYhzIRhQ9YcfuxaXs?authuser=0&hl=en&rclk=1,1.2714839,125.0599629
Pantai Botubarani,Gorontalo,4.9,sangat bagus,https://www.google.com/maps/place/Pantai+Botubarani/data=!4m7!3m6!1s0x327f2b7a2bc0c8d3:0x7414e70cf87e488d!8m2!3d0.4819132!4d123.0863159!16s%2Fg%2F11p5n896n2!19sChIJ08jAK3orfzIRjUh--AznFHQ?authuser=0&hl=en&rclk=1,0.4819132,123.0863159
WISATA TAMENDAO BEACH,Gorontalo,4.4,sangat bagus,https://www.google.com/maps/place/WISATA+TAMENDAO+BEACH/data=!4m7!3m6!1s0x3278d59d67032543:0xeab266e8f8a9699b!8m2!3d0.5002305!4d123.0674662!16s%2Fg%2F11pk9z37rg!19sChIJQyUDZ53VeDIRm2mp-Ohmsuo?authuser=0&hl=en&rclk=1,0.5002305,123.0674662
Dulanga Beach,Gorontalo,4.3,sangat bagus,https://www.google.com/maps/place/Dulanga+Beach/data=!4m7!3m6!1s0x3278d5ac19bb21f7:0xdc33f9ea51d13165!8m2!3d0.4945251!4d123.0287939!16s%2Fg%2F11f5v0l9jc!19sChIJ9yG7GazVeDIRZTHRUer5M9w?authuser=0&hl=en&rclk=1,0.4945251,123.0287939
Pantai Biluhu Timur,Gorontalo,4.5,sangat bagus,https://www.google.com/maps/place/Pantai+Biluhu+Timur/data=!4m7!3m6!1s0x3278d6130b5972fb:0x2ca8b29bca6c75dc!8m2!3d0.4904571!4d122.9734002!16s%2Fg%2F11c326gs98!19sChIJ-3JZCxPWeDIR3HVsypuyqCw?authuser=0&hl=en&rclk=1,0.4904571,122.9734002
Pantai Tanjung Kramat,Gorontalo,4.4,sangat bagus,https://www.google.com/maps/place/Pantai+Tanjung+Kramat/data=!4m7!3m6!1s0x3278d57010944fb1:0x1709094d4ecbabaa!8m2!3d0.4955779!4d123.0443574!16s%2Fg%2F11hbn67t3r!19sChIJsU-UEHDVeDIRqqvLTk0JCRc?authuser=0&hl=en&rclk=1,0.4955779,123.0443574
Pantai Botutonuo,Gorontalo,4.4,sangat bagus,https://www.google.com/maps/place/Pantai+Botutonuo/data=!4m7!3m6!1s0x327f2b41027fd665:0xdabb907a65aa3174!8m2!3d0.4469501!4d123.1259472!16s%2Fg%2F11bwf6yjx5!19sChIJZdZ_AkErfzIRdDGqZXqQu9o?authuser=0&hl=en&rclk=1,0.4469501,123.1259472
Pantai Indah,Gorontalo,4.2,sangat bagus,https://www.google.com/maps/place/Pantai+Indah/data=!4m7!3m6!1s0x3278d5624b26d26f:0x4fbee52e10245072!8m2!3d0.5022222!4d123.0491667!16s%2Fg%2F11c532cx09!19sChIJb9ImS2LVeDIRclAkEC7lvk8?authuser=0&hl=en&rclk=1,0.5022222,123.0491667
Kurenai Beach Resort,Gorontalo,4.4,sangat bagus,https://www.google.com/maps/place/Kurenai+Beach+Resort/data=!4m7!3m6!1s0x327f2ad07e638801:0x401779c988b96e41!8m2!3d0.478259!4d123.08986!16s%2Fg%2F11g8vp5txj!19sChIJAYhjftAqfzIRQW65iMl5F0A?authuser=0&hl=en&rclk=1,0.478259,123.08986
Pantai Lopo,Gorontalo,5.0,sangat bagus,https://www.google.com/maps/place/Pantai+Lopo/data=!4m7!3m6!1s0x3278d58bccc9dc83:0x1b565b1278ae1270!8m2!3d0.4964945!4d123.0180513!16s%2Fg%2F11rcs5xxr5!19sChIJg9zJzIvVeDIRcBKueBJbVhs?authuser=0&hl=en&rclk=1,0.4964945,123.0180513
Pantai Biluhu,Gorontalo,4.7,sangat bagus,https://www.google.com/maps/place/Pantai+Biluhu/data=!4m7!3m6!1s0x3278d639cac5bded:0x5dfffeadea0bafbc!8m2!3d0.4908232!4d122.9563261!16s%2Fg%2F11bvwc9nx2!19sChIJ7b3FyjnWeDIRvK8L6q3-_10?authuser=0&hl=en&rclk=1,0.4908232,122.9563261
Tangga 2000 Park,Gorontalo,4.2,sangat bagus,https://www.google.com/maps/place/Tangga+2000+Park/data=!4m7!3m6!1s0x32792aa1c0f04d47:0x2624b9b0540aaede!8m2!3d0.5069393!4d123.0576773!16s%2Fg%2F11c2lb7kc2!19sChIJR03wwKEqeTIR3q4KVLC5JCY?authuser=0&hl=en&rclk=1,0.5069393,123.0576773
Wisata Pantai leato utara,Gorontalo,4.4,sangat bagus,https://www.google.com/maps/place/Wisata+Pantai+leato+utara/data=!4m7!3m6!1s0x3278d5d45d875b47:0xa724659dd1f8aca8!8m2!3d0.5000639!4d123.0678258!16s%2Fg%2F11rdsmz375!19sChIJR1uHXdTVeDIRqKz40Z1lJKc?authuser=0&hl=en&rclk=1,0.5000639,123.0678258
Pantai Leato Selatan,Gorontalo,4.4,sangat bagus,https://www.google.com/maps/place/Pantai+Leato+Selatan/data=!4m7!3m6!1s0x3278d54d229d4405:0xd5882558fdcd9740!8m2!3d0.4915004!4d123.0784076!16s%2Fg%2F11fntw0j77!19sChIJBUSdIk3VeDIRQJfN_VgliNU?authuser=0&hl=en&rclk=1,0.4915004,123.0784076
Pantai Oluhuta,Gorontalo,4.6,sangat bagus,https://www.google.com/maps/place/Pantai+Oluhuta/data=!4m7!3m6!1s0x327f2d73d63a23af:0xb9f2ae709fa85a7f!8m2!3d0.4189362!4d123.1451407!16s%2Fg%2F11nr__h4y4!19sChIJryM61nMtfzIRf1qon3Cu8rk?authuser=0&hl=en&rclk=1,0.4189362,123.1451407
Pantai Pasir Putih,Gorontalo,4.2,sangat bagus,https://www.google.com/maps/place/Pantai+Pasir+Putih/data=!4m7!3m6!1s0x3278d5de1e4c1343:0xdaacb2345455f343!8m2!3d0.4885178!4d122.9932485!16s%2Fg%2F11hcfhwqf9!19sChIJQxNMHt7VeDIRQ_NVVDSyrNo?authuser=0&hl=en&rclk=1,0.4885178,122.9932485
Pantai Wisata Botutonuo,Gorontalo,4.3,sangat bagus,https://www.google.com/maps/place/Pantai+Wisata+Botutonuo/data=!4m7!3m6!1s0x327f2b82ef41fee9:0x69ca44a132a35336!8m2!3d0.4469501!4d123.1259472!16s%2Fg%2F11cmxxxydv!19sChIJ6f5B74IrfzIRNlOjMqFEymk?authuser=0&hl=en&rclk=1,0.4469501,123.1259472
PANTAI OMBAK PUTIH,Gorontalo,5.0,sangat bagus,https://www.google.com/maps/place/PANTAI+OMBAK+PUTIH/data=!4m7!3m6!1s0x3278d50307de6095:0x43e7f4957bc28553!8m2!3d0.494922!4d123.001608!16s%2Fg%2F11kjpl0_x0!19sChIJlWDeBwPVeDIRU4XCe5X050M?authuser=0&hl=en&rclk=1,0.494922,123.001608
Pantai Kayubulan,Gorontalo,4.4,sangat bagus,https://www.google.com/maps/place/Pantai+Kayubulan/data=!4m7!3m6!1s0x3278d5ef8b7f7eab:0x8453ff70f2e78865!8m2!3d0.4953823!4d123.0004346!16s%2Fg%2F11f4m2f4pc!19sChIJq35_i-_VeDIRZYjn8nD_U4Q?authuser=0&hl=en&rclk=1,0.4953823,123.0004346
Wisata Karang Putih,Gorontalo,4.0,bagus,https://www.google.com/maps/place/Wisata+Karang+Putih/data=!4m7!3m6!1s0x3278d71f040cdc4f:0xd86d9112624d53f5!8m2!3d0.4896953!4d122.909912!16s%2Fg%2F11f5q7vpm_!19sChIJT9wMBB_XeDIR9VNNYhKRbdg?authuser=0&hl=en&rclk=1,0.4896953,122.909912
Pantai Germanium Bulawa,Gorontalo,4.3,sangat bagus,https://www.google.com/maps/place/Pantai+Germanium+Bulawa/data=!4m7!3m6!1s0x327f31d5eff5ae4b:0x8be61efbfd733070!8m2!3d0.3380533!4d123.2509753!16s%2Fg%2F11lq32f22_!19sChIJS67179UxfzIRcDBz_fse5os?authuser=0&hl=en&rclk=1,0.3380533,123.2509753
Taman Laut Olele,Gorontalo,4.7,sangat bagus,https://www.google.com/maps/place/Taman+Laut+Olele/data=!4m7!3m6!1s0x327edbffffffffff:0x25123d4bff1ef367!8m2!3d0.4100429!4d123.1525524!16s%2Fg%2F11clys_yzm!19sChIJ_______bfjIRZ_Me_0s9EiU?authuser=0&hl=en&rclk=1,0.4100429,123.1525524
Water Sport Objek Wisata Pantai Molotabu,Gorontalo,4.4,sangat bagus,https://www.google.com/maps/place/Water+Sport+Objek+Wisata+Pantai+Molotabu/data=!4m7!3m6!1s0x327f2b87735eb2e1:0x98da829d957feef9!8m2!3d0.4412439!4d123.1319708!16s%2Fg%2F11c2p_hwj4!19sChIJ4bJec4crfzIR-e5_lZ2C2pg?authuser=0&hl=en&rclk=1,0.4412439,123.1319708
Ngopi pantai Pinomontiga Beach,Gorontalo,5.0,sangat bagus,https://www.google.com/maps/place/Ngopi+pantai+Pinomontiga+Beach/data=!4m7!3m6!1s0x327f310012351d47:0x6febe82278287608!8m2!3d0.3379876!4d123.2513039!16s%2Fg%2F11yz48jh25!19sChIJRx01EgAxfzIRCHYoeCLo628?authuser=0&hl=en&rclk=1,0.3379876,123.2513039
Pantai Pasir Putih Pinomontiga,Gorontalo,4.4,sangat bagus,https://www.google.com/maps/place/Pantai+Pasir+Putih+Pinomontiga/data=!4m7!3m6!1s0x327f3084e7965f9f:0xa30ebdfb97137db9!8m2!3d0.3381391!4d123.2509542!16s%2Fg%2F11h9rdy6jn!19sChIJn1-W54QwfzIRuX0Tl_u9DqM?authuser=0&hl=en&rclk=1,0.3381391,123.2509542
Pantai hiu paus,Gorontalo,4.8,sangat bagus,https://www.google.com/maps/place/Pantai+hiu+paus/data=!4m7!3m6!1s0x327f2b4ad711af5f:0x7ad01b670332b9f8!8m2!3d0.4766904!4d123.0952272!16s%2Fg%2F11nmg_v5qd!19sChIJX68R10orfzIR-LkyA2cb0Ho?authuser=0&hl=en&rclk=1,0.4766904,123.0952272
Pantai Alumbango,Gorontalo,5.0,sangat bagus,https://www.google.com/maps/place/Pantai+Alumbango/data=!4m7!3m6!1s0x3278d7604b33b9e5:0x4978a2c81bc33016!8m2!3d0.4906361!4d122.9512784!16s%2Fg%2F11pkc_xtgq!19sChIJ5bkzS2DXeDIRFjDDG8iieEk?authuser=0&hl=en&rclk=1,0.4906361,122.9512784
Pantai Ombuo,Gorontalo,4.0,bagus,https://www.google.com/maps/place/Pantai+Ombuo/data=!4m7!3m6!1s0x327f309c82335fb5:0x4c97a791f88e4f3c!8m2!3d0.3354127!4d123.2533468!16s%2Fg%2F11fx7v47xl!19sChIJtV8zgpwwfzIRPE-O-JGnl0w?authuser=0&hl=en&rclk=1,0.3354127,123.2533468
Exotic Beach,Gorontalo,4.6,sangat bagus,https://www.google.com/maps/place/Exotic+Beach/data=!4m7!3m6!1s0x327f2b4fd881d7cb:0x5b7a87952f8855f!8m2!3d0.4668198!4d123.1070122!16s%2Fg%2F11p0w08p8b!19sChIJy9eB2E8rfzIRX4X4UnmotwU?authuser=0&hl=en&rclk=1,0.4668198,123.1070122
batudaa pantai,Gorontalo,5.0,sangat bagus,https://www.google.com/maps/place/batudaa+pantai/data=!4m7!3m6!1s0x3278d50065b26641:0x5bbc83a3117d13b8!8m2!3d0.494477!4d123.028814!16s%2Fg%2F11xgwh4tq9!19sChIJQWayZQDVeDIRuBN9EaODvFs?authuser=0&hl=en&rclk=1,0.494477,123.028814
Taman pantai wisata hungayo kiki,Gorontalo,5.0,sangat bagus,https://www.google.com/maps/place/Taman+pantai+wisata+hungayo+kiki/data=!4m7!3m6!1s0x3278d50058fc82f7:0x7aa180e35fe61747!8m2!3d0.492299!4d123.0131489!16s%2Fg%2F11y2lf1kmc!19sChIJ94L8WADVeDIRRxfmX-OAoXo?authuser=0&hl=en&rclk=1,0.492299,123.0131489
Pantai Wisata Molotabu,Gorontalo,4.3,sangat bagus,https://www.google.com/maps/place/Pantai+Wisata+Molotabu/data=!4m7!3m6!1s0x327f2b8711b28e73:0x7048c5ca24c34f39!8m2!3d0.4416156!4d123.1314746!16s%2Fg%2F11cjj001jt!19sChIJc46yEYcrfzIROU_DJMrFSHA?authuser=0&hl=en&rclk=1,0.4416156,123.1314746
Wisata Pesona Tanjung Tihu,Gorontalo,4.5,sangat bagus,https://www.google.com/maps/place/Wisata+Pesona+Tanjung+Tihu/data=!4m7!3m6!1s0x327f3169619cff11:0xf8f0f08857617425!8m2!3d0.3676215!4d123.2167596!16s%2Fg%2F11j6scwq5c!19sChIJEf-cYWkxfzIRJXRhV4jw8Pg?authuser=0&hl=en&rclk=1,0.3676215,123.2167596
Wisata Pantai Leato,Gorontalo,4.2,sangat bagus,https://www.google.com/maps/place/Wisata+Pantai+Leato/data=!4m7!3m6!1s0x327f2aca7afacbb7:0xb933c089040570e0!8m2!3d0.4877025!4d123.0822795!16s%2Fg%2F11f15h68k9!19sChIJt8v6esoqfzIR4HAFBInAM7k?authuser=0&hl=en&rclk=1,0.4877025,123.0822795
Lorong 3 Wisata Pantai Botutonuo,Gorontalo,4.5,sangat bagus,https://www.google.com/maps/place/Lorong+3+Wisata+Pantai+Botutonuo/data=!4m7!3m6!1s0x327f2b9d715cc18f:0x455aead865d2d2e2!8m2!3d0.4499346!4d123.1249206!16s%2Fg%2F11cpg52q9z!19sChIJj8FccZ0rfzIR4tLSZdjqWkU?authuser=0&hl=en&rclk=1,0.4499346,123.1249206
Taman Lahilote,Gorontalo,4.4,sangat bagus,https://www.google.com/maps/place/Taman+Lahilote/data=!4m7!3m6!1s0x32792b6ab29587d7:0x9e1d515944e9c08!8m2!3d0.5519297!4d123.0555861!16s%2Fg%2F11by__8r2y!19sChIJ14eVsmoreTIRCJxOlBXV4Qk?authuser=0&hl=en&rclk=1,0.5519297,123.0555861
Pantai Tontayuo,Gorontalo,4.0,bagus,https://www.google.com/maps/place/Pantai+Tontayuo/data=!4m7!3m6!1s0x3278d7ca0dfb3e45:0xdf12869f6b4e883b!8m2!3d0.489366!4d122.939217!16s%2Fg%2F11gdrz7fwp!19sChIJRT77DcrXeDIRO4hOa5-GEt8?authuser=0&hl=en&rclk=1,0.489366,122.939217
Pantai Muara Kasih,Gorontalo,3.7,bagus,https://www.google.com/maps/place/Pantai+Muara+Kasih/data=!4m7!3m6!1s0x327f31446032ea53:0xb8fb299e655987a9!8m2!3d0.376267!4d123.2100743!16s%2Fg%2F11h1lf0dr4!19sChIJU-oyYEQxfzIRqYdZZZ4p-7g?authuser=0&hl=en&rclk=1,0.376267,123.2100743
WISATA BATU PANDANG,Gorontalo,4.2,sangat bagus,https://www.google.com/maps/place/WISATA+BATU+PANDANG/data=!4m7!3m6!1s0x327f2b9a4d098b31:0xfcdfc2f38fead873!8m2!3d0.4508965!4d123.1243617!16s%2Fg%2F11dxj0n6gs!19sChIJMYsJTZorfzIRc9jqj_PC3_w?authuser=0&hl=en&rclk=1,0.4508965,123.1243617
Pantai Botuboluo,Gorontalo,4.2,sangat bagus,https://www.google.com/maps/place/Pantai+Botuboluo/data=!4m7!3m6!1s0x3278d8bae7cd93fd:0x6b7f3914bb63688e!8m2!3d0.4963625!4d122.8218906!16s%2Fg%2F11hcfk5r2f!19sChIJ_ZPN57rYeDIRjmhjuxQ5f2s?authuser=0&hl=en&rclk=1,0.4963625,122.8218906
Wisata Hiu Paus Botubarani,Gorontalo,4.7,sangat bagus,https://www.google.com/maps/place/Wisata+Hiu+Paus+Botubarani/data=!4m7!3m6!1s0x327f2b1ebb06a7ad:0x6e207bf0624d792f!8m2!3d0.4746294!4d123.1011491!16s%2Fg%2F11cp7509qr!19sChIJracGux4rfzIRL3lNYvB7IG4?authuser=0&hl=en&rclk=1,0.4746294,123.1011491
Pantai Tersembunyi,Gorontalo,4.1,sangat bagus,https://www.google.com/maps/place/Pantai+Tersembunyi/data=!4m7!3m6!1s0x3278d60d4aa3ce0f:0x4090971140561c6e!8m2!3d0.4887147!4d122.9788942!16s%2Fg%2F11f4lt18yr!19sChIJD86jSg3WeDIRbhxWQBGXkEA?authuser=0&hl=en&rclk=1,0.4887147,122.9788942
Pantai Ratu,Gorontalo,4.4,sangat bagus,https://www.google.com/maps/place/Pantai+Ratu/data=!4m7!3m6!1s0x3278fe289a8da249:0x8a211ed2694be868!8m2!3d0.5054229!4d122.4126164!16s%2Fg%2F11fzbkjjf8!19sChIJSaKNmij-eDIRaOhLadIeIYo?authuser=0&hl=en&rclk=1,0.5054229,122.4126164
Pantai Monano ( Gorontalo Utara ),Gorontalo,4.5,sangat bagus,https://www.google.com/maps/place/Pantai+Monano+%28+Gorontalo+Utara+%29/data=!4m7!3m6!1s0x327969006a1f2763:0xb2d65c445b14f2dc!8m2!3d0.8906822!4d122.6969041!16s%2Fg%2F11w1hy8nq0!19sChIJYycfagBpeTIR3PIUW0Rc1rI?authuser=0&hl=en&rclk=1,0.8906822,122.6969041
Air Terjun Bongoda'a,Gorontalo,4.8,sangat bagus,https://www.google.com/maps/place/Air+Terjun+Bongoda%27a/data=!4m7!3m6!1s0x3278d76144658b37:0xff7b7663564f260b!8m2!3d0.5010098!4d122.9635227!16s%2Fg%2F11q8tzdrzz!19sChIJN4tlRGHXeDIRCyZPVmN2e_8?authuser=0&hl=en&rclk=1,0.5010098,122.9635227
Taman Wisata Religius Bubohu,Gorontalo,4.6,sangat bagus,https://www.google.com/maps/place/Taman+Wisata+Religius+Bubohu/data=!4m7!3m6!1s0x3278d555142bce69:0xdc926acfc722b1fc!8m2!3d0.4989781!4d123.0331749!16s%2Fg%2F11h4s25f_l!19sChIJac4rFFXVeDIR_LEix89qktw?authuser=0&hl=en&rclk=1,0.4989781,123.0331749
LENTADU PADENGO,Gorontalo,5.0,sangat bagus,https://www.google.com/maps/place/LENTADU+PADENGO/data=!4m7!3m6!1s0x3278d5c52fb296b5:0x33380aa9a6d076a6!8m2!3d0.488187!4d122.9927346!16s%2Fg%2F11rbfnjqc3!19sChIJtZayL8XVeDIRpnbQpqkKODM?authuser=0&hl=en&rclk=1,0.488187,122.9927346
Bolihutuo Beach,Gorontalo,4.3,sangat bagus,https://www.google.com/maps/place/Bolihutuo+Beach/data=!4m7!3m6!1s0x327852896834b815:0x976e44dc579c546b!8m2!3d0.4761137!4d122.1972045!16s%2Fg%2F11btv67_3_!19sChIJFbg0aIlSeDIRa1ScV9xEbpc?authuser=0&hl=en&rclk=1,0.4761137,122.1972045
Wisata Pantai Taulaa,Gorontalo,4.6,sangat bagus,https://www.google.com/maps/place/Wisata+Pantai+Taulaa/data=!4m7!3m6!1s0x32791fd61735c2af:0xce650bf0f09e1ef6!8m2!3d0.50683!4d122.6796792!16s%2Fg%2F11gcf26qp0!19sChIJr8I1F9YfeTIR9h6e8PALZc4?authuser=0&hl=en&rclk=1,0.50683,122.6796792
Pantai Kaluku,Sulawesi Tengah,4.4,sangat bagus,https://www.google.com/maps/place/Pantai+Kaluku/data=!4m7!3m6!1s0x2d8bbbe9d125d127:0x82bbe5f0392baabe!8m2!3d-0.7033762!4d119.6842912!16s%2Fg%2F11c44zbb66!19sChIJJ9El0em7iy0RvqorOfDlu4I?authuser=0&hl=en&rclk=1,-0.7033762,119.6842912
Pantai Kilo Lima,Sulawesi Tengah,4.5,sangat bagus,https://www.google.com/maps/place/Pantai+Kilo+Lima/data=!4m7!3m6!1s0x2d86a127457b17ef:0x40a25e1ad913fd5a!8m2!3d-0.9860956!4d122.7922576!16s%2Fg%2F11csq9tj_5!19sChIJ7xd7RSehhi0RWv0T2RpeokA?authuser=0&hl=en&rclk=1,-0.9860956,122.7922576
Pantai Imbo,Sulawesi Tengah,4.1,sangat bagus,https://www.google.com/maps/place/Pantai+Imbo/data=!4m7!3m6!1s0x2d8ee69c39a0930b:0x921d561bcc0461a5!8m2!3d-1.3698134!4d120.775858!16s%2Fg%2F11f1m30szc!19sChIJC5OgOZzmji0RpWEEzBtWHZI?authuser=0&hl=en&rclk=1,-1.3698134,120.775858
Pantai Poganda,Sulawesi Tengah,4.6,sangat bagus,https://www.google.com/maps/place/Pantai+Poganda/data=!4m7!3m6!1s0x2d840e3320b842ab:0x6b076d157af3ba8!8m2!3d-1.1802152!4d122.9128551!16s%2Fg%2F11gh09s3jv!19sChIJq0K4IDMOhC0RqDuvV9F2sAY?authuser=0&hl=en&rclk=1,-1.1802152,122.9128551
Enu Beach,Sulawesi Tengah,4.3,sangat bagus,https://www.google.com/maps/place/Enu+Beach/data=!4m7!3m6!1s0x2d8bb5456ec619c7:0x8a1d285064488b6b!8m2!3d-0.5343225!4d119.7776907!16s%2Fg%2F11c54rktgq!19sChIJxxnGbkW1iy0Ra4tIZFAoHYo?authuser=0&hl=en&rclk=1,-0.5343225,119.7776907
Pantai siw’one,Sulawesi Tengah,4.4,sangat bagus,https://www.google.com/maps/place/Pantai+siw%E2%80%99one/data=!4m7!3m6!1s0x2d9a8de1389caf1b:0x22727b5434e9910a!8m2!3d-2.5175303!4d121.9581335!16s%2Fg%2F11m_gfsq95!19sChIJG6-cOOGNmi0RCpHpNFR7ciI?authuser=0&hl=en&rclk=1,-2.5175303,121.9581335
Pantai Kampung Nelayan,Sulawesi Tengah,4.5,sangat bagus,https://www.google.com/maps/place/Pantai+Kampung+Nelayan/data=!4m7!3m6!1s0x2d8bec1c4ad08f85:0xb9bd14cc9a241a2b!8m2!3d-0.8644854!4d119.8774722!16s%2Fg%2F11bwylp46w!19sChIJhY_QShzsiy0RKxokmswUvbk?authuser=0&hl=en&rclk=1,-0.8644854,119.8774722
Pantai Bambarano,Sulawesi Tengah,4.5,sangat bagus,https://www.google.com/maps/place/Pantai+Bambarano/data=!4m7!3m6!1s0x3275ebafd7b5af81:0xed048f51dc911c5b!8m2!3d0.2184164!4d119.8499618!16s%2Fg%2F11b6s8j91_!19sChIJga-116_rdTIRWxyR3FGPBO0?authuser=0&hl=en&rclk=1,0.2184164,119.8499618
Madale Beach,Sulawesi Tengah,4.4,sangat bagus,https://www.google.com/maps/place/Madale+Beach/data=!4m7!3m6!1s0x2d8ee138cd00480f:0x754e4cbc16a10640!8m2!3d-1.3546551!4d120.8210086!16s%2Fg%2F11c1v1b8kk!19sChIJD0gAzTjhji0RQAahFrxMTnU?authuser=0&hl=en&rclk=1,-1.3546551,120.8210086
Bonebula Beach,Sulawesi Tengah,4.6,sangat bagus,https://www.google.com/maps/place/Bonebula+Beach/data=!4m7!3m6!1s0x2d8bbba3d79c215d:0xab8dbb609983f546!8m2!3d-0.7049471!4d119.670027!16s%2Fg%2F11n7wvfptb!19sChIJXSGc16O7iy0RRvWDmWC7jas?authuser=0&hl=en&rclk=1,-0.7049471,119.670027
Pantai Tambu,Sulawesi Tengah,3.5,bagus,https://www.google.com/maps/place/Pantai+Tambu/data=!4m7!3m6!1s0x2d8a0be109c9b703:0x7a10bbb925032adb!8m2!3d-0.0397885!4d119.8735333!16s%2Fg%2F11bx5q2ymq!19sChIJA7fJCeELii0R2yoDJbm7EHo?authuser=0&hl=en&rclk=1,-0.0397885,119.8735333
Pantai Wisata Pantoloan,Sulawesi Tengah,3.7,bagus,https://www.google.com/maps/place/Pantai+Wisata+Pantoloan/data=!4m7!3m6!1s0x2d8bc6c5cc8c1b63:0x57934dcdf4d9ce5b!8m2!3d-0.7091523!4d119.8515752!16s%2Fg%2F11b6_d8n1x!19sChIJYxuMzMXGiy0RW87Z9M1Nk1c?authuser=0&hl=en&rclk=1,-0.7091523,119.8515752
Pantai Kucing Parigi Moutong,Sulawesi Tengah,4.1,sangat bagus,https://www.google.com/maps/place/Pantai+Kucing+Parigi+Moutong/data=!4m7!3m6!1s0x2d8bd135e1da0fef:0xac2f1fc5a1cafc57!8m2!3d-0.6035033!4d120.0607717!16s%2Fg%2F11fy_5_vs_!19sChIJ7w_a4TXRiy0RV_zKocUfL6w?authuser=0&hl=en&rclk=1,-0.6035033,120.0607717
Pantai Wisata Pangi Masaingi,Sulawesi Tengah,4.3,sangat bagus,https://www.google.com/maps/place/Pantai+Wisata+Pangi+Masaingi/data=!4m7!3m6!1s0x2d8bcb68c2d90c35:0x97fa4fc164054c9d!8m2!3d-0.5841723!4d119.7901157!16s%2Fg%2F11fmxswns1!19sChIJNQzZwmjLiy0RnUwFZMFP-pc?authuser=0&hl=en&rclk=1,-0.5841723,119.7901157
Pantai Arjuna,Sulawesi Tengah,4.5,sangat bagus,https://www.google.com/maps/place/Pantai+Arjuna/data=!4m7!3m6!1s0x2d8951d09a2f4207:0x7de53aad4d6c23fd!8m2!3d-0.9546331!4d120.3359553!16s%2Fg%2F11g6_1c_zw!19sChIJB0IvmtBRiS0R_SNsTa065X0?authuser=0&hl=en&rclk=1,-0.9546331,120.3359553
Pantai Wisata Pandanwangi,Sulawesi Tengah,4.4,sangat bagus,https://www.google.com/maps/place/Pantai+Wisata+Pandanwangi/data=!4m7!3m6!1s0x2d85aa5f841bc303:0x3feaffabf0fbe9a7!8m2!3d-1.5301092!4d122.3103689!16s%2Fg%2F11gfdkn55f!19sChIJA8MbhF-qhS0Rp-n78Kv_6j8?authuser=0&hl=en&rclk=1,-1.5301092,122.3103689
Pantai Tanjung Tengah,Sulawesi Tengah,4.0,bagus,https://www.google.com/maps/place/Pantai+Tanjung+Tengah/data=!4m7!3m6!1s0x2df1167d364d0025:0xe751a2cb230d8e4b!8m2!3d-1.3923133!4d116.6912476!16s%2Fg%2F11c2l9k8zp!19sChIJJQBNNn0W8S0RS44NI8uiUec?authuser=0&hl=en&rclk=1,-1.3923133,116.6912476
Pantai Pandan Wangi,Sulawesi Tengah,4.2,sangat bagus,https://www.google.com/maps/place/Pantai+Pandan+Wangi/data=!4m7!3m6!1s0x2d85aa6fb515d56f:0x4a87abab292d1e3b!8m2!3d-1.53923!4d122.296677!16s%2Fg%2F11c6cq6_ft!19sChIJb9UVtW-qhS0ROx4tKaurh0o?authuser=0&hl=en&rclk=1,-1.53923,122.296677
"Pantai Sinorang, Batui Selatan",Sulawesi Tengah,4.0,bagus,"https://www.google.com/maps/place/Pantai+Sinorang,+Batui+Selatan/data=!4m7!3m6!1s0x2d844e1bb88adc73:0x92e9817610f67fc!8m2!3d-1.4087891!4d122.4622086!16s%2Fg%2F11cr_0hhkv!19sChIJc9yKuBtOhC0R_GcPYReYLgk?authuser=0&hl=en&rclk=1",-1.4087891,122.4622086
Pantai Minahaki,Sulawesi Tengah,4.2,sangat bagus,https://www.google.com/maps/place/Pantai+Minahaki/data=!4m7!3m6!1s0x2d8454925e98fde5:0xac3ffbee2c2848c3!8m2!3d-1.495333!4d122.3884191!16s%2Fg%2F11g6xg6z3_!19sChIJ5f2YXpJUhC0Rw0goLO77P6w?authuser=0&hl=en&rclk=1,-1.495333,122.3884191
Pantai Menui,Sulawesi Tengah,4.8,sangat bagus,https://www.google.com/maps/place/Pantai+Menui/data=!4m7!3m6!1s0x2d8ec98b5bb3d5d1:0x3d1bab21ba17ff8e!8m2!3d-1.1251382!4d120.5821616!16s%2Fg%2F11s_wscsjk!19sChIJ0dWzW4vJji0Rjv8XuiGrGz0?authuser=0&hl=en&rclk=1,-1.1251382,120.5821616
Pantai pasir putih,Sulawesi Tengah,4.8,sangat bagus,https://www.google.com/maps/place/Pantai+pasir+putih/data=!4m7!3m6!1s0x2d8f1d5473773591:0x62bd236f50aa605c!8m2!3d-1.4160213!4d120.9069131!16s%2Fg%2F11q2rymwgm!19sChIJkTV3c1Qdjy0RXGCqUG8jvWI?authuser=0&hl=en&rclk=1,-1.4160213,120.9069131
Pantai Duva,Sulawesi Tengah,4.5,sangat bagus,https://www.google.com/maps/place/Pantai+Duva/data=!4m7!3m6!1s0x2d8beb16f54628d5:0x91c47fa046f4eb7e!8m2!3d-0.81835!4d119.8791419!16s%2Fg%2F11hzzg55p1!19sChIJ1ShG9Rbriy0Rfuv0RqB_xJE?authuser=0&hl=en&rclk=1,-0.81835,119.8791419
Pantai Makakata,Sulawesi Tengah,4.3,sangat bagus,https://www.google.com/maps/place/Pantai+Makakata/data=!4m7!3m6!1s0x2d84479414eaecd5:0xd4b62f59f5d7d0b1!8m2!3d-1.2941731!4d122.5648569!16s%2Fg%2F11fxzwsp11!19sChIJ1ezqFJRHhC0RsdDX9VkvttQ?authuser=0&hl=en&rclk=1,-1.2941731,122.5648569
Pantai Malakosa,Sulawesi Tengah,4.6,sangat bagus,https://www.google.com/maps/place/Pantai+Malakosa/data=!4m7!3m6!1s0x2d894ed5f7723f0b:0x75b1f06b3004ebf7!8m2!3d-0.9460138!4d120.4307947!16s%2Fg%2F11c57yktz3!19sChIJCz9y99VOiS0R9-sEMGvwsXU?authuser=0&hl=en&rclk=1,-0.9460138,120.4307947
Pantai Seribu Bintang,Sulawesi Tengah,4.4,sangat bagus,https://www.google.com/maps/place/Pantai+Seribu+Bintang/data=!4m7!3m6!1s0x2d8ee9abd405f7a5:0x2b3428c4d687ee71!8m2!3d-1.3721594!4d120.6503554!16s%2Fg%2F11n7176lv_!19sChIJpfcF1Kvpji0Rce6H1sQoNCs?authuser=0&hl=en&rclk=1,-1.3721594,120.6503554
Pantai Popakuni,Sulawesi Tengah,4.3,sangat bagus,https://www.google.com/maps/place/Pantai+Popakuni/data=!4m7!3m6!1s0x2d8eefe3cf1e8dfb:0xf6d02b9c402b2076!8m2!3d-1.4160209!4d120.6780818!16s%2Fg%2F11q8v_bqrx!19sChIJ-40ez-Pvji0RdiArQJwr0PY?authuser=0&hl=en&rclk=1,-1.4160209,120.6780818
Taipa Beach,Sulawesi Tengah,4.5,sangat bagus,https://www.google.com/maps/place/Taipa+Beach/data=!4m7!3m6!1s0x2d8bc19335c35091:0xb01bec8674b65d5c!8m2!3d-0.7823596!4d119.8604392!16s%2Fg%2F11jwwqp8hr!19sChIJkVDDNZPBiy0RXF22dIbsG7A?authuser=0&hl=en&rclk=1,-0.7823596,119.8604392
Pantai Desa Tokorondo,Sulawesi Tengah,4.2,sangat bagus,https://www.google.com/maps/place/Pantai+Desa+Tokorondo/data=!4m7!3m6!1s0x2d8eea2631960f19:0xebd4ada6a4ee2f4!8m2!3d-1.3566442!4d120.6459104!16s%2Fg%2F11g8w8c96s!19sChIJGQ-WMSbqji0R9OJOatpKvQ4?authuser=0&hl=en&rclk=1,-1.3566442,120.6459104
Tumpapa Beach,Sulawesi Tengah,4.2,sangat bagus,https://www.google.com/maps/place/Tumpapa+Beach/data=!4m7!3m6!1s0x2d894eca8a8fa4c9:0xabf470ac79f867ec!8m2!3d-0.9614416!4d120.4329349!16s%2Fg%2F11bv6l73hj!19sChIJyaSPispOiS0R7Gf4eaxw9Ks?authuser=0&hl=en&rclk=1,-0.9614416,120.4329349
Roto Beach,Sulawesi Tengah,3.9,bagus,https://www.google.com/maps/place/Roto+Beach/data=!4m7!3m6!1s0x2d8bc7a4ca85ff4b:0x733c137c2091d45e!8m2!3d-0.6784177!4d119.8193595!16s%2Fg%2F11c1nxbtrp!19sChIJS_-FyqTHiy0RXtSRIHwTPHM?authuser=0&hl=en&rclk=1,-0.6784177,119.8193595
Pantai Raha-Raha II BAHOEA,Sulawesi Tengah,4.6,sangat bagus,https://www.google.com/maps/place/Pantai+Raha-Raha+II+BAHOEA/data=!4m7!3m6!1s0x2d9a97e36a653825:0x6b881889d3bc962b!8m2!3d-2.3915321!4d121.8708392!16s%2Fg%2F11q56s7mm3!19sChIJJThlauOXmi0RK5a804kYiGs?authuser=0&hl=en&rclk=1,-2.3915321,121.8708392
Pantai Penghibur Kota Poso,Sulawesi Tengah,4.5,sangat bagus,https://www.google.com/maps/place/Pantai+Penghibur+Kota+Poso/data=!4m7!3m6!1s0x2d8ee5f9ad44d531:0x5c438aa859f11078!8m2!3d-1.380069!4d120.7560792!16s%2Fg%2F11t31rcn9s!19sChIJMdVErfnlji0ReBDxWaiKQ1w?authuser=0&hl=en&rclk=1,-1.380069,120.7560792
Pantai Wina Palu,Sulawesi Tengah,5.0,sangat bagus,https://www.google.com/maps/place/Pantai+Wina+Palu/data=!4m7!3m6!1s0x2d8bed98781f0163:0xbe8189e0dd9189f7!8m2!3d-0.858656!4d119.8786001!16s%2Fg%2F11qbhrhymp!19sChIJYwEfeJjtiy0R94mR3eCJgb4?authuser=0&hl=en&rclk=1,-0.858656,119.8786001
Pantai Bahari,Sulawesi Tengah,4.3,sangat bagus,https://www.google.com/maps/place/Pantai+Bahari/data=!4m7!3m6!1s0x2d8eef7d74eb71df:0xe434f352edc22e94!8m2!3d-1.4157974!4d120.6777965!16s%2Fg%2F11rfpb0z6v!19sChIJ33HrdH3vji0RlC7C7VLzNOQ?authuser=0&hl=en&rclk=1,-1.4157974,120.6777965
Pantai kelomang,Sulawesi Tengah,5.0,sangat bagus,https://www.google.com/maps/place/Pantai+kelomang/data=!4m7!3m6!1s0x2d9aa50002741c15:0xb35e5738feaeafe1!8m2!3d-2.2397478!4d121.7541532!16s%2Fg%2F11vq0fs8vx!19sChIJFRx0AgClmi0R4a-u_jhXXrM?authuser=0&hl=en&rclk=1,-2.2397478,121.7541532
Pantai fantasy,Sulawesi Tengah,4.4,sangat bagus,https://www.google.com/maps/place/Pantai+fantasy/data=!4m7!3m6!1s0x2d85ab9b9fb37cdd:0x45cdaeb16915c4d7!8m2!3d-1.5258628!4d122.3178509!16s%2Fg%2F11s3zl68yp!19sChIJ3Xyzn5urhS0R18QVabGuzUU?authuser=0&hl=en&rclk=1,-1.5258628,122.3178509
Pantai bakti agung,Sulawesi Tengah,5.0,sangat bagus,https://www.google.com/maps/place/Pantai+bakti+agung/data=!4m7!3m6!1s0x2d8ec90013c8e395:0x67dc7c64ce153f3b!8m2!3d-1.1497174!4d120.5925968!16s%2Fg%2F11nqqqmdqp!19sChIJlePIEwDJji0ROz8VzmR83Gc?authuser=0&hl=en&rclk=1,-1.1497174,120.5925968
Wisata Pantai Bahumbelu,Sulawesi Tengah,4.3,sangat bagus,https://www.google.com/maps/place/Wisata+Pantai+Bahumbelu/data=!4m7!3m6!1s0x2d9aa9df37de44b5:0xc208fd3d7fad94f5!8m2!3d-2.1843807!4d121.6845435!16s%2Fg%2F11tnzry4l1!19sChIJtUTeN9-pmi0R9ZStfz39CMI?authuser=0&hl=en&rclk=1,-2.1843807,121.6845435
Rekreasi Pantai Palu,Sulawesi Tengah,3.9,bagus,https://www.google.com/maps/place/Rekreasi+Pantai+Palu/data=!4m7!3m6!1s0x2d8bedddb83d1065:0x7fcbcb8dc7a1f7f7!8m2!3d-0.875743!4d119.8712585!16s%2Fg%2F11hz3jczdz!19sChIJZRA9uN3tiy0R9_ehx43Ly38?authuser=0&hl=en&rclk=1,-0.875743,119.8712585
Wisata Pantai Talise Palu,Sulawesi Tengah,4.4,sangat bagus,https://www.google.com/maps/place/Wisata+Pantai+Talise+Palu/data=!4m7!3m6!1s0x2d8bed00388af2ff:0x498ca7d258157c0a!8m2!3d-0.8640409!4d119.8782075!16s%2Fg%2F11wwhpl4mc!19sChIJ__KKOADtiy0RCnwVWNKnjEk?authuser=0&hl=en&rclk=1,-0.8640409,119.8782075
Pantai kalibosi,Sulawesi Tengah,4.3,sangat bagus,https://www.google.com/maps/place/Pantai+kalibosi/data=!4m7!3m6!1s0x2d86711e8577f63d:0x91bdde15148b5fbc!8m2!3d-0.9076692!4d122.1494545!16s%2Fg%2F11nmqs22w2!19sChIJPfZ3hR5xhi0RvF-LFBXevZE?authuser=0&hl=en&rclk=1,-0.9076692,122.1494545
Karina Beach,Sulawesi Tengah,4.3,sangat bagus,https://www.google.com/maps/place/Karina+Beach/data=!4m7!3m6!1s0x2d87c42036f35797:0xdbf1820664cfb79a!8m2!3d-0.3350791!4d121.8993971!16s%2Fg%2F11cp5w7kr1!19sChIJl1fzNiDEhy0RmrfPZAaC8ds?authuser=0&hl=en&rclk=1,-0.3350791,121.8993971
Pantai Melasti Rayon Tambu,Sulawesi Tengah,3.9,bagus,https://www.google.com/maps/place/Pantai+Melasti+Rayon+Tambu/data=!4m7!3m6!1s0x2d894aaaaaacb79f:0xba5b0957e0b0df22!8m2!3d-1.0441473!4d120.5278821!16s%2Fg%2F11f57fdyzw!19sChIJn7esqqpKiS0RIt-w4FcJW7o?authuser=0&hl=en&rclk=1,-1.0441473,120.5278821
Wisata pantai,Sulawesi Tengah,4.6,sangat bagus,https://www.google.com/maps/place/Wisata+pantai/data=!4m7!3m6!1s0x2d850d52e7d44559:0x7a85e6cdd4006cd8!8m2!3d-1.6346201!4d122.005382!16s%2Fg%2F11s8hhlw37!19sChIJWUXU51INhS0R2GwA1M3mhXo?authuser=0&hl=en&rclk=1,-1.6346201,122.005382
Pantai Pasorongi,Sulawesi Tengah,5.0,sangat bagus,https://www.google.com/maps/place/Pantai+Pasorongi/data=!4m7!3m6!1s0x2d85089436e36885:0x2c78564b9cd0a2a1!8m2!3d-1.5981234!4d122.1563833!16s%2Fg%2F11g6mc7470!19sChIJhWjjNpQIhS0RoaLQnEtWeCw?authuser=0&hl=en&rclk=1,-1.5981234,122.1563833
Pantai dongin,Sulawesi Tengah,4.6,sangat bagus,https://www.google.com/maps/place/Pantai+dongin/data=!4m7!3m6!1s0x2d85ab7fdd891783:0xf69fb14fbddc668c!8m2!3d-1.5564805!4d122.2788251!16s%2Fg%2F11rqw_gzlm!19sChIJgxeJ3X-rhS0RjGbcvU-xn_Y?authuser=0&hl=en&rclk=1,-1.5564805,122.2788251
Pantai Dewati,Sulawesi Tengah,4.7,sangat bagus,https://www.google.com/maps/place/Pantai+Dewati/data=!4m7!3m6!1s0x2d9aa5d186cf1353:0xfa644cd59bf57435!8m2!3d-2.2505856!4d121.7574094!16s%2Fg%2F11vkhdjbs2!19sChIJUxPPhtGlmi0RNXT1m9VMZPo?authuser=0&hl=en&rclk=1,-2.2505856,121.7574094
PANTAI WISATA LOGPON,Sulawesi Tengah,4.3,sangat bagus,https://www.google.com/maps/place/PANTAI+WISATA+LOGPON/data=!4m7!3m6!1s0x2d894ba9f0c3f7bf:0xbe9daa1d53cf6ef!8m2!3d-0.9930596!4d120.4652897!16s%2Fg%2F11h_6dx3hj!19sChIJv_fD8KlLiS0R7_Y81aHa6Qs?authuser=0&hl=en&rclk=1,-0.9930596,120.4652897
Pantai Tamimbo,Sulawesi Tengah,4.8,sangat bagus,https://www.google.com/maps/place/Pantai+Tamimbo/data=!4m7!3m6!1s0x2d8ee3f10e134c5b:0x33209a525b7180c4!8m2!3d-1.4144952!4d120.870305!16s%2Fg%2F11q23b594x!19sChIJW0wTDvHjji0RxIBxW1KaIDM?authuser=0&hl=en&rclk=1,-1.4144952,120.870305
Pantai Dato Majene,Sulawesi Barat,4.5,sangat bagus,https://www.google.com/maps/place/Pantai+Dato+Majene/data=!4m7!3m6!1s0x2d94bf625060110f:0xb848969411c2777e!8m2!3d-3.5595037!4d118.9843342!16s%2Fg%2F11c0qfrhpw!19sChIJDxFgUGK_lC0RfnfCEZSWSLg?authuser=0&hl=en&rclk=1,-3.5595037,118.9843342
Pantai Barat Sarudu,Sulawesi Barat,4.6,sangat bagus,https://www.google.com/maps/place/Pantai+Barat+Sarudu/data=!4m7!3m6!1s0x2d8d05f58eabcee1:0xf849bb61cb4d83e4!8m2!3d-1.7335948!4d119.3057812!16s%2Fg%2F11f10grlyb!19sChIJ4c6rjvUFjS0R5INNy2G7Sfg?authuser=0&hl=en&rclk=1,-1.7335948,119.3057812
PANTAI MANAKARRA,Sulawesi Barat,4.4,sangat bagus,https://www.google.com/maps/place/PANTAI+MANAKARRA/data=!4m7!3m6!1s0x2d92d918947ee97f:0x32047bf287834b7f!8m2!3d-2.6711153!4d118.8892481!16s%2Fg%2F11tbnm09s3!19sChIJf-l-lBjZki0Rf0uDh_J7BDI?authuser=0&hl=en&rclk=1,-2.6711153,118.8892481
Pantai Wisata Lapeo,Sulawesi Barat,4.3,sangat bagus,https://www.google.com/maps/place/Pantai+Wisata+Lapeo/data=!4m7!3m6!1s0x2d949408c8930d19:0x4f6ea05257af2e5c!8m2!3d-3.4948788!4d119.1338941!16s%2Fg%2F11gfgsgkv5!19sChIJGQ2TyAiUlC0RXC6vV1Kgbk8?authuser=0&hl=en&rclk=1,-3.4948788,119.1338941
Wisata Pantai Tapandullu,Sulawesi Barat,4.6,sangat bagus,https://www.google.com/maps/place/Wisata+Pantai+Tapandullu/data=!4m7!3m6!1s0x2d92d7b623d063dd:0xbe6fc03c5ca57c13!8m2!3d-2.670964!4d118.791852!16s%2Fg%2F11rv5jtpxm!19sChIJ3WPQI7bXki0RE3ylXDzAb74?authuser=0&hl=en&rclk=1,-2.670964,118.791852
Pantai Palippis,Sulawesi Barat,4.3,sangat bagus,https://www.google.com/maps/place/Pantai+Palippis/data=!4m7!3m6!1s0x2d94944dcd861f5f:0x5778f8e01f58bbb7!8m2!3d-3.5106073!4d119.0976082!16s%2Fg%2F11c55jj4q8!19sChIJXx-GzU2UlC0Rt7tYH-D4eFc?authuser=0&hl=en&rclk=1,-3.5106073,119.0976082
Pantai Lombang Lombang,Sulawesi Barat,4.1,sangat bagus,https://www.google.com/maps/place/Pantai+Lombang+Lombang/data=!4m7!3m6!1s0x2d92dd4d92ad9e21:0x3570568dfcbf5092!8m2!3d-2.5722242!4d119.0335866!16s%2Fg%2F11bw46t781!19sChIJIZ6tkk3dki0RklC__I1WcDU?authuser=0&hl=en&rclk=1,-2.5722242,119.0335866
Pantai Desa Ahu,Sulawesi Barat,3.3,bagus,https://www.google.com/maps/place/Pantai+Desa+Ahu/data=!4m7!3m6!1s0x2d932c06f7fadaf5:0xdee26e4648e5edad!8m2!3d-2.7894475!4d118.7577331!16s%2Fg%2F11f1p0c_d4!19sChIJ9dr69wYsky0Rre3lSEZu4t4?authuser=0&hl=en&rclk=1,-2.7894475,118.7577331
Pantai Mampie,Sulawesi Barat,4.1,sangat bagus,https://www.google.com/maps/place/Pantai+Mampie/data=!4m7!3m6!1s0x2d948e5815e81263:0x70c06be68e68d09a!8m2!3d-3.4541754!4d119.2801668!16s%2Fg%2F11b7h9gmbv!19sChIJYxLoFViOlC0RmtBojuZrwHA?authuser=0&hl=en&rclk=1,-3.4541754,119.2801668
Pantai Tumbu,Sulawesi Barat,4.5,sangat bagus,https://www.google.com/maps/place/Pantai+Tumbu/data=!4m7!3m6!1s0x2d8d65506612950d:0xc7bab496b1082503!8m2!3d-2.0166196!4d119.2215951!16s%2Fg%2F11c20c6xx8!19sChIJDZUSZlBljS0RAyUIsZa0usc?authuser=0&hl=en&rclk=1,-2.0166196,119.2215951
Pantai Beringin Cinta,Sulawesi Barat,4.0,bagus,https://www.google.com/maps/place/Pantai+Beringin+Cinta/data=!4m7!3m6!1s0x2d9294a7bfc749eb:0x664035df25cbb033!8m2!3d-2.4170129!4d119.1375249!16s%2Fg%2F11h9zl6tpb!19sChIJ60nHv6eUki0RM7DLJd81QGY?authuser=0&hl=en&rclk=1,-2.4170129,119.1375249
Taman Wisata Bahari Polewali Mandar,Sulawesi Barat,4.3,sangat bagus,https://www.google.com/maps/place/Taman+Wisata+Bahari+Polewali+Mandar/data=!4m7!3m6!1s0x2d9488e0920fc239:0x9566d4da58d013b2!8m2!3d-3.4392793!4d119.3495065!16s%2Fg%2F11b7hjzs8_!19sChIJOcIPkuCIlC0RshPQWNrUZpU?authuser=0&hl=en&rclk=1,-3.4392793,119.3495065
Pantai Panorama,Sulawesi Barat,4.1,sangat bagus,https://www.google.com/maps/place/Pantai+Panorama/data=!4m7!3m6!1s0x2d92d70148ced38f:0x671b74a4c276b9e1!8m2!3d-2.6523316!4d118.8432379!16s%2Fg%2F11gn251mcy!19sChIJj9POSAHXki0R4bl2wqR0G2c?authuser=0&hl=en&rclk=1,-2.6523316,118.8432379
Pantai Malauwa,Sulawesi Barat,4.5,sangat bagus,https://www.google.com/maps/place/Pantai+Malauwa/data=!4m7!3m6!1s0x2d92d709cd9a14a5:0xe25699c7dcc7826b!8m2!3d-2.6722154!4d118.790386!16s%2Fg%2F11sz3qk0t4!19sChIJpRSazQnXki0Ra4LH3MeZVuI?authuser=0&hl=en&rclk=1,-2.6722154,118.790386
Tapandullu Beach,Sulawesi Barat,4.3,sangat bagus,https://www.google.com/maps/place/Tapandullu+Beach/data=!4m7!3m6!1s0x2d92d6eda87114f3:0xe02499af70d97403!8m2!3d-2.6692129!4d118.79267!16s%2Fg%2F11g8fxdrn2!19sChIJ8xRxqO3Wki0RA3TZcK-ZJOA?authuser=0&hl=en&rclk=1,-2.6692129,118.79267
Pantai Wisata Labuang,Sulawesi Barat,4.6,sangat bagus,https://www.google.com/maps/place/Pantai+Wisata+Labuang/data=!4m7!3m6!1s0x2d9495b01756014b:0xac4976155d9e6a16!8m2!3d-3.5152358!4d119.1119761!16s%2Fg%2F11f7663_78!19sChIJSwFWF7CVlC0RFmqeXRV2Saw?authuser=0&hl=en&rclk=1,-3.5152358,119.1119761
Pantai Dato,Sulawesi Barat,4.5,sangat bagus,https://www.google.com/maps/place/Pantai+Dato/data=!4m7!3m6!1s0x2d94bf79af4d7b49:0xeed379b5836f96b0!8m2!3d-3.5595037!4d118.9843342!16s%2Fg%2F11mqf4839g!19sChIJSXtNr3m_lC0RsJZvg7V50-4?authuser=0&hl=en&rclk=1,-3.5595037,118.9843342
Anjungan Pantai Manakarra,Sulawesi Barat,4.4,sangat bagus,https://www.google.com/maps/place/Anjungan+Pantai+Manakarra/data=!4m7!3m6!1s0x2d92d9b0da6a308d:0xbfe8b1a7d47cac19!8m2!3d-2.6716032!4d118.8889317!16s%2Fg%2F11b8_pxwys!19sChIJjTBq2rDZki0RGax81Kex6L8?authuser=0&hl=en&rclk=1,-2.6716032,118.8889317
Pantai Loboqna Tubo Tengah,Sulawesi Barat,4.5,sangat bagus,https://www.google.com/maps/place/Pantai+Loboqna+Tubo+Tengah/data=!4m7!3m6!1s0x2d934ecdb66ea079:0xc20c1ce16af10189!8m2!3d-3.0715309!4d118.7989255!16s%2Fg%2F11fz_90xsp!19sChIJeaButs1Oky0RiQHxauEcDMI?authuser=0&hl=en&rclk=1,-3.0715309,118.7989255
Pulau Karampuang,Sulawesi Barat,4.5,sangat bagus,https://www.google.com/maps/place/Pulau+Karampuang/data=!4m7!3m6!1s0x2d92da17620cfb91:0xd4c00579d7f0ec97!8m2!3d-2.6340865!4d118.8790585!16s%2Fg%2F11dxl6r26q!19sChIJkfsMYhfaki0Rl-zw13kFwNQ?authuser=0&hl=en&rclk=1,-2.6340865,118.8790585
Pantai Barat,Sulawesi Barat,3.6,bagus,https://www.google.com/maps/place/Pantai+Barat/data=!4m7!3m6!1s0x2d8d0f5f4091adcb:0x23fedc2bdb2ba81!8m2!3d-1.7348897!4d119.3063937!16s%2Fg%2F11f2wpj8z9!19sChIJy62RQF8PjS0RgbqyvcLtPwI?authuser=0&hl=en&rclk=1,-1.7348897,119.3063937
Wisata pantai polo pantai,Sulawesi Barat,5.0,sangat bagus,https://www.google.com/maps/place/Wisata+pantai+polo+pantai/data=!4m7!3m6!1s0x2d929b00720acd79:0xdc78c753141732f5!8m2!3d-2.2296875!4d119.1519375!16s%2Fg%2F11yn_zfrc9!19sChIJec0KcgCbki0R9TIXFFPHeNw?authuser=0&hl=en&rclk=1,-2.2296875,119.1519375
Pantai muara,Sulawesi Barat,4.0,bagus,https://www.google.com/maps/place/Pantai+muara/data=!4m7!3m6!1s0x2d8d0569d9273c13:0x678490398ef02197!8m2!3d-1.7134421!4d119.3022668!16s%2Fg%2F11pz87sg4s!19sChIJEzwn2WkFjS0RlyHwjjmQhGc?authuser=0&hl=en&rclk=1,-1.7134421,119.3022668
Pantai Tanisi,Sulawesi Barat,4.5,sangat bagus,https://www.google.com/maps/place/Pantai+Tanisi/data=!4m7!3m6!1s0x2d9339e29193bd89:0x134c51f920d0c4d8!8m2!3d-2.9691342!4d118.8616312!16s%2Fg%2F11kl2201lk!19sChIJib2TkeI5ky0R2MTQIPlRTBM?authuser=0&hl=en&rclk=1,-2.9691342,118.8616312
Pantai BTM,Sulawesi Barat,4.5,sangat bagus,https://www.google.com/maps/place/Pantai+BTM/data=!4m7!3m6!1s0x2d8d65d3db4eb6e9:0xeba1ebb0fc170f3a!8m2!3d-2.0248108!4d119.2137757!16s%2Fg%2F11v3qr8jfg!19sChIJ6bZO29NljS0ROg8X_LDroes?authuser=0&hl=en&rclk=1,-2.0248108,119.2137757
Pantai Kasambang,Sulawesi Barat,4.7,sangat bagus,https://www.google.com/maps/place/Pantai+Kasambang/data=!4m7!3m6!1s0x2d933af51cdff417:0x954d57c1aecf5cfc!8m2!3d-2.8869096!4d118.8850794!16s%2Fg%2F11f2706yxj!19sChIJF_TfHPU6ky0R_FzPrsFXTZU?authuser=0&hl=en&rclk=1,-2.8869096,118.8850794
Pantai Asmara Tapandulu,Sulawesi Barat,4.7,sangat bagus,https://www.google.com/maps/place/Pantai+Asmara+Tapandulu/data=!4m7!3m6!1s0x2d92d724558436c3:0x4d8481270fddf436!8m2!3d-2.6956688!4d118.7800317!16s%2Fg%2F11rggft4z8!19sChIJwzaEVSTXki0RNvTdDyeBhE0?authuser=0&hl=en&rclk=1,-2.6956688,118.7800317
Wisata pantai Losa,Sulawesi Barat,4.3,sangat bagus,https://www.google.com/maps/place/Wisata+pantai+Losa/data=!4m7!3m6!1s0x2d932b8344f48add:0x783dfa1fc8a1dfe!8m2!3d-2.6957883!4d118.7801936!16s%2Fg%2F11rzcp3502!19sChIJ3Yr0RIMrky0R_h2K_KHfgwc?authuser=0&hl=en&rclk=1,-2.6957883,118.7801936
Pantai Baurung,Sulawesi Barat,4.3,sangat bagus,https://www.google.com/maps/place/Pantai+Baurung/data=!4m7!3m6!1s0x2d9493d127f35d85:0x12cd2ca2f38bfcbb!8m2!3d-3.4882798!4d119.1768829!16s%2Fg%2F11fzbkyw1r!19sChIJhV3zJ9GTlC0Ru_yL86IszRI?authuser=0&hl=en&rclk=1,-3.4882798,119.1768829
Pantai Wisata Kambunong,Sulawesi Barat,4.5,sangat bagus,https://www.google.com/maps/place/Pantai+Wisata+Kambunong/data=!4m7!3m6!1s0x2d8d714a9346b563:0x25729707a4e766b8!8m2!3d-1.9557092!4d119.3136359!16s%2Fg%2F11txphc9w5!19sChIJY7VGk0pxjS0RuGbnpAeXciU?authuser=0&hl=en&rclk=1,-1.9557092,119.3136359
Pantai Hijau Simboro,Sulawesi Barat,4.5,sangat bagus,https://www.google.com/maps/place/Pantai+Hijau+Simboro/data=!4m7!3m6!1s0x2d92d900494747b1:0x399f3268ab1731da!8m2!3d-2.6704267!4d118.8620459!16s%2Fg%2F11vwflnz0k!19sChIJsUdHSQDZki0R2jEXq2gynzk?authuser=0&hl=en&rclk=1,-2.6704267,118.8620459
Pantai labuan,Sulawesi Barat,5.0,sangat bagus,https://www.google.com/maps/place/Pantai+labuan/data=!4m7!3m6!1s0x2d932da90c5ae071:0x7eee3a053c4d6d15!8m2!3d-2.7963202!4d118.7624659!16s%2Fg%2F11vhwyqzs_!19sChIJceBaDKktky0RFW1NPAU67n4?authuser=0&hl=en&rclk=1,-2.7963202,118.7624659
Pantai Barane Majene,Sulawesi Barat,4.1,sangat bagus,https://www.google.com/maps/place/Pantai+Barane+Majene/data=!4m7!3m6!1s0x2d94bf75ac3b9aa5:0x5260bfccd7cd02cc!8m2!3d-3.546272!4d118.996506!16s%2Fg%2F11b6p0691k!19sChIJpZo7rHW_lC0RzALN18y_YFI?authuser=0&hl=en&rclk=1,-3.546272,118.996506
Pantai Tanjong Buku,Sulawesi Barat,4.1,sangat bagus,https://www.google.com/maps/place/Pantai+Tanjong+Buku/data=!4m7!3m6!1s0x2d9492187b362f91:0x7ce982d0f5dfb801!8m2!3d-3.4891294!4d119.2095254!16s%2Fg%2F11dx8nmng5!19sChIJkS82exiSlC0RAbjf9dCC6Xw?authuser=0&hl=en&rclk=1,-3.4891294,119.2095254
Pantai Jalarangas,Sulawesi Barat,4.5,sangat bagus,https://www.google.com/maps/place/Pantai+Jalarangas/data=!4m7!3m6!1s0x2d92d9d9a87445ab:0x8e201fa696a26252!8m2!3d-2.6784465!4d118.8793874!16s%2Fg%2F11s8ms7myk!19sChIJq0V0qNnZki0RUmKilqYfII4?authuser=0&hl=en&rclk=1,-2.6784465,118.8793874
Pantai Lamungang Batu Malunda,Sulawesi Barat,4.4,sangat bagus,https://www.google.com/maps/place/Pantai+Lamungang+Batu+Malunda/data=!4m7!3m6!1s0x2d9347d7d0427ba1:0xb2a2883ddd985e32!8m2!3d-3.0239434!4d118.8602852!16s%2Fg%2F11cnd9d30w!19sChIJoXtC0NdHky0RMl6Y3T2IorI?authuser=0&hl=en&rclk=1,-3.0239434,118.8602852
Coastal Pamboang,Sulawesi Barat,4.3,sangat bagus,https://www.google.com/maps/place/Coastal+Pamboang/data=!4m7!3m6!1s0x2d94ba2894cfd6bd:0x574367055d596e3f!8m2!3d-3.4894852!4d118.8960513!16s%2Fg%2F11c5s4j6_g!19sChIJvdbPlCi6lC0RP25ZXQVnQ1c?authuser=0&hl=en&rclk=1,-3.4894852,118.8960513
Pantai Tawaro,Sulawesi Barat,5.0,sangat bagus,https://www.google.com/maps/place/Pantai+Tawaro/data=!4m7!3m6!1s0x2d92931e589ec0bd:0xb26579c8b7e9a50d!8m2!3d-2.3845145!4d119.1410567!16s%2Fg%2F11sszb2s__!19sChIJvcCeWB6Tki0RDaXpt8h5ZbI?authuser=0&hl=en&rclk=1,-2.3845145,119.1410567
Pantai silopo,Sulawesi Barat,4.7,sangat bagus,https://www.google.com/maps/place/Pantai+silopo/data=!4m7!3m6!1s0x2d9461cf3b92afe9:0x518336ad8b357401!8m2!3d-3.4762964!4d119.4455377!16s%2Fg%2F11h_4z4pd6!19sChIJ6a-SO89hlC0RAXQ1i602g1E?authuser=0&hl=en&rclk=1,-3.4762964,119.4455377
Pantai Kire,Sulawesi Barat,5.0,sangat bagus,https://www.google.com/maps/place/Pantai+Kire/data=!4m7!3m6!1s0x2d8d6353b3a59f27:0x1e0be835449ef997!8m2!3d-2.1299996!4d119.1914332!16s%2Fg%2F11sb8phvhj!19sChIJJ5-ls1NjjS0Rl_meRDXoCx4?authuser=0&hl=en&rclk=1,-2.1299996,119.1914332
Wisata Pantai Galung,Sulawesi Barat,3.3,bagus,https://www.google.com/maps/place/Wisata+Pantai+Galung/data=!4m7!3m6!1s0x2d92c2654f5765f9:0x9969312faf9620ad!8m2!3d-2.5260244!4d119.033657!16s%2Fg%2F11f106g538!19sChIJ-WVXT2XCki0RrSCWry8xaZk?authuser=0&hl=en&rclk=1,-2.5260244,119.033657
Pantai Baluno,Sulawesi Barat,4.3,sangat bagus,https://www.google.com/maps/place/Pantai+Baluno/data=!4m7!3m6!1s0x2d94a8bb7bfe002d:0xccd2c53d2a1ddd02!8m2!3d-3.3380595!4d118.8465068!16s%2Fg%2F11cs6d93mq!19sChIJLQD-e7uolC0RAt0dKj3F0sw?authuser=0&hl=en&rclk=1,-3.3380595,118.8465068
Tepi Laut Mamuju,Sulawesi Barat,4.4,sangat bagus,https://www.google.com/maps/place/Tepi+Laut+Mamuju/data=!4m7!3m6!1s0x2d92d9e17396dadb:0xc73032900c3de721!8m2!3d-2.677864!4d118.8803761!16s%2Fg%2F11h_vc6ftm!19sChIJ29qWc-HZki0RIec9DJAyMMc?authuser=0&hl=en&rclk=1,-2.677864,118.8803761
pantai cendrawasih 2,Sulawesi Barat,5.0,sangat bagus,https://www.google.com/maps/place/pantai+cendrawasih+2/data=!4m7!3m6!1s0x2d948f00559c50b7:0xdb2c6af024d1a646!8m2!3d-3.4280011!4d119.3177629!16s%2Fg%2F11nb2xk6jp!19sChIJt1CcVQCPlC0RRqbRJPBqLNs?authuser=0&hl=en&rclk=1,-3.4280011,119.3177629
Tanjung Ngalo Mamuju,Sulawesi Barat,4.4,sangat bagus,https://www.google.com/maps/place/Tanjung+Ngalo+Mamuju/data=!4m7!3m6!1s0x2d9331f70a940d95:0x540e408443d754ff!8m2!3d-2.8666905!4d118.7693474!16s%2Fg%2F11gf0qcmtd!19sChIJlQ2UCvcxky0R_1TXQ4RADlQ?authuser=0&hl=en&rclk=1,-2.8666905,118.7693474
PANTAI MUNU,Sulawesi Barat,4.3,sangat bagus,https://www.google.com/maps/place/PANTAI+MUNU/data=!4m7!3m6!1s0x2d94bf6280599a7b:0x101e0fe2e6fc517!8m2!3d-3.557457!4d118.9825554!16s%2Fg%2F11j1bzsd4r!19sChIJe5pZgGK_lC0RF8VvLv7gAQE?authuser=0&hl=en&rclk=1,-3.557457,118.9825554
PANTAI LANDI,Sulawesi Barat,5.0,sangat bagus,https://www.google.com/maps/place/PANTAI+LANDI/data=!4m7!3m6!1s0x2d92d747779e9821:0xa2a4e3ef671940cb!8m2!3d-2.6584468!4d118.8484783!16s%2Fg%2F11kpdx4mx6!19sChIJIZied0fXki0Ry0AZZ-_jpKI?authuser=0&hl=en&rclk=1,-2.6584468,118.8484783
Paputo Beach,Sulawesi Selatan,4.1,sangat bagus,https://www.google.com/maps/place/Paputo+Beach/data=!4m7!3m6!1s0x2d95bca3391604c3:0x5cde3edfb22e4a0d!8m2!3d-4.0534349!4d119.6191624!16s%2Fg%2F11clggj6g3!19sChIJwwQWOaO8lS0RDUoust8-3lw?authuser=0&hl=en&rclk=1,-4.0534349,119.6191624
Pantai Tete,Sulawesi Selatan,4.1,sangat bagus,https://www.google.com/maps/place/Pantai+Tete/data=!4m7!3m6!1s0x2dbdd2d102694af1:0x363e517df96f3fb5!8m2!3d-4.9443745!4d120.3055924!16s%2Fg%2F11ckqrqjyd!19sChIJ8UppAtHSvS0RtT9v-X1RPjY?authuser=0&hl=en&rclk=1,-4.9443745,120.3055924
Pantai Losari,Sulawesi Selatan,4.6,sangat bagus,https://www.google.com/maps/place/Pantai+Losari/data=!4m7!3m6!1s0x2dbf02ad4b426b4d:0x7a7a05da7cc4d207!8m2!3d-5.1429693!4d119.4074741!16s%2Fg%2F11g9vwlmcs!19sChIJTWtCS60Cvy0RB9LEfNoFeno?authuser=0&hl=en&rclk=1,-5.1429693,119.4074741
Pantai Marumasa,Sulawesi Selatan,4.4,sangat bagus,https://www.google.com/maps/place/Pantai+Marumasa/data=!4m7!3m6!1s0x2dbbf4480787b96b:0xcde001b5fdc36971!8m2!3d-5.5753658!4d120.4593842!16s%2Fg%2F11bw1prn_0!19sChIJa7mHB0j0uy0RcWnD_bUB4M0?authuser=0&hl=en&rclk=1,-5.5753658,120.4593842
Pantai Tanjung Bayang,Sulawesi Selatan,4.1,sangat bagus,https://www.google.com/maps/place/Pantai+Tanjung+Bayang/data=!4m7!3m6!1s0x2dbf1da6e1b213a7:0xc3a722db242465e7!8m2!3d-5.1835531!4d119.3892559!16s%2Fg%2F11c60jtqwf!19sChIJpxOy4aYdvy0R52UkJNsip8M?authuser=0&hl=en&rclk=1,-5.1835531,119.3892559
Pantai Salopi,Sulawesi Selatan,4.3,sangat bagus,https://www.google.com/maps/place/Pantai+Salopi/data=!4m7!3m6!1s0x2d9460c1568bd819:0xfebe9b407777247b!8m2!3d-3.5215298!4d119.4929373!16s%2Fg%2F11c6f067vl!19sChIJGdiLVsFglC0ReyR3d0Cbvv4?authuser=0&hl=en&rclk=1,-3.5215298,119.4929373
Pantai Ujung Suso,Sulawesi Selatan,4.3,sangat bagus,https://www.google.com/maps/place/Pantai+Ujung+Suso/data=!4m7!3m6!1s0x2d91a85aadbb4089:0x44626ca558599132!8m2!3d-2.6369678!4d120.745883!16s%2Fg%2F11fzc47t_b!19sChIJiUC7rVqokS0RMpFZWKVsYkQ?authuser=0&hl=en&rclk=1,-2.6369678,120.745883
Pantai Cimpu Selatan,Sulawesi Selatan,4.0,bagus,https://www.google.com/maps/place/Pantai+Cimpu+Selatan/data=!4m7!3m6!1s0x2d96bb85cf1ddd65:0x504d975c612d8f29!8m2!3d-3.4358865!4d120.3988557!16s%2Fg%2F11c5_rp5hm!19sChIJZd0dz4W7li0RKY8tYVyXTVA?authuser=0&hl=en&rclk=1,-3.4358865,120.3988557
Wisata Pantai Lowita,Sulawesi Selatan,4.1,sangat bagus,https://www.google.com/maps/place/Wisata+Pantai+Lowita/data=!4m7!3m6!1s0x2d95a5664a2e2bbb:0xaa400faea5b6a17!8m2!3d-3.9772639!4d119.5778333!16s%2Fg%2F11cs12q548!19sChIJuysuSmallS0RF2pb6voApAo?authuser=0&hl=en&rclk=1,-3.9772639,119.5778333
Pantai Bahari Kanipang,Sulawesi Selatan,4.6,sangat bagus,https://www.google.com/maps/place/Pantai+Bahari+Kanipang/data=!4m7!3m6!1s0x2d9460ae16e31ae1:0xf52709fca1676853!8m2!3d-3.5350654!4d119.5037547!16s%2Fg%2F11hbn3dw5p!19sChIJ4RrjFq5glC0RU2hnofwJJ_U?authuser=0&hl=en&rclk=1,-3.5350654,119.5037547
Pantai Punaga,Sulawesi Selatan,4.5,sangat bagus,https://www.google.com/maps/place/Pantai+Punaga/data=!4m7!3m6!1s0x2dbed54db76facd1:0xb718a43a24d36153!8m2!3d-5.5830778!4d119.4317734!16s%2Fg%2F11b8v4b_hp!19sChIJ0axvt03Vvi0RU2HTJDqkGLc?authuser=0&hl=en&rclk=1,-5.5830778,119.4317734
Pantai laguna,Sulawesi Selatan,4.1,sangat bagus,https://www.google.com/maps/place/Pantai+laguna/data=!4m7!3m6!1s0x2dbe2f5d6e458005:0x9d6c603aa318cee0!8m2!3d-4.49261!4d119.594005!16s%2Fg%2F11d_85dbbw!19sChIJBYBFbl0vvi0R4M4YozpgbJ0?authuser=0&hl=en&rclk=1,-4.49261,119.594005
Pantai Cappa Ujung,Sulawesi Selatan,4.2,sangat bagus,https://www.google.com/maps/place/Pantai+Cappa+Ujung/data=!4m7!3m6!1s0x2dbdc1e73c1a050d:0xddb64a1155919fa!8m2!3d-4.6585947!4d120.4569631!16s%2Fg%2F11g6bp27s1!19sChIJDQUaPOfBvS0R-hlZFaFk2w0?authuser=0&hl=en&rclk=1,-4.6585947,120.4569631
Pantai Biru,Sulawesi Selatan,4.5,sangat bagus,https://www.google.com/maps/place/Pantai+Biru/data=!4m7!3m6!1s0x2dbf1da6696e71c9:0x883aa3cdffdc1a87!8m2!3d-5.1758322!4d119.3876499!16s%2Fg%2F11pcc9g3sy!19sChIJyXFuaaYdvy0Rhxrc_82jOog?authuser=0&hl=en&rclk=1,-5.1758322,119.3876499
Pantai Pa'badilang,Sulawesi Selatan,4.6,sangat bagus,https://www.google.com/maps/place/Pantai+Pa%27badilang/data=!4m7!3m6!1s0x2dbbeaddba6dc6b7:0x47757c1499c29818!8m2!3d-5.7911016!4d120.5069871!16s%2Fg%2F121xjtqr!19sChIJt8Ztut3quy0RGJjCmRR8dUc?authuser=0&hl=en&rclk=1,-5.7911016,120.5069871
Lumpue Beach,Sulawesi Selatan,4.1,sangat bagus,https://www.google.com/maps/place/Lumpue+Beach/data=!4m7!3m6!1s0x2d95bcc09fdaecb5:0xc8903b5cf046e41e!8m2!3d-4.0570288!4d119.622249!16s%2Fg%2F11clybypby!19sChIJtezan8C8lS0RHuRG8Fw7kMg?authuser=0&hl=en&rclk=1,-4.0570288,119.622249
pantai Bara' UjungLero,Sulawesi Selatan,4.3,sangat bagus,https://www.google.com/maps/place/pantai+Bara%27+UjungLero/data=!4m7!3m6!1s0x2d95a357f99c51e9:0x66081057507df09!8m2!3d-4.0417335!4d119.5922586!16s%2Fg%2F11g6rcpq2x!19sChIJ6VGc-VejlS0RCd8HdQWBYAY?authuser=0&hl=en&rclk=1,-4.0417335,119.5922586
Pantai Iddang Sakka Sia Island,Sulawesi Selatan,4.5,sangat bagus,https://www.google.com/maps/place/Pantai+Iddang+Sakka+Sia+Island/data=!4m7!3m6!1s0x2dbe2f942b34cab3:0xcf0f0b688be89dea!8m2!3d-4.5258479!4d119.5832594!16s%2Fg%2F11f03m1r_w!19sChIJs8o0K5Qvvi0R6p3oi2gLD88?authuser=0&hl=en&rclk=1,-4.5258479,119.5832594
Losari Beach Platform,Sulawesi Selatan,4.4,sangat bagus,https://www.google.com/maps/place/Losari+Beach+Platform/data=!4m7!3m6!1s0x2dbee2bac603ef01:0x5fd47a3a79f13491!8m2!3d-5.1436198!4d119.4074821!16s%2Fg%2F1pzrzsrwg!19sChIJAe8Dxrrivi0RkTTxeTp61F8?authuser=0&hl=en&rclk=1,-5.1436198,119.4074821
Pantai Tanjung Layar Putih,Sulawesi Selatan,4.3,sangat bagus,https://www.google.com/maps/place/Pantai+Tanjung+Layar+Putih/data=!4m7!3m6!1s0x2dbf1db00ddda137:0x98b716f9db61047e!8m2!3d-5.1913364!4d119.3824746!16s%2Fg%2F11c2k6q7gv!19sChIJN6HdDbAdvy0RfgRh2_kWt5g?authuser=0&hl=en&rclk=1,-5.1913364,119.3824746
Pantai Tanjung Bira,Sulawesi Selatan,4.6,sangat bagus,https://www.google.com/maps/place/Pantai+Tanjung+Bira/data=!4m7!3m6!1s0x2dbbf3ecaf30b671:0x113e2e2194f9acd0!8m2!3d-5.6148403!4d120.4567972!16s%2Fg%2F11b7wcb8_j!19sChIJcbYwr-zzuy0R0Kz5lCEuPhE?authuser=0&hl=en&rclk=1,-5.6148403,120.4567972
Pantai Panrangluhu,Sulawesi Selatan,4.6,sangat bagus,https://www.google.com/maps/place/Pantai+Panrangluhu/data=!4m7!3m6!1s0x2dbbf47288b05e7f:0xb768f745aa0efd76!8m2!3d-5.5943151!4d120.4613646!16s%2Fg%2F11bw1q2r9n!19sChIJf16wiHL0uy0Rdv0OqkX3aLc?authuser=0&hl=en&rclk=1,-5.5943151,120.4613646
Pantai Anging Mammiri,Sulawesi Selatan,4.3,sangat bagus,https://www.google.com/maps/place/Pantai+Anging+Mammiri/data=!4m7!3m6!1s0x2dbf1d09ed927acb:0x55410de5e97d1932!8m2!3d-5.1806802!4d119.3893833!16s%2Fg%2F11c0pysrv9!19sChIJy3qS7Qkdvy0RMhl96eUNQVU?authuser=0&hl=en&rclk=1,-5.1806802,119.3893833
Tanjung Pero Beach,Sulawesi Selatan,4.4,sangat bagus,https://www.google.com/maps/place/Tanjung+Pero+Beach/data=!4m7!3m6!1s0x2dbc2d84595bf7cd:0x41be599bbea990de!8m2!3d-4.9696934!4d120.3024357!16s%2Fg%2F11p3wc9t7c!19sChIJzfdbWYQtvC0R3pCpvptZvkE?authuser=0&hl=en&rclk=1,-4.9696934,120.3024357
Pantai Topejawa Takalar,Sulawesi Selatan,4.3,sangat bagus,https://www.google.com/maps/place/Pantai+Topejawa+Takalar/data=!4m7!3m6!1s0x2dbed608ed24e331:0xd37460940614fdc3!8m2!3d-5.509035!4d119.431049!16s%2Fg%2F11h9rfgf4z!19sChIJMeMk7QjWvi0Rw_0UBpRgdNM?authuser=0&hl=en&rclk=1,-5.509035,119.431049
Pantai Dato Majene,Sulawesi Selatan,4.5,sangat bagus,https://www.google.com/maps/place/Pantai+Dato+Majene/data=!4m7!3m6!1s0x2d94bf625060110f:0xb848969411c2777e!8m2!3d-3.5595037!4d118.9843342!16s%2Fg%2F11c0qfrhpw!19sChIJDxFgUGK_lC0RfnfCEZSWSLg?authuser=0&hl=en&rclk=1,-3.5595037,118.9843342
Anjungan Toraja Mandar Pantai Losari,Sulawesi Selatan,4.4,sangat bagus,https://www.google.com/maps/place/Anjungan+Toraja+Mandar+Pantai+Losari/data=!4m7!3m6!1s0x2dbf02ad65f820e1:0x1ac1f950078b8eef!8m2!3d-5.141813!4d119.4068542!16s%2Fg%2F11bzq39lmq!19sChIJ4SD4Za0Cvy0R746LB1D5wRo?authuser=0&hl=en&rclk=1,-5.141813,119.4068542
Mandala Ria Beach,Sulawesi Selatan,4.4,sangat bagus,https://www.google.com/maps/place/Mandala+Ria+Beach/data=!4m7!3m6!1s0x2dbc0a1009d360f9:0x14cc3836f78155c8!8m2!3d-5.5200583!4d120.4473083!16s%2Fg%2F11f3p1n452!19sChIJ-WDTCRAKvC0RyFWB9zY4zBQ?authuser=0&hl=en&rclk=1,-5.5200583,120.4473083
Kasuso,Sulawesi Selatan,4.4,sangat bagus,https://www.google.com/maps/place/Kasuso/data=!4m7!3m6!1s0x2dbbf5d1befbc613:0x6869705bdc29f2d!8m2!3d-5.5610113!4d120.4456342!16s%2Fg%2F11b7trcw6g!19sChIJE8b7vtH1uy0RLZ_CvQWXhgY?authuser=0&hl=en&rclk=1,-5.5610113,120.4456342
Pantai Harapan Ammani,Sulawesi Selatan,4.2,sangat bagus,https://www.google.com/maps/place/Pantai+Harapan+Ammani/data=!4m7!3m6!1s0x2d945421ec8b3f27:0xac7eed084f8e65e3!8m2!3d-3.7613623!4d119.4862724!16s%2Fg%2F11c3_9y7pq!19sChIJJz-L7CFUlC0R42WOTwjtfqw?authuser=0&hl=en&rclk=1,-3.7613623,119.4862724
Pantai Ponnori,Sulawesi Selatan,4.1,sangat bagus,https://www.google.com/maps/place/Pantai+Ponnori/data=!4m7!3m6!1s0x2d969196f6d63d33:0x4a2e4118f6051d12!8m2!3d-3.6287208!4d120.4159773!16s%2Fg%2F11c0pzsky5!19sChIJMz3W9paRli0REh0F9hhBLko?authuser=0&hl=en&rclk=1,-3.6287208,120.4159773
Pantai Indah Bosowa,Sulawesi Selatan,4.3,sangat bagus,https://www.google.com/maps/place/Pantai+Indah+Bosowa/data=!4m7!3m6!1s0x2dbf1d895a49ebe7:0xa3149ee1b45b7cb2!8m2!3d-5.164686!4d119.3880937!16s%2Fg%2F11mk5rbpy0!19sChIJ5-tJWokdvy0RsnxbtOGeFKM?authuser=0&hl=en&rclk=1,-5.164686,119.3880937
Pantai Punagaan,Sulawesi Selatan,4.6,sangat bagus,https://www.google.com/maps/place/Pantai+Punagaan/data=!4m7!3m6!1s0x2dba3628ec5910ad:0xbbb7ffe4bb3cf7ff!8m2!3d-6.2208863!4d120.5268337!16s%2Fg%2F11b72shghc!19sChIJrRBZ7Cg2ui0R__c8u-T_t7s?authuser=0&hl=en&rclk=1,-6.2208863,120.5268337
Pantai tete,Sulawesi Selatan,4.7,sangat bagus,https://www.google.com/maps/place/Pantai+tete/data=!4m7!3m6!1s0x2dbdd3b9766a9c21:0xd1ec8a883ee670a6!8m2!3d-4.948462!4d120.292478!16s%2Fg%2F11sqr1__3n!19sChIJIZxqdrnTvS0RpnDmPoiK7NE?authuser=0&hl=en&rclk=1,-4.948462,120.292478
Pantai Barombong,Sulawesi Selatan,4.2,sangat bagus,https://www.google.com/maps/place/Pantai+Barombong/data=!4m7!3m6!1s0x2dbf1dc8e947e003:0x52452dabe8f1d7e2!8m2!3d-5.2071952!4d119.3834301!16s%2Fg%2F120jxbh2!19sChIJA-BH6cgdvy0R4tfx6KstRVI?authuser=0&hl=en&rclk=1,-5.2071952,119.3834301
Pantai Cinta,Sulawesi Selatan,4.2,sangat bagus,https://www.google.com/maps/place/Pantai+Cinta/data=!4m7!3m6!1s0x2dbed61ad9ba2cff:0xdb03977f5061ba16!8m2!3d-5.5023172!4d119.4268759!16s%2Fg%2F11c1q8r7d3!19sChIJ_yy62RrWvi0RFrphUH-XA9s?authuser=0&hl=en&rclk=1,-5.5023172,119.4268759
Pantai Marbo,Sulawesi Selatan,4.2,sangat bagus,https://www.google.com/maps/place/Pantai+Marbo/data=!4m7!3m6!1s0x2dbefd9f81513bb9:0x43cb3a225056a95c!8m2!3d-5.1024521!4d119.4408113!16s%2Fg%2F11g8yj2vsl!19sChIJuTtRgZ_9vi0RXKlWUCI6y0M?authuser=0&hl=en&rclk=1,-5.1024521,119.4408113
Akkarena Beach Recreation Centre,Sulawesi Selatan,4.2,sangat bagus,https://www.google.com/maps/place/Akkarena+Beach+Recreation+Centre/data=!4m7!3m6!1s0x2dbf1d4fcfe6b003:0xc71d11dcaef93686!8m2!3d-5.1719969!4d119.3874997!16s%2Fg%2F1hc299r26!19sChIJA7Dmz08dvy0Rhjb5rtwRHcc?authuser=0&hl=en&rclk=1,-5.1719969,119.3874997
Pantai Ujung Batu,Sulawesi Selatan,4.1,sangat bagus,https://www.google.com/maps/place/Pantai+Ujung+Batu/data=!4m7!3m6!1s0x2dbe2807383b4a79:0xb6e27f1921603cab!8m2!3d-4.4083153!4d119.6018042!16s%2Fg%2F11b6sx4nl4!19sChIJeUo7OAcovi0RqzxgIRl_4rY?authuser=0&hl=en&rclk=1,-4.4083153,119.6018042
Pantai Lasonrai Cappa Gusung,Sulawesi Selatan,4.1,sangat bagus,https://www.google.com/maps/place/Pantai+Lasonrai+Cappa+Gusung/data=!4m7!3m6!1s0x2d9591e75ce15279:0xfbf8e9596edd166f!8m2!3d-4.2197421!4d119.6099741!16s%2Fg%2F11j6sx2m42!19sChIJeVLhXOeRlS0Rbxbdblnp-Ps?authuser=0&hl=en&rclk=1,-4.2197421,119.6099741
Pantai Pulau Liukang Loe,Sulawesi Selatan,4.6,sangat bagus,https://www.google.com/maps/place/Pantai+Pulau+Liukang+Loe/data=!4m7!3m6!1s0x2dbbf17f849b1743:0x65745e2786c16cc8!8m2!3d-5.6409546!4d120.4332732!16s%2Fg%2F11c0qgp2f8!19sChIJQxebhH_xuy0RyGzBhidedGU?authuser=0&hl=en&rclk=1,-5.6409546,120.4332732
Pantai Ujung Indah,Sulawesi Selatan,4.4,sangat bagus,https://www.google.com/maps/place/Pantai+Ujung+Indah/data=!4m7!3m6!1s0x2d95974af87a8471:0xe97acd778aba9962!8m2!3d-4.1819472!4d119.6244239!16s%2Fg%2F11gg5_90t5!19sChIJcYR6-EqXlS0RYpm6infNeuk?authuser=0&hl=en&rclk=1,-4.1819472,119.6244239
Pantai Pusahelu,Sulawesi Selatan,4.5,sangat bagus,https://www.google.com/maps/place/Pantai+Pusahelu/data=!4m7!3m6!1s0x2dbbf15234e3cd5f:0xb0fcfe62b53afc43!8m2!3d-5.6084906!4d120.4270056!16s%2Fg%2F11bw46r7x_!19sChIJX83jNFLxuy0RQ_w6tWL-_LA?authuser=0&hl=en&rclk=1,-5.6084906,120.4270056
Pantai Toronipa,Sulawesi Tenggara,4.1,sangat bagus,https://www.google.com/maps/place/Pantai+Toronipa/data=!4m7!3m6!1s0x2d98e973940bd0d7:0x8d6717741f95e82e!8m2!3d-3.8973773!4d122.6650554!16s%2Fg%2F11c5btv_rp!19sChIJ19ALlHPpmC0RLuiVH3QXZ40?authuser=0&hl=en&rclk=1,-3.8973773,122.6650554
Pantai Taipa,Sulawesi Tenggara,4.4,sangat bagus,https://www.google.com/maps/place/Pantai+Taipa/data=!4m7!3m6!1s0x2d98ffc8dde85be1:0x4a4d318fb81f829f!8m2!3d-3.7295243!4d122.3925169!16s%2Fg%2F11cmnl3_y9!19sChIJ4Vvo3cj_mC0Rn4IfuI8xTUo?authuser=0&hl=en&rclk=1,-3.7295243,122.3925169
Pantai Nambo,Sulawesi Tenggara,4.0,bagus,https://www.google.com/maps/place/Pantai+Nambo/data=!4m7!3m6!1s0x2d98935d4c8084f5:0xe7ca5afdc1cd47e6!8m2!3d-4.0014536!4d122.6166158!16s%2Fg%2F11bw1shn9x!19sChIJ9YSATF2TmC0R5kfNwf1ayuc?authuser=0&hl=en&rclk=1,-4.0014536,122.6166158
Pulau Wisata Bokori,Sulawesi Tenggara,4.5,sangat bagus,https://www.google.com/maps/place/Pulau+Wisata+Bokori/data=!4m7!3m6!1s0x2d98eba53b97ff15:0xf6266bebe5d037b9!8m2!3d-3.9400062!4d122.6597541!16s%2Fg%2F11g6j97fnv!19sChIJFf-XO6XrmC0RuTfQ5etrJvY?authuser=0&hl=en&rclk=1,-3.9400062,122.6597541
Pantai Pasir Putih,Sulawesi Tenggara,4.2,sangat bagus,https://www.google.com/maps/place/Pantai+Pasir+Putih/data=!4m7!3m6!1s0x2da2896f96961f41:0xc387ab048c2a768d!8m2!3d-4.4825811!4d122.2975797!16s%2Fg%2F11f4027g54!19sChIJQR-Wlm-Joi0RjXYqjASrh8M?authuser=0&hl=en&rclk=1,-4.4825811,122.2975797
Pantai Senja,Sulawesi Tenggara,4.6,sangat bagus,https://www.google.com/maps/place/Pantai+Senja/data=!4m7!3m6!1s0x2d9896fd2a58f573:0x66c0b16651cfccac!8m2!3d-4.085559!4d122.6618345!16s%2Fg%2F11f5369lc2!19sChIJc_VYKv2WmC0RrMzPUWaxwGY?authuser=0&hl=en&rclk=1,-4.085559,122.6618345
Pantai Katembe,Sulawesi Tenggara,4.4,sangat bagus,https://www.google.com/maps/place/Pantai+Katembe/data=!4m7!3m6!1s0x2da3878b6c2afaf1:0x61ef6fd02033b90d!8m2!3d-5.4063177!4d122.5127077!16s%2Fg%2F11clwpjtcj!19sChIJ8foqbIuHoy0RDbkzINBv72E?authuser=0&hl=en&rclk=1,-5.4063177,122.5127077
Nambo Beach,Sulawesi Tenggara,4.2,sangat bagus,https://www.google.com/maps/place/Nambo+Beach/data=!4m7!3m6!1s0x2d98935d9b6389fb:0xbc58ec6747a6097c!8m2!3d-4.0006546!4d122.6176896!16s%2Fg%2F1ptzshqx2!19sChIJ-4ljm12TmC0RfAmmR2fsWLw?authuser=0&hl=en&rclk=1,-4.0006546,122.6176896
"Pantai Kamali, Baubau",Sulawesi Tenggara,4.5,sangat bagus,"https://www.google.com/maps/place/Pantai+Kamali,+Baubau/data=!4m7!3m6!1s0x2da47694bd8a14c3:0xa5c2f41c654ddc21!8m2!3d-5.4546931!4d122.6071772!16s%2Fg%2F11c0rs2d1b!19sChIJwxSKvZR2pC0RIdxNZRz0wqU?authuser=0&hl=en&rclk=1",-5.4546931,122.6071772
Pantai Wantopi,Sulawesi Tenggara,4.2,sangat bagus,https://www.google.com/maps/place/Pantai+Wantopi/data=!4m7!3m6!1s0x2da386e81c9fb433:0x68489afaa786b250!8m2!3d-5.366841!4d122.4697163!16s%2Fg%2F11c26wscb0!19sChIJM7SfHOiGoy0RULKGp_qaSGg?authuser=0&hl=en&rclk=1,-5.366841,122.4697163
Pantai Pajala,Sulawesi Tenggara,3.9,bagus,https://www.google.com/maps/place/Pantai+Pajala/data=!4m7!3m6!1s0x2da3003c75741733:0x7ea3ac02a0e3bfa0!8m2!3d-4.8586091!4d122.3278274!16s%2Fg%2F11c75vqwmd!19sChIJMxd0dTwAoy0RoL_joAKso34?authuser=0&hl=en&rclk=1,-4.8586091,122.3278274
Pantai Nipa Nipa,Sulawesi Tenggara,4.3,sangat bagus,https://www.google.com/maps/place/Pantai+Nipa+Nipa/data=!4m7!3m6!1s0x2d98e9731f4853cf:0x68df10ebbfe331e9!8m2!3d-3.8966078!4d122.6647957!16s%2Fg%2F11f2xjymmb!19sChIJz1NIH3PpmC0R6THjv-sQ32g?authuser=0&hl=en&rclk=1,-3.8966078,122.6647957
Pantai Batu Gong Kendari,Sulawesi Tenggara,4.3,sangat bagus,https://www.google.com/maps/place/Pantai+Batu+Gong+Kendari/data=!4m7!3m6!1s0x2d98f1ee5493c7e7:0xf2dc67909a2c81ab!8m2!3d-3.8806523!4d122.5066228!16s%2Fg%2F11p00vwj7w!19sChIJ58eTVO7xmC0Rq4EsmpBn3PI?authuser=0&hl=en&rclk=1,-3.8806523,122.5066228
Pantai Panjang Toronipa,Sulawesi Tenggara,4.2,sangat bagus,https://www.google.com/maps/place/Pantai+Panjang+Toronipa/data=!4m7!3m6!1s0x2d98e97300000001:0xae792dabf3c40663!8m2!3d-3.8976495!4d122.6644769!16s%2Fg%2F11cmnkjjpc!19sChIJAQAAAHPpmC0RYwbE86stea4?authuser=0&hl=en&rclk=1,-3.8976495,122.6644769
Pantai Huntete,Sulawesi Tenggara,4.6,sangat bagus,https://www.google.com/maps/place/Pantai+Huntete/data=!4m7!3m6!1s0x2da70fc683b6a6e1:0x7a90816d239c41c6!8m2!3d-5.7596399!4d124.0052001!16s%2Fg%2F11f31frtbs!19sChIJ4aa2g8YPpy0RxkGcI22BkHo?authuser=0&hl=en&rclk=1,-5.7596399,124.0052001
Pantai Walengkabola,Sulawesi Tenggara,4.3,sangat bagus,https://www.google.com/maps/place/Pantai+Walengkabola/data=!4m7!3m6!1s0x2da3912f6e0e9a97:0x8599db3940962371!8m2!3d-5.1978488!4d122.5902306!16s%2Fg%2F11b6tfyxry!19sChIJl5oObi-Roy0RcSOWQDnbmYU?authuser=0&hl=en&rclk=1,-5.1978488,122.5902306
Pantai Lakeba,Sulawesi Tenggara,4.5,sangat bagus,https://www.google.com/maps/place/Pantai+Lakeba/data=!4m7!3m6!1s0x2da470c71e2bb41f:0x273addf155580585!8m2!3d-5.4920275!4d122.5625395!16s%2Fg%2F11hcpjp161!19sChIJH7QrHsdwpC0RhQVYVfHdOic?authuser=0&hl=en&rclk=1,-5.4920275,122.5625395
pantai langkowala,Sulawesi Tenggara,3.8,bagus,https://www.google.com/maps/place/pantai+langkowala/data=!4m7!3m6!1s0x2da2e878a2d81791:0xacd9e52e120238f3!8m2!3d-4.7186433!4d122.0313535!16s%2Fg%2F11fxzsc__j!19sChIJkRfYonjooi0R8zgCEi7l2aw?authuser=0&hl=en&rclk=1,-4.7186433,122.0313535
Taipa Beach,Sulawesi Tenggara,4.6,sangat bagus,https://www.google.com/maps/place/Taipa+Beach/data=!4m7!3m6!1s0x2d98ffb1ea684137:0x4ae33e5257b51dcd!8m2!3d-3.7295243!4d122.3925169!16s%2Fg%2F11qh572fkh!19sChIJN0Fo6rH_mC0RzR21V1I-40o?authuser=0&hl=en&rclk=1,-3.7295243,122.3925169
Pantai Harapan Pomalaa,Sulawesi Tenggara,4.1,sangat bagus,https://www.google.com/maps/place/Pantai+Harapan+Pomalaa/data=!4m7!3m6!1s0x2d97f8360c2d70b1:0xc553ab8ba95101c2!8m2!3d-4.1881139!4d121.5888963!16s%2Fg%2F11b638_rz7!19sChIJsXAtDDb4ly0RwgFRqYurU8U?authuser=0&hl=en&rclk=1,-4.1881139,121.5888963
Pantai Alo Alo,Sulawesi Tenggara,4.3,sangat bagus,https://www.google.com/maps/place/Pantai+Alo+Alo/data=!4m7!3m6!1s0x2da31ff01493d4f1:0xbe8b576e3bbe1870!8m2!3d-4.8732837!4d122.0392623!16s%2Fg%2F11sbdd53s_!19sChIJ8dSTFPAfoy0RcBi-O25Xi74?authuser=0&hl=en&rclk=1,-4.8732837,122.0392623
Pantai Mutiara,Sulawesi Tenggara,4.4,sangat bagus,https://www.google.com/maps/place/Pantai+Mutiara/data=!4m7!3m6!1s0x2da37fb0504699f1:0xfecffb5177122e65!8m2!3d-5.3961726!4d122.3198462!16s%2Fg%2F119pgd2hk!19sChIJ8ZlGULB_oy0RZS4Sd1H7z_4?authuser=0&hl=en&rclk=1,-5.3961726,122.3198462
Pantai La Poili,Sulawesi Tenggara,4.5,sangat bagus,https://www.google.com/maps/place/Pantai+La+Poili/data=!4m7!3m6!1s0x2da46bffbb6d11ab:0x3c7a5b7358f22d34!8m2!3d-5.6593385!4d122.6863311!16s%2Fg%2F11gxxgmcqj!19sChIJqxFtu_9rpC0RNC3yWHNbejw?authuser=0&hl=en&rclk=1,-5.6593385,122.6863311
Pantai One-One,Sulawesi Tenggara,4.9,sangat bagus,https://www.google.com/maps/place/Pantai+One-One/data=!4m7!3m6!1s0x2d98ff7514db384b:0x1c9c65fc285fa843!8m2!3d-3.7265613!4d122.3920717!16s%2Fg%2F11rv2l45j1!19sChIJSzjbFHX_mC0RQ6hfKPxlnBw?authuser=0&hl=en&rclk=1,-3.7265613,122.3920717
pantai Bone-Bone,Sulawesi Tenggara,3.7,bagus,https://www.google.com/maps/place/pantai+Bone-Bone/data=!4m7!3m6!1s0x2da476d940000001:0x3586811330ca2a9d!8m2!3d-5.4652277!4d122.5867605!16s%2Fg%2F11gbfrsjx0!19sChIJAQAAQNl2pC0RnSrKMBOBhjU?authuser=0&hl=en&rclk=1,-5.4652277,122.5867605
Pantai Sulaa,Sulawesi Tenggara,4.7,sangat bagus,https://www.google.com/maps/place/Pantai+Sulaa/data=!4m7!3m6!1s0x2da47060c7dc3ee5:0x1962f1e0d89ba85a!8m2!3d-5.519371!4d122.5583814!16s%2Fg%2F11c51t5xwt!19sChIJ5T7cx2BwpC0RWqib2ODxYhk?authuser=0&hl=en&rclk=1,-5.519371,122.5583814
Pantai Kampa,Sulawesi Tenggara,4.6,sangat bagus,https://www.google.com/maps/place/Pantai+Kampa/data=!4m7!3m6!1s0x2da1826635db2225:0x46adfeb9ef578eb5!8m2!3d-4.7840052!4d123.2038979!16s%2Fg%2F11bwf37ysq!19sChIJJSLbNWaCoS0RtY5X77n-rUY?authuser=0&hl=en&rclk=1,-4.7840052,123.2038979
Koguna Beach,Sulawesi Tenggara,4.3,sangat bagus,https://www.google.com/maps/place/Koguna+Beach/data=!4m7!3m6!1s0x2da1522d0d8e0815:0x87fd329662a089e6!8m2!3d-5.3036283!4d123.2159989!16s%2Fg%2F11b638n52w!19sChIJFQiODS1SoS0R5omgYpYy_Yc?authuser=0&hl=en&rclk=1,-5.3036283,123.2159989
PANTAI PUDONGGALA,Sulawesi Tenggara,4.5,sangat bagus,https://www.google.com/maps/place/PANTAI+PUDONGGALA/data=!4m7!3m6!1s0x2d98ffaf41d0e339:0x5119148f198e7526!8m2!3d-3.767321!4d122.4465676!16s%2Fg%2F11h_3djxq5!19sChIJOePQQa__mC0RJnWOGY8UGVE?authuser=0&hl=en&rclk=1,-3.767321,122.4465676
Pantai Widodo,Sulawesi Tenggara,4.3,sangat bagus,https://www.google.com/maps/place/Pantai+Widodo/data=!4m7!3m6!1s0x2da2e110a0027f8d:0x37f84aac7c7847c5!8m2!3d-4.8557194!4d122.0605144!16s%2Fg%2F11nyc6m74q!19sChIJjX8CoBDhoi0RxUd4fKxK-Dc?authuser=0&hl=en&rclk=1,-4.8557194,122.0605144
Pantai Pasir Putih Batu Putih,Sulawesi Tenggara,4.0,bagus,https://www.google.com/maps/place/Pantai+Pasir+Putih+Batu+Putih/data=!4m7!3m6!1s0x2da2126955a04dcd:0xb9250d8b4a5ff12a!8m2!3d-4.4120632!4d122.7792254!16s%2Fg%2F11gb40gypl!19sChIJzU2gVWkSoi0RKvFfSosNJbk?authuser=0&hl=en&rclk=1,-4.4120632,122.7792254
Pantai Mandra Kolaka,Sulawesi Tenggara,4.3,sangat bagus,https://www.google.com/maps/place/Pantai+Mandra+Kolaka/data=!4m7!3m6!1s0x2d978b0000000001:0xa9b2f7e67c6161fc!8m2!3d-4.0609654!4d121.5912308!16s%2Fg%2F11b7ztt7dd!19sChIJAQAAAACLly0R_GFhfOb3sqk?authuser=0&hl=en&rclk=1,-4.0609654,121.5912308
Pantai Meleura,Sulawesi Tenggara,4.5,sangat bagus,https://www.google.com/maps/place/Pantai+Meleura/data=!4m7!3m6!1s0x2da3c937a9ce9bdb:0xfe83af9f0f35405!8m2!3d-4.9292094!4d122.7563076!16s%2Fg%2F11j94gc6r7!19sChIJ25vOqTfJoy0RBVTz8Pk66A8?authuser=0&hl=en&rclk=1,-4.9292094,122.7563076
Pantai torobulu,Sulawesi Tenggara,4.4,sangat bagus,https://www.google.com/maps/place/Pantai+torobulu/data=!4m7!3m6!1s0x2da26545ddd42da1:0xa92ff880a84b491e!8m2!3d-4.4481101!4d122.4487578!16s%2Fg%2F11kk75gk6f!19sChIJoS3U3UVloi0RHklLqID4L6k?authuser=0&hl=en&rclk=1,-4.4481101,122.4487578
Pantai Toola,Sulawesi Tenggara,3.8,bagus,https://www.google.com/maps/place/Pantai+Toola/data=!4m7!3m6!1s0x2d98f1c9abe6706d:0x6e715910c8ec52f2!8m2!3d-3.8898937!4d122.5170157!16s%2Fg%2F11fzb1rmm8!19sChIJbXDmq8nxmC0R8lLsyBBZcW4?authuser=0&hl=en&rclk=1,-3.8898937,122.5170157
Pantai Wambuliga,Sulawesi Tenggara,4.5,sangat bagus,https://www.google.com/maps/place/Pantai+Wambuliga/data=!4m7!3m6!1s0x2da1372bdb98c841:0xb164300952c0ad32!8m2!3d-5.2721852!4d123.5208487!16s%2Fg%2F11h6qnkmll!19sChIJQciY2ys3oS0RMq3AUgkwZLE?authuser=0&hl=en&rclk=1,-5.2721852,123.5208487
Pantai Tanjung Tawatawaro,Sulawesi Tenggara,4.8,sangat bagus,https://www.google.com/maps/place/Pantai+Tanjung+Tawatawaro/data=!4m7!3m6!1s0x2da211e749dbb513:0x925848b4a10c18b4!8m2!3d-4.4175893!4d122.8751677!16s%2Fg%2F11s2kcr70r!19sChIJE7XbSecRoi0RtBgMobRIWJI?authuser=0&hl=en&rclk=1,-4.4175893,122.8751677
Pantai One Wanta,Sulawesi Tenggara,4.4,sangat bagus,https://www.google.com/maps/place/Pantai+One+Wanta/data=!4m7!3m6!1s0x2da4764b9bd49133:0x2620a987b27b9765!8m2!3d-5.427277!4d122.58587!16s%2Fg%2F11bw3c69dd!19sChIJM5HUm0t2pC0RZZd7soepICY?authuser=0&hl=en&rclk=1,-5.427277,122.58587
Pantai Sakura,Sulawesi Tenggara,4.8,sangat bagus,https://www.google.com/maps/place/Pantai+Sakura/data=!4m7!3m6!1s0x2da4017064805dbd:0x345bb4f17fa65013!8m2!3d-5.4411737!4d123.0250713!16s%2Fg%2F11gfnb7srf!19sChIJvV2AZHABpC0RE1Cmf_G0WzQ?authuser=0&hl=en&rclk=1,-5.4411737,123.0250713
Pantai Malaha,Sulawesi Tenggara,4.5,sangat bagus,https://www.google.com/maps/place/Pantai+Malaha/data=!4m7!3m6!1s0x2d9793f314fba485:0x5099115ee7dc5bc2!8m2!3d-3.9975309!4d121.4062189!16s%2Fg%2F11h3v6m30_!19sChIJhaT7FPOTly0Rwlvc514RmVA?authuser=0&hl=en&rclk=1,-3.9975309,121.4062189
Pantai Indah Kapu,Sulawesi Tenggara,4.2,sangat bagus,https://www.google.com/maps/place/Pantai+Indah+Kapu/data=!4m7!3m6!1s0x2d97933fbe751297:0x412eee0d4c90086c!8m2!3d-4.0001385!4d121.4193307!16s%2Fg%2F11ls_q30gg!19sChIJlxJ1vj-Tly0RbAiQTA3uLkE?authuser=0&hl=en&rclk=1,-4.0001385,121.4193307
Tanjung Beach,Sulawesi Tenggara,4.5,sangat bagus,https://www.google.com/maps/place/Tanjung+Beach/data=!4m7!3m6!1s0x2da49e9767efff6d:0x13dd34e664109a1e!8m2!3d-5.48719!4d122.071716!16s%2Fg%2F11c52k6qh5!19sChIJbf_vZ5eepC0RHpoQZOY03RM?authuser=0&hl=en&rclk=1,-5.48719,122.071716
Pantai Rahwana (Keindahan Pantai Dekat Danau),Sulawesi Tenggara,4.8,sangat bagus,https://www.google.com/maps/place/Pantai+Rahwana+%28Keindahan+Pantai+Dekat+Danau%29/data=!4m7!3m6!1s0x2da2e3002254c36b:0xc9ac2033649f7c91!8m2!3d-4.8231875!4d122.1009375!16s%2Fg%2F11w7ccsht8!19sChIJa8NUIgDjoi0RkXyfZDMgrMk?authuser=0&hl=en&rclk=1,-4.8231875,122.1009375
Pantai Marboro,Sulawesi Tenggara,4.8,sangat bagus,https://www.google.com/maps/place/Pantai+Marboro/data=!4m7!3m6!1s0x2da379f20167a031:0xfc9eba879f05e1a9!8m2!3d-5.298334!4d122.2754463!16s%2Fg%2F11stvrwt0d!19sChIJMaBnAfJ5oy0RqeEFn4e6nvw?authuser=0&hl=en&rclk=1,-5.298334,122.2754463
Wantopi Beach,Sulawesi Tenggara,4.8,sangat bagus,https://www.google.com/maps/place/Wantopi+Beach/data=!4m7!3m6!1s0x2da3813fffffffff:0x48651b3e8ab3e45d!8m2!3d-5.3666044!4d122.4697629!16s%2Fg%2F11g7nq_c94!19sChIJ_____z-Boy0RXeSzij4bZUg?authuser=0&hl=en&rclk=1,-5.3666044,122.4697629
Pantai Majapahit,Sulawesi Tenggara,4.6,sangat bagus,https://www.google.com/maps/place/Pantai+Majapahit/data=!4m7!3m6!1s0x2da4697f8cfef65b:0xf72077ded446ebb8!8m2!3d-5.6652673!4d122.619069!16s%2Fg%2F11p5lfm4_8!19sChIJW_b-jH9ppC0RuOtG1N53IPc?authuser=0&hl=en&rclk=1,-5.6652673,122.619069
Pantai Lahonduru Wasuemba Kab.Buton,Sulawesi Tenggara,4.2,sangat bagus,https://www.google.com/maps/place/Pantai+Lahonduru+Wasuemba+Kab.Buton/data=!4m7!3m6!1s0x2da416ee420a6879:0xc33d4f0827dcf051!8m2!3d-5.6319929!4d122.8380707!16s%2Fg%2F11g8wvkd5f!19sChIJeWgKQu4WpC0RUfDcJwhPPcM?authuser=0&hl=en&rclk=1,-5.6319929,122.8380707
Pantai Bungin Pinungan,Sulawesi Tenggara,4.8,sangat bagus,https://www.google.com/maps/place/Pantai+Bungin+Pinungan/data=!4m7!3m6!1s0x2da2156f5b6e6af3:0xbdb7cd3a0a56b549!8m2!3d-4.5313002!4d122.7473661!16s%2Fg%2F11g6bk56nw!19sChIJ82puW28Voi0RSbVWCjrNt70?authuser=0&hl=en&rclk=1,-4.5313002,122.7473661
Pantai Kalora,Sulawesi Tenggara,4.8,sangat bagus,https://www.google.com/maps/place/Pantai+Kalora/data=!4m7!3m6!1s0x2dbd49ff634f7719:0x3deadf18b9085e10!8m2!3d-4.546719!4d121.4796583!16s%2Fg%2F11rcq1phyq!19sChIJGXdPY_9JvS0REF4IuRjf6j0?authuser=0&hl=en&rclk=1,-4.546719,121.4796583
Lakadao Beach,Sulawesi Tenggara,4.9,sangat bagus,https://www.google.com/maps/place/Lakadao+Beach/data=!4m7!3m6!1s0x2da41607c6a6960d:0x2e9a7d2fa3416ae3!8m2!3d-5.6721933!4d122.810273!16s%2Fg%2F11dy_k886d!19sChIJDZamxgcWpC0R42pBoy99mi4?authuser=0&hl=en&rclk=1,-5.6721933,122.810273
PANTAI KEI-KEI,Sulawesi Tenggara,4.6,sangat bagus,https://www.google.com/maps/place/PANTAI+KEI-KEI/data=!4m7!3m6!1s0x2d97932846f7d765:0xc2cd01230e43dacc!8m2!3d-3.9961765!4d121.3609886!16s%2Fg%2F11pw2z90rg!19sChIJZdf3RiiTly0RzNpDDiMBzcI?authuser=0&hl=en&rclk=1,-3.9961765,121.3609886
Pantai Namu,Sulawesi Tenggara,4.4,sangat bagus,https://www.google.com/maps/place/Pantai+Namu/data=!4m7!3m6!1s0x2da20f0001290121:0xfbf1fb552691a80c!8m2!3d-4.3699739!4d122.8959364!16s%2Fg%2F11w3t64fr_!19sChIJIQEpAQAPoi0RDKiRJlX78fs?authuser=0&hl=en&rclk=1,-4.3699739,122.8959364
Pantai Lingge-lingge,Sulawesi Tenggara,4.8,sangat bagus,https://www.google.com/maps/place/Pantai+Lingge-lingge/data=!4m7!3m6!1s0x2da40ef971cb3561:0x20c4c4fce08f33c2!8m2!3d-5.4940239!4d122.8457492!16s%2Fg%2F11gd9qdq26!19sChIJYTXLcfkOpC0RwjOP4PzExCA?authuser=0&hl=en&rclk=1,-5.4940239,122.8457492
Pantai Pasir Putih,Papua,4.3,sangat bagus,https://www.google.com/maps/place/Pantai+Pasir+Putih/data=!4m7!3m6!1s0x2d538aa78861910d:0xded60afd648c41de!8m2!3d-0.8704698!4d134.1073893!16s%2Fg%2F11fszdlmnh!19sChIJDZFhiKeKUy0R3kGMZP0K1t4?authuser=0&hl=en&rclk=1,-0.8704698,134.1073893
Pantai Amai,Papua,4.3,sangat bagus,https://www.google.com/maps/place/Pantai+Amai/data=!4m7!3m6!1s0x686ce0c1f666eb97:0xd85f9554055348c!8m2!3d-2.4339533!4d140.3738591!16s%2Fg%2F11bzq0zpy9!19sChIJl-tm9sHgbGgRjDRVQFX5hQ0?authuser=0&hl=en&rclk=1,-2.4339533,140.3738591
Harlen Beach,Papua,4.6,sangat bagus,https://www.google.com/maps/place/Harlen+Beach/data=!4m7!3m6!1s0x686ce0ebf4503845:0xc3b3c23439369485!8m2!3d-2.4215006!4d140.3671381!16s%2Fg%2F11b7ld3y60!19sChIJRThQ9OvgbGgRhZQ2OTTCs8M?authuser=0&hl=en&rclk=1,-2.4215006,140.3671381
Base-G Beach,Papua,4.3,sangat bagus,https://www.google.com/maps/place/Base-G+Beach/data=!4m7!3m6!1s0x686c5767b0a792af:0x9c239c300165aea7!8m2!3d-2.5174272!4d140.7397204!16s%2Fg%2F11c529m7h5!19sChIJr5KnsGdXbGgRp65lATCcI5w?authuser=0&hl=en&rclk=1,-2.5174272,140.7397204
Tablanusu,Papua,4.4,sangat bagus,https://www.google.com/maps/place/Tablanusu/data=!4m7!3m6!1s0x686cddf4b0489a7b:0xc1d2796a0f6d1ed6!8m2!3d-2.4624454!4d140.3437349!16s%2Fg%2F120mhz5m!19sChIJe5pIsPTdbGgR1h5tD2p50sE?authuser=0&hl=en&rclk=1,-2.4624454,140.3437349
Pantai Hamadi Jayapura,Papua,4.2,sangat bagus,https://www.google.com/maps/place/Pantai+Hamadi+Jayapura/data=!4m7!3m6!1s0x686c58cf8a298051:0x450793d61085edec!8m2!3d-2.5788312!4d140.7091912!16s%2Fg%2F11bxg802bb!19sChIJUYApis9YbGgR7O2FENaTB0U?authuser=0&hl=en&rclk=1,-2.5788312,140.7091912
Pantai Maaf,Papua,4.3,sangat bagus,https://www.google.com/maps/place/Pantai+Maaf/data=!4m7!3m6!1s0x681fa25d579fb0cf:0xd72e82ffe86ca611!8m2!3d-3.3602625!4d135.4967649!16s%2Fg%2F1jkz3x5j6!19sChIJz7CfV12iH2gREaZs6P-CLtc?authuser=0&hl=en&rclk=1,-3.3602625,135.4967649
Pantai Humbolt,Papua,4.1,sangat bagus,https://www.google.com/maps/place/Pantai+Humbolt/data=!4m7!3m6!1s0x686c5f2cffcfc7c1:0xe84d7c8da91e6e55!8m2!3d-2.5872823!4d140.7131565!16s%2Fg%2F11gcwwmgdv!19sChIJwcfP_yxfbGgRVW4eqY18Teg?authuser=0&hl=en&rclk=1,-2.5872823,140.7131565
White sand beach,Papua,4.3,sangat bagus,https://www.google.com/maps/place/White+sand+beach/data=!4m7!3m6!1s0x2d538aa7f3348717:0xe77fe53f27490180!8m2!3d-0.8707101!4d134.1067164!16s%2Fg%2F11f0_bq7k3!19sChIJF4c086eKUy0RgAFJJz_lf-c?authuser=0&hl=en&rclk=1,-0.8707101,134.1067164
"Pantai Wari, Biak Utara - Papua",Papua,4.6,sangat bagus,"https://www.google.com/maps/place/Pantai+Wari,+Biak+Utara+-+Papua/data=!4m7!3m6!1s0x68015841d4b413a1:0xab0cba1b4bbbb6e3!8m2!3d-0.858499!4d136.034853!16s%2Fg%2F11dzsz06fl!19sChIJoRO01EFYAWgR47a7Sxu6DKs?authuser=0&hl=en&rclk=1",-0.858499,136.034853
Talassa Beach (Pantai Rusia),Papua,4.6,sangat bagus,https://www.google.com/maps/place/Talassa+Beach+%28Pantai+Rusia%29/data=!4m7!3m6!1s0x686ce0637d6ca0fb:0xa106bf9f13308a7!8m2!3d-2.4135248!4d140.3605436!16s%2Fg%2F11clvm_k3j!19sChIJ-6BsfWPgbGgRpwgz8flrEAo?authuser=0&hl=en&rclk=1,-2.4135248,140.3605436
Pantai Sowa,Papua,4.7,sangat bagus,https://www.google.com/maps/place/Pantai+Sowa/data=!4m7!3m6!1s0x681fdfe86ff25853:0x338fe0037c56d4f!8m2!3d-3.3396422!4d135.0157781!16s%2Fg%2F11c5qmx26_!19sChIJU1jyb-jfH2gRT23FNwD-OAM?authuser=0&hl=en&rclk=1,-3.3396422,135.0157781
Sinokisi Beach,Papua,4.7,sangat bagus,https://www.google.com/maps/place/Sinokisi+Beach/data=!4m7!3m6!1s0x686cdecd38357f71:0xecf7d9dfd4f9ebcd!8m2!3d-2.4046378!4d140.2446279!16s%2Fg%2F11dx96f27c!19sChIJcX81OM3ebGgRzev51N_Z9-w?authuser=0&hl=en&rclk=1,-2.4046378,140.2446279
Anggopi Beach,Papua,4.4,sangat bagus,https://www.google.com/maps/place/Anggopi+Beach/data=!4m7!3m6!1s0x680473bf7b765569:0x969240124bfe0f52!8m2!3d-1.141597!4d136.3077747!16s%2Fg%2F11c6m3hv6l!19sChIJaVV2e79zBGgRUg_-SxJAkpY?authuser=0&hl=en&rclk=1,-1.141597,136.3077747
Pantai Werur,Papua,4.9,sangat bagus,https://www.google.com/maps/place/Pantai+Werur/data=!4m7!3m6!1s0x2d584ba90dcc38c7:0x1532d5edeb6a0d99!8m2!3d-0.4155024!4d132.1903445!16s%2Fg%2F11cr_vs_x0!19sChIJxzjMDalLWC0RmQ1q6-3VMhU?authuser=0&hl=en&rclk=1,-0.4155024,132.1903445
Pantai Segara Indah,Papua,4.2,sangat bagus,https://www.google.com/maps/place/Pantai+Segara+Indah/data=!4m7!3m6!1s0x6804764374993fa9:0x728bd1d051627b70!8m2!3d-1.171219!4d136.2358147!16s%2Fg%2F11cmycd9m6!19sChIJqT-ZdEN2BGgRcHtiUdDRi3I?authuser=0&hl=en&rclk=1,-1.171219,136.2358147
Pantai Adoki,Papua,4.6,sangat bagus,https://www.google.com/maps/place/Pantai+Adoki/data=!4m7!3m6!1s0x6803939000000001:0x53e9991338f6134f!8m2!3d-1.1434772!4d135.9840307!16s%2Fg%2F11hbtfbp8y!19sChIJAQAAAJCTA2gRTxP2OBOZ6VM?authuser=0&hl=en&rclk=1,-1.1434772,135.9840307
Pantai Bakaro,Papua,4.4,sangat bagus,https://www.google.com/maps/place/Pantai+Bakaro/data=!4m7!3m6!1s0x2d5475707efe1521:0x2a78078185e78e10!8m2!3d-0.8631213!4d134.1267559!16s%2Fg%2F11c6qm09g6!19sChIJIRX-fnB1VC0REI7nhYEHeCo?authuser=0&hl=en&rclk=1,-0.8631213,134.1267559
Pantai Merry Nabire,Papua,4.1,sangat bagus,https://www.google.com/maps/place/Pantai+Merry+Nabire/data=!4m7!3m6!1s0x681fa2422bf6aaad:0xac6b501cb43b303!8m2!3d-3.3081197!4d135.5490525!16s%2Fg%2F11g8vp_wy3!19sChIJrar2K0KiH2gRA7NDywG1xgo?authuser=0&hl=en&rclk=1,-3.3081197,135.5490525
Pantai Dok 2 Jayapura,Papua,4.6,sangat bagus,https://www.google.com/maps/place/Pantai+Dok+2+Jayapura/data=!4m7!3m6!1s0x686c5901d120679d:0x14ace2e11944713f!8m2!3d-2.5380875!4d140.7137905!16s%2Fg%2F11q8t7yprx!19sChIJnWcg0QFZbGgRP3FEGeHirBQ?authuser=0&hl=en&rclk=1,-2.5380875,140.7137905
Pantai Yadibur,Papua,4.5,sangat bagus,https://www.google.com/maps/place/Pantai+Yadibur/data=!4m7!3m6!1s0x68039309f81ac549:0x9aea9e19437914d!8m2!3d-1.145139!4d136.018687!16s%2Fg%2F11h79sgtfv!19sChIJScUa-AmTA2gRTZE3lOGprgk?authuser=0&hl=en&rclk=1,-1.145139,136.018687
Pantai Water Basis,Papua,4.2,sangat bagus,https://www.google.com/maps/place/Pantai+Water+Basis/data=!4m7!3m6!1s0x680391d57c495331:0x88c0879fd933a87e!8m2!3d-1.1775209!4d136.056152!16s%2Fg%2F11g6vg7pkc!19sChIJMVNJfNWRA2gRfqgz2Z-HwIg?authuser=0&hl=en&rclk=1,-1.1775209,136.056152
Pantai Saramom,Papua,4.3,sangat bagus,https://www.google.com/maps/place/Pantai+Saramom/data=!4m7!3m6!1s0x68038fcc230f85df:0x8f20d31e62db8bbb!8m2!3d-1.18239!4d136.0692489!16s%2Fg%2F11f10f44s_!19sChIJ34UPI8yPA2gRu4vbYh7TII8?authuser=0&hl=en&rclk=1,-1.18239,136.0692489
Pantai Pasir Dua Jayapura,Papua,4.5,sangat bagus,https://www.google.com/maps/place/Pantai+Pasir+Dua+Jayapura/data=!4m7!3m6!1s0x686c57132524d12d:0x762527cffa35a806!8m2!3d-2.5033309!4d140.7304769!16s%2Fg%2F11c1n1rhrh!19sChIJLdEkJRNXbGgRBqg1-s8nJXY?authuser=0&hl=en&rclk=1,-2.5033309,140.7304769
Samares Beach,Papua,4.7,sangat bagus,https://www.google.com/maps/place/Samares+Beach/data=!4m7!3m6!1s0x6803f5d13f922f95:0x59dceafcd5381f8f!8m2!3d-1.045835!4d136.176921!16s%2Fg%2F11hbh6l_dz!19sChIJlS-SP9H1A2gRjx841fzq3Fk?authuser=0&hl=en&rclk=1,-1.045835,136.176921
Pantai CINTA (Cina Tua) Serui,Papua,4.2,sangat bagus,https://www.google.com/maps/place/Pantai+CINTA+%28Cina+Tua%29+Serui/data=!4m7!3m6!1s0x681b5779b6763831:0xc5301be3f94aa377!8m2!3d-1.8862499!4d136.2501353!16s%2Fg%2F11c5g9lbr1!19sChIJMTh2tnlXG2gRd6NK-eMbMMU?authuser=0&hl=en&rclk=1,-1.8862499,136.2501353
Pantai Ameyepa,Papua,4.8,sangat bagus,https://www.google.com/maps/place/Pantai+Ameyepa/data=!4m7!3m6!1s0x686ce06a874cd613:0x2d298a4c48e56410!8m2!3d-2.4040389!4d140.3685071!16s%2Fg%2F11gjm8c41l!19sChIJE9ZMh2rgbGgREGTlSEyKKS0?authuser=0&hl=en&rclk=1,-2.4040389,140.3685071
Pantai Skouw Sae,Papua,4.2,sangat bagus,https://www.google.com/maps/place/Pantai+Skouw+Sae/data=!4m7!3m6!1s0x686c4307c4a54ee1:0x2d098b7c0ef13164!8m2!3d-2.6157845!4d140.8855992!16s%2Fg%2F11f4ljhjn0!19sChIJ4U6lxAdDbGgRZDHxDnyLCS0?authuser=0&hl=en&rclk=1,-2.6157845,140.8855992
Pantai Sawadori,Papua,4.4,sangat bagus,https://www.google.com/maps/place/Pantai+Sawadori/data=!4m7!3m6!1s0x68040d8500545cbd:0x69d0dbe9cb660a2c!8m2!3d-1.0672918!4d136.3551328!16s%2Fg%2F11f3978x5n!19sChIJvVxUAIUNBGgRLApmy-nb0Gk?authuser=0&hl=en&rclk=1,-1.0672918,136.3551328
Pantai kekwa,Papua,4.6,sangat bagus,https://www.google.com/maps/place/Pantai+kekwa/data=!4m7!3m6!1s0x68240d94a1eb149f:0xdd8dfaa82a772fd!8m2!3d-4.7476139!4d136.4996073!16s%2Fg%2F11lgygnfv3!19sChIJnxTroZQNJGgR_XKngqrf2A0?authuser=0&hl=en&rclk=1,-4.7476139,136.4996073
Pantai Aulia,Papua,4.6,sangat bagus,https://www.google.com/maps/place/Pantai+Aulia/data=!4m7!3m6!1s0x686c5f7135c1e449:0x373077bc4134998a!8m2!3d-2.618117!4d140.7346732!16s%2Fg%2F11rgptdwv4!19sChIJSeTBNXFfbGgRipk0Qbx3MDc?authuser=0&hl=en&rclk=1,-2.618117,140.7346732
Skow Yambe Beach,Papua,4.6,sangat bagus,https://www.google.com/maps/place/Skow+Yambe+Beach/data=!4m7!3m6!1s0x686c5dbfc7baf0ab:0x63d8593e517dc05e!8m2!3d-2.6038584!4d140.801893!16s%2Fg%2F11p0hjzlx_!19sChIJq_C6x79dbGgRXsB9UT5Z2GM?authuser=0&hl=en&rclk=1,-2.6038584,140.801893
Pantai Petrus Kafiar,Papua,4.6,sangat bagus,https://www.google.com/maps/place/Pantai+Petrus+Kafiar/data=!4m7!3m6!1s0x2d540b00b9b3fe81:0xd5fbe65a22e2297b!8m2!3d-0.819116!4d134.0841393!16s%2Fg%2F11q97khfqv!19sChIJgf6zuQALVC0ReyniIlrm-9U?authuser=0&hl=en&rclk=1,-0.819116,134.0841393
Pantai Patawana,Papua,4.7,sangat bagus,https://www.google.com/maps/place/Pantai+Patawana/data=!4m7!3m6!1s0x2d46227f27d83289:0xfc36f242e7320d44!8m2!3d-3.0074872!4d132.4374527!16s%2Fg%2F11bzr6x09_!19sChIJiTLYJ38iRi0RRA0y50LyNvw?authuser=0&hl=en&rclk=1,-3.0074872,132.4374527
Pantai Sarawandori,Papua,4.5,sangat bagus,https://www.google.com/maps/place/Pantai+Sarawandori/data=!4m7!3m6!1s0x681ca838cd2c4389:0x19b525c726fb1bc3!8m2!3d-1.8726789!4d136.1916924!16s%2Fg%2F11c51vxx72!19sChIJiUMszTioHGgRwxv7JscltRk?authuser=0&hl=en&rclk=1,-1.8726789,136.1916924
Pantai Opensa,Papua,4.8,sangat bagus,https://www.google.com/maps/place/Pantai+Opensa/data=!4m7!3m6!1s0x686d281953d5711b:0x6ef0e1443a0a584b!8m2!3d-2.3756419!4d140.167338!16s%2Fg%2F11f54k3381!19sChIJG3HVUxkobWgRS1gKOkTh8G4?authuser=0&hl=en&rclk=1,-2.3756419,140.167338
Pantai Waipa,Papua,4.7,sangat bagus,https://www.google.com/maps/place/Pantai+Waipa/data=!4m7!3m6!1s0x686d283ac7cad361:0x2551b36f48393e77!8m2!3d-2.3710258!4d140.153823!16s%2Fg%2F11ggr06t19!19sChIJYdPKxzoobWgRdz45SG-zUSU?authuser=0&hl=en&rclk=1,-2.3710258,140.153823
Pantai Doromena,Papua,4.7,sangat bagus,https://www.google.com/maps/place/Pantai+Doromena/data=!4m7!3m6!1s0x686ce181514e10a1:0x8233f35337d2431a!8m2!3d-2.4160214!4d140.4259948!16s%2Fg%2F11f3n2t732!19sChIJoRBOUYHhbGgRGkPSN1PzM4I?authuser=0&hl=en&rclk=1,-2.4160214,140.4259948
Pantai Rowor Teluk Wondama,Papua,4.5,sangat bagus,https://www.google.com/maps/place/Pantai+Rowor+Teluk+Wondama/data=!4m7!3m6!1s0x2d4c8e9ec190a01d:0xb3e7c2b6354bb951!8m2!3d-2.5010147!4d134.4970219!16s%2Fg%2F11dfgwxs0g!19sChIJHaCQwZ6OTC0RUblLNbbC57M?authuser=0&hl=en&rclk=1,-2.5010147,134.4970219
Pantai Pelabuhan Depapre,Papua,4.2,sangat bagus,https://www.google.com/maps/place/Pantai+Pelabuhan+Depapre/data=!4m7!3m6!1s0x686ce71d0ea6c8db:0xe41e59d8f4f3fec4!8m2!3d-2.4497067!4d140.3585235!16s%2Fg%2F11spr05k1m!19sChIJ28imDh3nbGgRxP7z9NhZHuQ?authuser=0&hl=en&rclk=1,-2.4497067,140.3585235
Millas Samara Beach,Papua,4.7,sangat bagus,https://www.google.com/maps/place/Millas+Samara+Beach/data=!4m7!3m6!1s0x680473b76f899275:0x4e9b0b75657312e0!8m2!3d-1.1406551!4d136.311559!16s%2Fg%2F11d_7t06m4!19sChIJdZKJb7dzBGgR4BJzZXULm04?authuser=0&hl=en&rclk=1,-1.1406551,136.311559
Kupang / KURSI PANJANG DOK 2,Papua,4.4,sangat bagus,https://www.google.com/maps/place/Kupang+%2F+KURSI+PANJANG+DOK+2/data=!4m7!3m6!1s0x686c58367f86399b:0x13ef8ab5c0926321!8m2!3d-2.5366205!4d140.7159524!16s%2Fg%2F11cncv21b4!19sChIJmzmGfzZYbGgRIWOSwLWK7xM?authuser=0&hl=en&rclk=1,-2.5366205,140.7159524
Pantai Sirih Nabire Papua,Papua,4.7,sangat bagus,https://www.google.com/maps/place/Pantai+Sirih+Nabire+Papua/data=!4m7!3m6!1s0x681fa7504e7ef3e5:0x37c7b23fc94cf23d!8m2!3d-3.2606941!4d135.5556934!16s%2Fg%2F11r_wjp41z!19sChIJ5fN-TlCnH2gRPfJMyT-yxzc?authuser=0&hl=en&rclk=1,-3.2606941,135.5556934
PANTAI MARIMOI,Papua,4.4,sangat bagus,https://www.google.com/maps/place/PANTAI+MARIMOI/data=!4m7!3m6!1s0x681efd4af74bb899:0x79e637ed69bcf0e1!8m2!3d-3.1477274!4d135.7033822!16s%2Fg%2F11np49drhb!19sChIJmbhL90r9HmgR4fC8ae035nk?authuser=0&hl=en&rclk=1,-3.1477274,135.7033822
Pantai Saba Warwe,Papua,4.5,sangat bagus,https://www.google.com/maps/place/Pantai+Saba+Warwe/data=!4m7!3m6!1s0x68047506b92b0881:0xa4491749504a4822!8m2!3d-1.150262!4d136.2818004!16s%2Fg%2F11nx2p06rq!19sChIJgQgruQZ1BGgRIkhKUEkXSaQ?authuser=0&hl=en&rclk=1,-1.150262,136.2818004
Samber Beach,Papua,4.5,sangat bagus,https://www.google.com/maps/place/Samber+Beach/data=!4m7!3m6!1s0x680397fe69b5e521:0xe7baef23f7fea10c!8m2!3d-1.171834!4d135.908121!16s%2Fg%2F11h5v8_llk!19sChIJIeW1af6XA2gRDKH-9yPvuuc?authuser=0&hl=en&rclk=1,-1.171834,135.908121
Pantai Seribu Cemara,Papua,4.8,sangat bagus,https://www.google.com/maps/place/Pantai+Seribu+Cemara/data=!4m7!3m6!1s0x686d2a48f2009d95:0x8ccc078aef8ec2e6!8m2!3d-2.3523348!4d140.0771842!16s%2Fg%2F11s3bbgkws!19sChIJlZ0A8kgqbWgR5sKO74oHzIw?authuser=0&hl=en&rclk=1,-2.3523348,140.0771842
Pantai soryar,Papua,4.7,sangat bagus,https://www.google.com/maps/place/Pantai+soryar/data=!4m7!3m6!1s0x680477df60ffd907:0xa3ea4ec7a9c09dff!8m2!3d-1.1694457!4d136.2437946!16s%2Fg%2F11h54n4369!19sChIJB9n_YN93BGgR_53AqcdO6qM?authuser=0&hl=en&rclk=1,-1.1694457,136.2437946
Teluk Triton Kaimana,Papua,4.8,sangat bagus,https://www.google.com/maps/place/Teluk+Triton+Kaimana/data=!4m7!3m6!1s0x2d35eecda6b6cd1f:0x368cdd751211be7d!8m2!3d-3.8235359!4d133.9928543!16s%2Fg%2F11j8_w8_gg!19sChIJH822ps3uNS0Rfb4REnXdjDY?authuser=0&hl=en&rclk=1,-3.8235359,133.9928543
PANTAI YEMANG,Papua,5.0,sangat bagus,https://www.google.com/maps/place/PANTAI+YEMANG/data=!4m7!3m6!1s0x686ce3859d403cb7:0x3af2abf2a6173539!8m2!3d-2.4332499!4d140.4857934!16s%2Fg%2F11t4mwt83j!19sChIJtzxAnYXjbGgROTUXpvKr8jo?authuser=0&hl=en&rclk=1,-2.4332499,140.4857934
Pantai Pertamina,Papua,4.5,sangat bagus,https://www.google.com/maps/place/Pantai+Pertamina/data=!4m7!3m6!1s0x681b57f2e5be79a3:0x3495a63571c9b36b!8m2!3d-1.8859226!4d136.2266653!16s%2Fg%2F11dym95zqg!19sChIJo3m-5fJXG2gRa7PJcTWmlTQ?authuser=0&hl=en&rclk=1,-1.8859226,136.2266653
Anggaduber,Papua,4.5,sangat bagus,https://www.google.com/maps/place/Anggaduber/data=!4m7!3m6!1s0x680473b28dae6469:0x22607044ddd2684c!8m2!3d-1.1350467!4d136.3229627!16s%2Fg%2F11c1vmnjxl!19sChIJaWSujbJzBGgRTGjS3URwYCI?authuser=0&hl=en&rclk=1,-1.1350467,136.3229627
Pantai Balapis,Papua,5.0,sangat bagus,https://www.google.com/maps/place/Pantai+Balapis/data=!4m7!3m6!1s0x68246597155df715:0x482cd8b9c45640c1!8m2!3d-4.846571!4d136.6820722!16s%2Fg%2F11t2v39sqb!19sChIJFfddFZdlJGgRwUBWxLnYLEg?authuser=0&hl=en&rclk=1,-4.846571,136.6820722
Beach Budi,Papua,4.3,sangat bagus,https://www.google.com/maps/place/Beach+Budi/data=!4m7!3m6!1s0x681fa6c43b151af7:0xd057835229264f20!8m2!3d-3.3046082!4d135.5570405!16s%2Fg%2F11g9nrhdvd!19sChIJ9xoVO8SmH2gRIE8mKVKDV9A?authuser=0&hl=en&rclk=1,-3.3046082,135.5570405
"Pantai Talassa, Depapre, Jayapura Papua Indonesia",Papua,5.0,sangat bagus,"https://www.google.com/maps/place/Pantai+Talassa,+Depapre,+Jayapura+Papua+Indonesia/data=!4m7!3m6!1s0x686ce0402576f1e1:0x3969a7064fa0e2ac!8m2!3d-2.4035816!4d140.3693278!16s%2Fg%2F11fy4hlzn7!19sChIJ4fF2JUDgbGgRrOKgTwanaTk?authuser=0&hl=en&rclk=1",-2.4035816,140.3693278
Pantai itikiepa,Papua,4.1,sangat bagus,https://www.google.com/maps/place/Pantai+itikiepa/data=!4m7!3m6!1s0x686ce1ebba07919f:0x4efc7dea46cea8df!8m2!3d-2.4321783!4d140.3742121!16s%2Fg%2F11t7396rxw!19sChIJn5EHuuvhbGgR36jORup9_E4?authuser=0&hl=en&rclk=1,-2.4321783,140.3742121
Pantai Bunyayepa,Papua,5.0,sangat bagus,https://www.google.com/maps/place/Pantai+Bunyayepa/data=!4m7!3m6!1s0x686ce11dc26618a3:0xc687abe871ad9097!8m2!3d-2.4026875!4d140.3571875!16s%2Fg%2F11tjx3vk9t!19sChIJoxhmwh3hbGgRl5Ctceirh8Y?authuser=0&hl=en&rclk=1,-2.4026875,140.3571875
Pantai Aiwasi,Papua,5.0,sangat bagus,https://www.google.com/maps/place/Pantai+Aiwasi/data=!4m7!3m6!1s0x686ce107dc86a031:0xa4d662c7ac36a6d7!8m2!3d-2.413092!4d140.4124732!16s%2Fg%2F11fmv9ml0q!19sChIJMaCG3AfhbGgR16Y2rMdi1qQ?authuser=0&hl=en&rclk=1,-2.413092,140.4124732
Pantai Pasir Putih,Papua Barat,4.3,sangat bagus,https://www.google.com/maps/place/Pantai+Pasir+Putih/data=!4m7!3m6!1s0x2d538aa78861910d:0xded60afd648c41de!8m2!3d-0.8704698!4d134.1073893!16s%2Fg%2F11fszdlmnh!19sChIJDZFhiKeKUy0R3kGMZP0K1t4?authuser=0&hl=en&rclk=1,-0.8704698,134.1073893
White sand beach,Papua Barat,4.3,sangat bagus,https://www.google.com/maps/place/White+sand+beach/data=!4m7!3m6!1s0x2d538aa7f3348717:0xe77fe53f27490180!8m2!3d-0.8707101!4d134.1067164!16s%2Fg%2F11f0_bq7k3!19sChIJF4c086eKUy0RgAFJJz_lf-c?authuser=0&hl=en&rclk=1,-0.8707101,134.1067164
Pantai Bakaro,Papua Barat,4.4,sangat bagus,https://www.google.com/maps/place/Pantai+Bakaro/data=!4m7!3m6!1s0x2d5475707efe1521:0x2a78078185e78e10!8m2!3d-0.8631213!4d134.1267559!16s%2Fg%2F11c6qm09g6!19sChIJIRX-fnB1VC0REI7nhYEHeCo?authuser=0&hl=en&rclk=1,-0.8631213,134.1267559
Pantai Saleo,Papua Barat,4.6,sangat bagus,https://www.google.com/maps/place/Pantai+Saleo/data=!4m7!3m6!1s0x2d5f02b7e2e27a55:0x848c26d0dfb12814!8m2!3d-0.4411768!4d130.7875287!16s%2Fg%2F11hbgb87rf!19sChIJVXri4rcCXy0RFCix39AmjIQ?authuser=0&hl=en&rclk=1,-0.4411768,130.7875287
Pantai Werur,Papua Barat,4.9,sangat bagus,https://www.google.com/maps/place/Pantai+Werur/data=!4m7!3m6!1s0x2d584ba90dcc38c7:0x1532d5edeb6a0d99!8m2!3d-0.4155024!4d132.1903445!16s%2Fg%2F11cr_vs_x0!19sChIJxzjMDalLWC0RmQ1q6-3VMhU?authuser=0&hl=en&rclk=1,-0.4155024,132.1903445
"Pantai Tanjung Batu, Sorong",Papua Barat,4.2,sangat bagus,"https://www.google.com/maps/place/Pantai+Tanjung+Batu,+Sorong/data=!4m7!3m6!1s0x2d5ead10f38c8421:0x3351ce4208db866!8m2!3d-0.8162534!4d131.2536098!16s%2Fg%2F11c2y7fmbt!19sChIJIYSM8xCtXi0RZriNIOQcNQM?authuser=0&hl=en&rclk=1",-0.8162534,131.2536098
Pantai Petrus Kafiar,Papua Barat,4.6,sangat bagus,https://www.google.com/maps/place/Pantai+Petrus+Kafiar/data=!4m7!3m6!1s0x2d540b00b9b3fe81:0xd5fbe65a22e2297b!8m2!3d-0.819116!4d134.0841393!16s%2Fg%2F11q97khfqv!19sChIJgf6zuQALVC0ReyniIlrm-9U?authuser=0&hl=en&rclk=1,-0.819116,134.0841393
Pantai Undi,Papua Barat,4.5,sangat bagus,https://www.google.com/maps/place/Pantai+Undi/data=!4m7!3m6!1s0x2d56a7197d413713:0xde8799632795264f!8m2!3d-0.7265578!4d133.7592021!16s%2Fg%2F11cs01r1tg!19sChIJEzdBfRmnVi0RTyaVJ2OZh94?authuser=0&hl=en&rclk=1,-0.7265578,133.7592021
Pantai Batu Kotak Abasi,Papua Barat,4.7,sangat bagus,https://www.google.com/maps/place/Pantai+Batu+Kotak+Abasi/data=!4m7!3m6!1s0x2d538a8057ef9e89:0x1fa18c24744a6edf!8m2!3d-0.8717481!4d134.132217!16s%2Fg%2F11fzf0bcx8!19sChIJiZ7vV4CKUy0R325KdCSMoR8?authuser=0&hl=en&rclk=1,-0.8717481,134.132217
Pantai Dan Dermaga BASARNAS,Papua Barat,4.3,sangat bagus,https://www.google.com/maps/place/Pantai+Dan+Dermaga+BASARNAS/data=!4m7!3m6!1s0x2d53f44c8061dcfd:0x5746e13ad8967e33!8m2!3d-0.9006953!4d134.0438612!16s%2Fg%2F11c5rpkn5x!19sChIJ_dxhgEz0Uy0RM36W2DrhRlc?authuser=0&hl=en&rclk=1,-0.9006953,134.0438612
Pantai Amban,Papua Barat,4.5,sangat bagus,https://www.google.com/maps/place/Pantai+Amban/data=!4m7!3m6!1s0x2d540c843693e3dd:0xc0bdc353211c9cc5!8m2!3d-0.8109268!4d134.0637334!16s%2Fg%2F11hbh7_3xs!19sChIJ3eOTNoQMVC0RxZwcIVPDvcA?authuser=0&hl=en&rclk=1,-0.8109268,134.0637334
Pantai Saupapir,Papua Barat,4.1,sangat bagus,https://www.google.com/maps/place/Pantai+Saupapir/data=!4m7!3m6!1s0x2d5eadb15b3f2023:0x539c061a7899a868!8m2!3d-0.8189262!4d131.2401926!16s%2Fg%2F11cmhwhjxn!19sChIJIyA_W7GtXi0RaKiZeBoGnFM?authuser=0&hl=en&rclk=1,-0.8189262,131.2401926
Pantai Patawana,Papua Barat,4.7,sangat bagus,https://www.google.com/maps/place/Pantai+Patawana/data=!4m7!3m6!1s0x2d46227f27d83289:0xfc36f242e7320d44!8m2!3d-3.0074872!4d132.4374527!16s%2Fg%2F11bzr6x09_!19sChIJiTLYJ38iRi0RRA0y50LyNvw?authuser=0&hl=en&rclk=1,-3.0074872,132.4374527
Pantai Rowor Teluk Wondama,Papua Barat,4.5,sangat bagus,https://www.google.com/maps/place/Pantai+Rowor+Teluk+Wondama/data=!4m7!3m6!1s0x2d4c8e9ec190a01d:0xb3e7c2b6354bb951!8m2!3d-2.5010147!4d134.4970219!16s%2Fg%2F11dfgwxs0g!19sChIJHaCQwZ6OTC0RUblLNbbC57M?authuser=0&hl=en&rclk=1,-2.5010147,134.4970219
Pantai Kaimana,Papua Barat,4.3,sangat bagus,https://www.google.com/maps/place/Pantai+Kaimana/data=!4m7!3m6!1s0x2d49ffd70c0d6d41:0xcc1b0c7634a1e864!8m2!3d-3.6568124!4d133.7607078!16s%2Fg%2F11cr_m9nxm!19sChIJQW0NDNf_SS0RZOihNHYMG8w?authuser=0&hl=en&rclk=1,-3.6568124,133.7607078
Panorama Beach,Papua Barat,4.2,sangat bagus,https://www.google.com/maps/place/Panorama+Beach/data=!4m7!3m6!1s0x2d5eada5fae718ef:0x27620e195f88ebdd!8m2!3d-0.8173567!4d131.2351679!16s%2Fg%2F11d_vcf41q!19sChIJ7xjn-qWtXi0R3euIXxkOYic?authuser=0&hl=en&rclk=1,-0.8173567,131.2351679
Pantai Raipawi,Papua Barat,4.2,sangat bagus,https://www.google.com/maps/place/Pantai+Raipawi/data=!4m7!3m6!1s0x2d524256c17e4eef:0xa5b458c3a4fc533e!8m2!3d-1.5144231!4d134.2062633!16s%2Fg%2F11c60k5l2_!19sChIJ705-wVZCUi0RPlP8pMNYtKU?authuser=0&hl=en&rclk=1,-1.5144231,134.2062633
Pantai Tiberias,Papua Barat,4.5,sangat bagus,https://www.google.com/maps/place/Pantai+Tiberias/data=!4m7!3m6!1s0x2d5ead0786292e7d:0xf335bdce1740256e!8m2!3d-0.8190383!4d131.2408717!16s%2Fg%2F11g9g0b85q!19sChIJfS4phgetXi0RbiVAF869NfM?authuser=0&hl=en&rclk=1,-0.8190383,131.2408717
Teluk Triton Kaimana,Papua Barat,4.8,sangat bagus,https://www.google.com/maps/place/Teluk+Triton+Kaimana/data=!4m7!3m6!1s0x2d35eecda6b6cd1f:0x368cdd751211be7d!8m2!3d-3.8235359!4d133.9928543!16s%2Fg%2F11j8_w8_gg!19sChIJH822ps3uNS0Rfb4REnXdjDY?authuser=0&hl=en&rclk=1,-3.8235359,133.9928543
PANTAI WISATA SASIE,Papua Barat,4.6,sangat bagus,https://www.google.com/maps/place/PANTAI+WISATA+SASIE/data=!4m7!3m6!1s0x2d5411fa57964945:0xfee1f345cda81c8!8m2!3d-0.7293!4d133.9817667!16s%2Fg%2F11nyxh2d59!19sChIJRUmWV_oRVC0RyIHaXDQf7g8?authuser=0&hl=en&rclk=1,-0.7293,133.9817667
Pasir Timbul Mansuar Raja Ampat,Papua Barat,4.8,sangat bagus,https://www.google.com/maps/place/Pasir+Timbul+Mansuar+Raja+Ampat/data=!4m7!3m6!1s0x2d5ef84e132d8503:0x2da3fde5867e31b!8m2!3d-0.5506326!4d130.6693814!16s%2Fg%2F11c6tjwv5z!19sChIJA4UtE074Xi0RG-NnWN4_2gI?authuser=0&hl=en&rclk=1,-0.5506326,130.6693814
Tampagaram Beach,Papua Barat,4.1,sangat bagus,https://www.google.com/maps/place/Tampagaram+Beach/data=!4m7!3m6!1s0x2d5eac5fffa100d3:0x311665a2d48cc781!8m2!3d-0.8383529!4d131.2430383!16s%2Fg%2F11c38gpb2l!19sChIJ0wCh_1-sXi0RgceM1KJlFjE?authuser=0&hl=en&rclk=1,-0.8383529,131.2430383
Pantai Pasir Teluk Mubri,Papua Barat,4.8,sangat bagus,https://www.google.com/maps/place/Pantai+Pasir+Teluk+Mubri/data=!4m7!3m6!1s0x2d541be569e23b7f:0x54b2bd61fe6980c5!8m2!3d-0.7250116!4d133.8959716!16s%2Fg%2F11tsjtq4vj!19sChIJfzviaeUbVC0RxYBp_mG9slQ?authuser=0&hl=en&rclk=1,-0.7250116,133.8959716
Pantai Yadibur,Papua Barat,4.5,sangat bagus,https://www.google.com/maps/place/Pantai+Yadibur/data=!4m7!3m6!1s0x68039309f81ac549:0x9aea9e19437914d!8m2!3d-1.145139!4d136.018687!16s%2Fg%2F11h79sgtfv!19sChIJScUa-AmTA2gRTZE3lOGprgk?authuser=0&hl=en&rclk=1,-1.145139,136.018687
Pantai Batu Lobang Pasir Putih,Papua Barat,4.5,sangat bagus,https://www.google.com/maps/place/Pantai+Batu+Lobang+Pasir+Putih/data=!4m7!3m6!1s0x2d594fa798248aa7:0x734573f271e0a821!8m2!3d-0.7660597!4d131.4131198!16s%2Fg%2F11cn17wxx3!19sChIJp4okmKdPWS0RIajgcfJzRXM?authuser=0&hl=en&rclk=1,-0.7660597,131.4131198
Pantai Tanjung Batu,Papua Barat,4.9,sangat bagus,https://www.google.com/maps/place/Pantai+Tanjung+Batu/data=!4m7!3m6!1s0x2d5ead7e96e7b7cb:0x2a68bc8e49561d3b!8m2!3d-0.8162534!4d131.2536098!16s%2Fg%2F11rstjxvtf!19sChIJy7fnln6tXi0ROx1WSY68aCo?authuser=0&hl=en&rclk=1,-0.8162534,131.2536098
Pantai Kampung Sawatuk,Papua Barat,4.9,sangat bagus,https://www.google.com/maps/place/Pantai+Kampung+Sawatuk/data=!4m7!3m6!1s0x2d5969d9570e25b9:0xdfc42c3a3387b4d8!8m2!3d-0.7526009!4d131.6059783!16s%2Fg%2F11gblfm0nz!19sChIJuSUOV9lpWS0R2LSHMzosxN8?authuser=0&hl=en&rclk=1,-0.7526009,131.6059783
Pantai Tembok Berlin (PTB) Sorong,Papua Barat,4.2,sangat bagus,https://www.google.com/maps/place/Pantai+Tembok+Berlin+%28PTB%29+Sorong/data=!4m7!3m6!1s0x2d5eab094caebf89:0x5ea7c8af20034304!8m2!3d-0.8723739!4d131.2456856!16s%2Fg%2F11c2p338cb!19sChIJib-uTAmrXi0RBEMDIK_Ip14?authuser=0&hl=en&rclk=1,-0.8723739,131.2456856
Pantai Wambar,Papua Barat,4.9,sangat bagus,https://www.google.com/maps/place/Pantai+Wambar/data=!4m7!3m6!1s0x2d46238e88b5c391:0xb628f54cd9dd3a73!8m2!3d-3.0316756!4d132.4706776!16s%2Fg%2F11pvcb_kwd!19sChIJkcO1iI4jRi0Rczrd2Uz1KLY?authuser=0&hl=en&rclk=1,-3.0316756,132.4706776
Pantai Pintu Angin,Papua Barat,4.6,sangat bagus,https://www.google.com/maps/place/Pantai+Pintu+Angin/data=!4m7!3m6!1s0x2d520b5acdf6239d:0x88e191d57a80566e!8m2!3d-1.717951!4d134.084742!16s%2Fg%2F11hd1rpr54!19sChIJnSP2zVoLUi0RblaAetWR4Yg?authuser=0&hl=en&rclk=1,-1.717951,134.084742
Pantai Alinda,Papua Barat,4.1,sangat bagus,https://www.google.com/maps/place/Pantai+Alinda/data=!4m7!3m6!1s0x2d5eada838a9ab87:0x15c87a8449b3c73b!8m2!3d-0.8188385!4d131.23944!16s%2Fg%2F11clyswg0g!19sChIJh6upOKitXi0RO8ezSYR6yBU?authuser=0&hl=en&rclk=1,-0.8188385,131.23944
Pantai SorBar,Papua Barat,4.4,sangat bagus,https://www.google.com/maps/place/Pantai+SorBar/data=!4m7!3m6!1s0x2d5ead7326435bd9:0x8c026eb4ef96fa4f!8m2!3d-0.8300285!4d131.2296996!16s%2Fg%2F11qqqt70nn!19sChIJ2VtDJnOtXi0RT_qW77RuAow?authuser=0&hl=en&rclk=1,-0.8300285,131.2296996
"Pantai Saoka, Kota Sorong, Papua Barat",Papua Barat,4.3,sangat bagus,"https://www.google.com/maps/place/Pantai+Saoka,+Kota+Sorong,+Papua+Barat/data=!4m7!3m6!1s0x2d5ead16e8a64799:0xcb1760357c6254e0!8m2!3d-0.8152075!4d131.2572794!16s%2Fg%2F11f3s7c2jx!19sChIJmUem6BatXi0R4FRifDVgF8s?authuser=0&hl=en&rclk=1",-0.8152075,131.2572794
Makbon Beach,Papua Barat,4.2,sangat bagus,https://www.google.com/maps/place/Makbon+Beach/data=!4m7!3m6!1s0x2d5943c281302737:0x6aab9ba4ebfa8bbb!8m2!3d-0.7438904!4d131.5415413!16s%2Fg%2F11c6cz2y98!19sChIJNycwgcJDWS0Ru4v666Sbq2o?authuser=0&hl=en&rclk=1,-0.7438904,131.5415413
PETRUS KAFIAR BEACH,Papua Barat,3.8,bagus,https://www.google.com/maps/place/PETRUS+KAFIAR+BEACH/data=!4m7!3m6!1s0x2d540b9e0c72478f:0x22914beeb230fc5a!8m2!3d-0.819116!4d134.0841393!16s%2Fg%2F11ffl1bw22!19sChIJj0dyDJ4LVC0RWvwwsu5LkSI?authuser=0&hl=en&rclk=1,-0.819116,134.0841393
Pantai Jalan Baru,Papua Barat,4.6,sangat bagus,https://www.google.com/maps/place/Pantai+Jalan+Baru/data=!4m7!3m6!1s0x2d4613e8c476a18d:0x2474067c71260fc2!8m2!3d-2.9335001!4d132.3045722!16s%2Fg%2F11k3jd9c47!19sChIJjaF2xOgTRi0Rwg8mcXwGdCQ?authuser=0&hl=en&rclk=1,-2.9335001,132.3045722
Pantai Bobo Ransiki,Papua Barat,4.8,sangat bagus,https://www.google.com/maps/place/Pantai+Bobo+Ransiki/data=!4m7!3m6!1s0x2d52438c9818284f:0x4a9b06bf391f04ab!8m2!3d-1.5088417!4d134.2085029!16s%2Fg%2F11qhvy7d2g!19sChIJTygYmIxDUi0RqwQfOb8Gm0o?authuser=0&hl=en&rclk=1,-1.5088417,134.2085029
Otto & Geisler Beach,Papua Barat,5.0,sangat bagus,https://www.google.com/maps/place/Otto+%26+Geisler+Beach/data=!4m7!3m6!1s0x2d5eadd356ecbc01:0xfb85055f74e5b8a8!8m2!3d-0.8176547!4d131.237012!16s%2Fg%2F11kjf1m4rz!19sChIJAbzsVtOtXi0RqLjldF8Fhfs?authuser=0&hl=en&rclk=1,-0.8176547,131.237012
Pantai Wisata Gauksuak Kampung Malaumkarta Distrik Makbon Kabupaten Sorong Provinsi Papua Barat Daya,Papua Barat,1.0,biasa,https://www.google.com/maps/place/Pantai+Wisata+Gauksuak+Kampung+Malaumkarta+Distrik+Makbon+Kabupaten+Sorong+Provinsi+Papua+Barat+Daya/data=!4m7!3m6!1s0x2d5943003607b76f:0xae1ae5b8a6ba3e20!8m2!3d-0.7576792!4d131.569915!16s%2Fg%2F11ldq22_tx!19sChIJb7cHNgBDWS0RID66prjlGq4?authuser=0&hl=en&rclk=1,-0.7576792,131.569915
Pantai Timbul Raja Ampat,Papua Barat,4.4,sangat bagus,https://www.google.com/maps/place/Pantai+Timbul+Raja+Ampat/data=!4m7!3m6!1s0x2d5ef9961891f7df:0x1deba30200fed0d9!8m2!3d-0.552264!4d130.6960077!16s%2Fg%2F11c75v3vwd!19sChIJ3_eRGJb5Xi0R2dD-AAKj6x0?authuser=0&hl=en&rclk=1,-0.552264,130.6960077
Wisata Pasir Putih Yerusel,Papua Barat,4.6,sangat bagus,https://www.google.com/maps/place/Wisata+Pasir+Putih+Yerusel/data=!4m7!3m6!1s0x2d5c0761d2d7e3a3:0xb4c89bc19e03d15a!8m2!3d-1.0267208!4d131.2286837!16s%2Fg%2F11sdnnfz9j!19sChIJo-PX0mEHXC0RWtEDnsGbyLQ?authuser=0&hl=en&rclk=1,-1.0267208,131.2286837
Pantai Kampung Mibi Makbon,Papua Barat,5.0,sangat bagus,https://www.google.com/maps/place/Pantai+Kampung+Mibi+Makbon/data=!4m7!3m6!1s0x2d594300591d3173:0xe4f32b059c7f0a7c!8m2!3d-0.7660711!4d131.558008!16s%2Fg%2F11s36wbxlk!19sChIJczEdWQBDWS0RfAp_nAUr8-Q?authuser=0&hl=en&rclk=1,-0.7660711,131.558008
Pantai masmaspop,Papua Barat,4.7,sangat bagus,https://www.google.com/maps/place/Pantai+masmaspop/data=!4m7!3m6!1s0x2d5c4f7d43c1dd31:0x9c71283c7e04ce8b!8m2!3d-1.2606875!4d130.7844375!16s%2Fg%2F11rn2xl2ds!19sChIJMd3BQ31PXC0Ri84EfjwocZw?authuser=0&hl=en&rclk=1,-1.2606875,130.7844375
Pantai Wayob,Papua Barat,4.4,sangat bagus,https://www.google.com/maps/place/Pantai+Wayob/data=!4m7!3m6!1s0x2d466b4ac8a29c57:0x550778f4a339cae4!8m2!3d-2.9779178!4d132.2233277!16s%2Fg%2F11jl40rjzt!19sChIJV5yiyEprRi0R5Mo5o_R4B1U?authuser=0&hl=en&rclk=1,-2.9779178,132.2233277
Pantai Tanjung,Papua Barat,5.0,sangat bagus,https://www.google.com/maps/place/Pantai+Tanjung/data=!4m7!3m6!1s0x2d5fb70009a2a2df:0xbfd11d215eb93dad!8m2!3d-0.3480115!4d130.3438525!16s%2Fg%2F11y77wghkg!19sChIJ36KiCQC3Xy0RrT25XiEd0b8?authuser=0&hl=en&rclk=1,-0.3480115,130.3438525
Malaumkarta Beach,Papua Barat,4.5,sangat bagus,https://www.google.com/maps/place/Malaumkarta+Beach/data=!4m7!3m6!1s0x2d59426aec2492a5:0x57125f4a411af787!8m2!3d-0.7484983!4d131.5825863!16s%2Fg%2F11c6m9xm9d!19sChIJpZIk7GpCWS0Rh_caQUpfElc?authuser=0&hl=en&rclk=1,-0.7484983,131.5825863
Pantai Sausapor,Papua Barat,4.4,sangat bagus,https://www.google.com/maps/place/Pantai+Sausapor/data=!4m7!3m6!1s0x2d59b207a9f51bd5:0xb3c55e618eb1bda4!8m2!3d-0.4998706!4d132.0787229!16s%2Fg%2F11fzwr7yhp!19sChIJ1Rv1qQeyWS0RpL2xjmFexbM?authuser=0&hl=en&rclk=1,-0.4998706,132.0787229
Mansinam Beach,Papua Barat,4.5,sangat bagus,https://www.google.com/maps/place/Mansinam+Beach/data=!4m7!3m6!1s0x2d538b2cc9aba2df:0xb5a560db16832fd!8m2!3d-0.9026299!4d134.0964654!16s%2Fg%2F11ggq_bg7m!19sChIJ36KrySyLUy0R_TJosQ1WWgs?authuser=0&hl=en&rclk=1,-0.9026299,134.0964654
Pulau Matan Sorong Papua Barat,Papua Barat,4.6,sangat bagus,https://www.google.com/maps/place/Pulau+Matan+Sorong+Papua+Barat/data=!4m7!3m6!1s0x2d5c03128929337b:0x6bd52f321f33010d!8m2!3d-0.9553029!4d131.1486422!16s%2Fg%2F11gb3r4kfm!19sChIJezMpiRIDXC0RDQEzHzIv1Ws?authuser=0&hl=en&rclk=1,-0.9553029,131.1486422
Pantai Kaisarea,Papua Barat,4.5,sangat bagus,https://www.google.com/maps/place/Pantai+Kaisarea/data=!4m7!3m6!1s0x2d5eab3b0ef3e81b:0x81de37aec401be74!8m2!3d-0.8290469!4d131.2278666!16s%2Fg%2F11y1ld686w!19sChIJG-jzDjurXi0RdL4BxK433oE?authuser=0&hl=en&rclk=1,-0.8290469,131.2278666
Pantai ASAI,Papua Barat,4.2,sangat bagus,https://www.google.com/maps/place/Pantai+ASAI/data=!4m7!3m6!1s0x2d541beac15a61cd:0x1aefbdad9fa0d3ab!8m2!3d-0.7256425!4d133.9374905!16s%2Fg%2F11kb9wqc7r!19sChIJzWFaweobVC0Rq9Ogn6297xo?authuser=0&hl=en&rclk=1,-0.7256425,133.9374905
Pantai Kaladimala,Papua Barat,4.3,sangat bagus,https://www.google.com/maps/place/Pantai+Kaladimala/data=!4m7!3m6!1s0x2d594faec388b293:0xa55c77a64688acde!8m2!3d-0.7668435!4d131.4160236!16s%2Fg%2F11rwwt8x0c!19sChIJk7KIw65PWS0R3qyIRqZ3XKU?authuser=0&hl=en&rclk=1,-0.7668435,131.4160236
"Pantai Tanjung Kasuari, Sorong, Papua Barat",Papua Barat,4.3,sangat bagus,"https://www.google.com/maps/place/Pantai+Tanjung+Kasuari,+Sorong,+Papua+Barat/data=!4m7!3m6!1s0x2d595581fedb13df:0xaf710c750e4d97e7!8m2!3d-0.8202867!4d131.2430845!16s%2Fg%2F11h_hcztqn!19sChIJ3xPb_oFVWS0R55dNDnUMca8?authuser=0&hl=en&rclk=1",-0.8202867,131.2430845
The Lamp One Beach,Papua Selatan,4.3,sangat bagus,https://www.google.com/maps/place/The+Lamp+One+Beach/data=!4m7!3m6!1s0x69b5156fb5cafd57:0x95e2d63b0f7f8492!8m2!3d-8.5110648!4d140.3777131!16s%2Fg%2F11gbnknkkk!19sChIJV_3KtW8VtWkRkoR_DzvW4pU?authuser=0&hl=en&rclk=1,-8.5110648,140.3777131
Pantai lampu 1 merauke,Papua Selatan,4.5,sangat bagus,https://www.google.com/maps/place/Pantai+lampu+1+merauke/data=!4m7!3m6!1s0x69b5153dfafdc207:0xf59bbcfa7f2c2624!8m2!3d-8.5064562!4d140.3756777!16s%2Fg%2F11pv0d_hpm!19sChIJB8L9-j0VtWkRJCYsf_q8m_U?authuser=0&hl=en&rclk=1,-8.5064562,140.3756777
Pantai Anasai,Papua Selatan,4.5,sangat bagus,https://www.google.com/maps/place/Pantai+Anasai/data=!4m7!3m6!1s0x69b547566a5084ad:0x82ff90d0c785ee94!8m2!3d-8.4156567!4d140.2688133!16s%2Fg%2F11sv71wqmj!19sChIJrYRQalZHtWkRlO6Fx9CQ_4I?authuser=0&hl=en&rclk=1,-8.4156567,140.2688133
Pantai Onggaya,Papua Selatan,4.0,bagus,https://www.google.com/maps/place/Pantai+Onggaya/data=!4m7!3m6!1s0x69b5018a4796ea97:0x67bd9c9e0cca2367!8m2!3d-8.7828033!4d140.5975801!16s%2Fg%2F11fcmh3l66!19sChIJl-qWR4oBtWkRZyPKDJ6cvWc?authuser=0&hl=en&rclk=1,-8.7828033,140.5975801
Pantai Wisata Onggaya,Papua Selatan,4.0,bagus,https://www.google.com/maps/place/Pantai+Wisata+Onggaya/data=!4m7!3m6!1s0x69b505a4168cde17:0x292079965455bbdb!8m2!3d-8.7025248!4d140.5405419!16s%2Fg%2F11fylsq37p!19sChIJF96MFqQFtWkR27tVVJZ5ICk?authuser=0&hl=en&rclk=1,-8.7025248,140.5405419
Payum Beach,Papua Selatan,4.1,sangat bagus,https://www.google.com/maps/place/Payum+Beach/data=!4m7!3m6!1s0x69b51431b64104dd:0x42e8d5ca07f5a342!8m2!3d-8.5471825!4d140.4188401!16s%2Fg%2F11dxjwmfdw!19sChIJ3QRBtjEUtWkRQqP1B8rV6EI?authuser=0&hl=en&rclk=1,-8.5471825,140.4188401
Pantai Tubatub Tak,Papua Selatan,3.0,cukup bagus,https://www.google.com/maps/place/Pantai+Tubatub+Tak/data=!4m7!3m6!1s0x69b5470051f165fb:0xce0c5287cc7399b2!8m2!3d-8.4148178!4d140.2680265!16s%2Fg%2F11ynjvyw5f!19sChIJ-2XxUQBHtWkRsplzzIdSDM4?authuser=0&hl=en&rclk=1,-8.4148178,140.2680265
Pantai Amai,Papua Selatan,4.7,sangat bagus,https://www.google.com/maps/place/Pantai+Amai/data=!4m7!3m6!1s0x686ce1bbec2181d5:0x38cec4ad2e78f605!8m2!3d-2.4348424!4d140.3735734!16s%2Fg%2F11fszdlxnr!19sChIJ1YEh7LvhbGgRBfZ4Lq3Ezjg?authuser=0&hl=en&rclk=1,-2.4348424,140.3735734
Pantai Domande,Papua Selatan,5.0,sangat bagus,https://www.google.com/maps/place/Pantai+Domande/data=!4m7!3m6!1s0x69caabc562a0367f:0x4e94af5347b4a35d!8m2!3d-8.1743067!4d139.9752989!16s%2Fg%2F11qp29wq_l!19sChIJfzagYsWrymkRXaO0R1OvlE4?authuser=0&hl=en&rclk=1,-8.1743067,139.9752989
Pantai Wendu merauke,Papua Selatan,4.1,sangat bagus,https://www.google.com/maps/place/Pantai+Wendu+merauke/data=!4m7!3m6!1s0x69b54126f5e8ba65:0x26526a730d1cc294!8m2!3d-8.4393109!4d140.2959939!16s%2Fg%2F11tdr6n4b2!19sChIJZbro9SZBtWkRlMIcDXNqUiY?authuser=0&hl=en&rclk=1,-8.4393109,140.2959939
Wisata Pantai Nawaligh,Papua Selatan,3.7,bagus,https://www.google.com/maps/place/Wisata+Pantai+Nawaligh/data=!4m7!3m6!1s0x69b5154dfa510d77:0xf54a9adb250fa097!8m2!3d-8.5091737!4d140.3765114!16s%2Fg%2F11ptslq2gs!19sChIJdw1R-k0VtWkRl6APJduaSvU?authuser=0&hl=en&rclk=1,-8.5091737,140.3765114
Pantai Okaba,Papua Selatan,4.8,sangat bagus,https://www.google.com/maps/place/Pantai+Okaba/data=!4m7!3m6!1s0x68354bd1cce995e3:0xe3505493994e6cc7!8m2!3d-8.0973387!4d139.7135632!16s%2Fg%2F11flc56f_b!19sChIJ45XpzNFLNWgRx2xOmZNUUOM?authuser=0&hl=en&rclk=1,-8.0973387,139.7135632
Pantai Buti,Papua Selatan,3.4,bagus,https://www.google.com/maps/place/Pantai+Buti/data=!4m7!3m6!1s0x69b515f5f88e59bd:0xc24d2918da931bfe!8m2!3d-8.5251817!4d140.3945383!16s%2Fg%2F11lm3_q264!19sChIJvVmO-PUVtWkR_huT2hgpTcI?authuser=0&hl=en&rclk=1,-8.5251817,140.3945383
Pantai Imbuti,Papua Selatan,4.2,sangat bagus,https://www.google.com/maps/place/Pantai+Imbuti/data=!4m7!3m6!1s0x69b51521068dabb7:0x7b29d3f18c911474!8m2!3d-8.5121371!4d140.3796141!16s%2Fg%2F11knpnwwg7!19sChIJt6uNBiEVtWkRdBSRjPHTKXs?authuser=0&hl=en&rclk=1,-8.5121371,140.3796141
PANTAI EDOK,Papua Selatan,3.0,cukup bagus,https://www.google.com/maps/place/PANTAI+EDOK/data=!4m7!3m6!1s0x683be7cb66602d7b:0xaf4df2edf8a05bec!8m2!3d-5.0552508!4d138.5787728!16s%2Fg%2F11l6zttm5v!19sChIJey1gZsvnO2gR7Fug-O3yTa8?authuser=0&hl=en&rclk=1,-5.0552508,138.5787728
Pantai Sowa,Papua Tengah,4.7,sangat bagus,https://www.google.com/maps/place/Pantai+Sowa/data=!4m7!3m6!1s0x681fdfe86ff25853:0x338fe0037c56d4f!8m2!3d-3.3396422!4d135.0157781!16s%2Fg%2F11c5qmx26_!19sChIJU1jyb-jfH2gRT23FNwD-OAM?authuser=0&hl=en&rclk=1,-3.3396422,135.0157781
Wisata Pantai Gedo,Papua Tengah,3.9,bagus,https://www.google.com/maps/place/Wisata+Pantai+Gedo/data=!4m7!3m6!1s0x681fa6c6e2494ef9:0x4ffd8040ce323431!8m2!3d-3.3094124!4d135.54655!16s%2Fg%2F11cscc3k0p!19sChIJ-U5J4samH2gRMTQyzkCA_U8?authuser=0&hl=en&rclk=1,-3.3094124,135.54655
Pantai Monalisa,Papua Tengah,4.2,sangat bagus,https://www.google.com/maps/place/Pantai+Monalisa/data=!4m7!3m6!1s0x681fa85bad8dce6b:0x42c01b3b443ea72c!8m2!3d-3.24126!4d135.5694583!16s%2Fg%2F11fs_8s0rd!19sChIJa86NrVuoH2gRLKc-RDsbwEI?authuser=0&hl=en&rclk=1,-3.24126,135.5694583
Pantai Maaf,Papua Tengah,4.3,sangat bagus,https://www.google.com/maps/place/Pantai+Maaf/data=!4m7!3m6!1s0x681fa25d579fb0cf:0xd72e82ffe86ca611!8m2!3d-3.3602625!4d135.4967649!16s%2Fg%2F1jkz3x5j6!19sChIJz7CfV12iH2gREaZs6P-CLtc?authuser=0&hl=en&rclk=1,-3.3602625,135.4967649
Pantai Merry Nabire,Papua Tengah,4.1,sangat bagus,https://www.google.com/maps/place/Pantai+Merry+Nabire/data=!4m7!3m6!1s0x681fa2422bf6aaad:0xac6b501cb43b303!8m2!3d-3.3081197!4d135.5490525!16s%2Fg%2F11g8vp_wy3!19sChIJrar2K0KiH2gRA7NDywG1xgo?authuser=0&hl=en&rclk=1,-3.3081197,135.5490525
Pantai Mutiara,Papua Tengah,4.8,sangat bagus,https://www.google.com/maps/place/Pantai+Mutiara/data=!4m7!3m6!1s0x681f01006ee19923:0xffdbfed41b980869!8m2!3d-3.1632094!4d135.6593886!16s%2Fg%2F11y4rfcwrd!19sChIJI5nhbgABH2gRaQiYG9T-2_8?authuser=0&hl=en&rclk=1,-3.1632094,135.6593886
Pantai Sawadi Kuma,Papua Tengah,5.0,sangat bagus,https://www.google.com/maps/place/Pantai+Sawadi+Kuma/data=!4m7!3m6!1s0x681fab006b7c5db7:0x95d079167872565f!8m2!3d-3.1985533!4d135.5945126!16s%2Fg%2F11yyc4cmhf!19sChIJt118awCrH2gRX1ZyeBZ50JU?authuser=0&hl=en&rclk=1,-3.1985533,135.5945126
Pantai Kiel,Papua Tengah,4.5,sangat bagus,https://www.google.com/maps/place/Pantai+Kiel/data=!4m7!3m6!1s0x681f9809a1ac6df9:0xf2a819909d6151df!8m2!3d-3.375399!4d135.4626294!16s%2Fg%2F11c2l06hmq!19sChIJ-W2soQmYH2gR31FhnZAZqPI?authuser=0&hl=en&rclk=1,-3.375399,135.4626294
Pantai Eppylala,Papua Tengah,4.6,sangat bagus,https://www.google.com/maps/place/Pantai+Eppylala/data=!4m7!3m6!1s0x681fa6c2e3592fcb:0x16b2612ab941022d!8m2!3d-3.30641!4d135.5517854!16s%2Fg%2F11f3p1j9rn!19sChIJyy9Z48KmH2gRLQJBuSphshY?authuser=0&hl=en&rclk=1,-3.30641,135.5517854
Pantai Wisata Boratei,Papua Tengah,4.8,sangat bagus,https://www.google.com/maps/place/Pantai+Wisata+Boratei/data=!4m7!3m6!1s0x681fa7a327b87cab:0x311c7c7a89c4ba85!8m2!3d-3.2512576!4d135.5653631!16s%2Fg%2F11f5nmxf24!19sChIJq3y4J6OnH2gRhbrEiXp8HDE?authuser=0&hl=en&rclk=1,-3.2512576,135.5653631
Pantai Wisata Marthen Waray,Papua Tengah,5.0,sangat bagus,https://www.google.com/maps/place/Pantai+Wisata+Marthen+Waray/data=!4m7!3m6!1s0x681fa9aca12b828b:0x1ddf44753c97718c!8m2!3d-3.2473512!4d135.5644125!16s%2Fg%2F11ngnpy9ck!19sChIJi4IroaypH2gRjHGXPHVE3x0?authuser=0&hl=en&rclk=1,-3.2473512,135.5644125
Pantai kekwa,Papua Tengah,4.6,sangat bagus,https://www.google.com/maps/place/Pantai+kekwa/data=!4m7!3m6!1s0x68240d94a1eb149f:0xdd8dfaa82a772fd!8m2!3d-4.7476139!4d136.4996073!16s%2Fg%2F11lgygnfv3!19sChIJnxTroZQNJGgR_XKngqrf2A0?authuser=0&hl=en&rclk=1,-4.7476139,136.4996073
Pantai Erari,Papua Tengah,4.4,sangat bagus,https://www.google.com/maps/place/Pantai+Erari/data=!4m7!3m6!1s0x681f0174446993fd:0xc6ef0642aa62ca02!8m2!3d-3.1649837!4d135.6448855!16s%2Fg%2F11jmxvxpnj!19sChIJ_ZNpRHQBH2gRAspiqkIG78Y?authuser=0&hl=en&rclk=1,-3.1649837,135.6448855
Pantai Kimi,Papua Tengah,4.5,sangat bagus,https://www.google.com/maps/place/Pantai+Kimi/data=!4m7!3m6!1s0x681fa7cb7a046029:0x34e00294979fc84c!8m2!3d-3.2726917!4d135.5649817!16s%2Fg%2F11f03l6cyj!19sChIJKWAEesunH2gRTMifl5QC4DQ?authuser=0&hl=en&rclk=1,-3.2726917,135.5649817
Manase Beach,Papua Tengah,4.4,sangat bagus,https://www.google.com/maps/place/Manase+Beach/data=!4m7!3m6!1s0x681fa364b532c6fd:0xff4e2751c3a623d9!8m2!3d-3.3702062!4d135.477506!16s%2Fg%2F11fm172fjx!19sChIJ_cYytWSjH2gR2SOmw1EnTv8?authuser=0&hl=en&rclk=1,-3.3702062,135.477506
Pantai Sirih Nabire Papua,Papua Tengah,4.7,sangat bagus,https://www.google.com/maps/place/Pantai+Sirih+Nabire+Papua/data=!4m7!3m6!1s0x681fa7504e7ef3e5:0x37c7b23fc94cf23d!8m2!3d-3.2606941!4d135.5556934!16s%2Fg%2F11r_wjp41z!19sChIJ5fN-TlCnH2gRPfJMyT-yxzc?authuser=0&hl=en&rclk=1,-3.2606941,135.5556934
Beach Budi,Papua Tengah,4.3,sangat bagus,https://www.google.com/maps/place/Beach+Budi/data=!4m7!3m6!1s0x681fa6c43b151af7:0xd057835229264f20!8m2!3d-3.3046082!4d135.5570405!16s%2Fg%2F11g9nrhdvd!19sChIJ9xoVO8SmH2gRIE8mKVKDV9A?authuser=0&hl=en&rclk=1,-3.3046082,135.5570405
Pantai Merry,Papua Tengah,4.0,bagus,https://www.google.com/maps/place/Pantai+Merry/data=!4m7!3m6!1s0x681fa85c08107d15:0x80e3e8be1bb76df2!8m2!3d-3.2429117!4d135.568295!16s%2Fg%2F11g9q7tvxn!19sChIJFX0QCFyoH2gR8m23G77o44A?authuser=0&hl=en&rclk=1,-3.2429117,135.568295
Pantai Aurora Sangari,Papua Tengah,5.0,sangat bagus,https://www.google.com/maps/place/Pantai+Aurora+Sangari/data=!4m7!3m6!1s0x681fa9ffe2aafdbd:0xdc05d344a5a56312!8m2!3d-3.2477061!4d135.5637621!16s%2Fg%2F11kq4jb8rm!19sChIJvf2q4v-pH2gREmOlpUTTBdw?authuser=0&hl=en&rclk=1,-3.2477061,135.5637621
Pantai SOA ( Hiu Paus,Papua Tengah,5.0,sangat bagus,https://www.google.com/maps/place/Pantai+SOA+%28+Hiu+Paus/data=!4m7!3m6!1s0x681fdf007ca711c1:0xdead90dd4366f39d!8m2!3d-3.3399267!4d135.017021!16s%2Fg%2F11y5vhlvym!19sChIJwRGnfADfH2gRnfNmQ92Qrd4?authuser=0&hl=en&rclk=1,-3.3399267,135.017021
Pantai Alfa,Papua Tengah,5.0,sangat bagus,https://www.google.com/maps/place/Pantai+Alfa/data=!4m7!3m6!1s0x681efd000e5ff569:0x9f335cabecc3918b!8m2!3d-3.148085!4d135.7031937!16s%2Fg%2F11y6rxdj3j!19sChIJafVfDgD9HmgRi5HD7KtcM58?authuser=0&hl=en&rclk=1,-3.148085,135.7031937
PANTAI SEMBOR,Papua Tengah,5.0,sangat bagus,https://www.google.com/maps/place/PANTAI+SEMBOR/data=!4m7!3m6!1s0x681fa3006ce01655:0x450f3dca0f1c7530!8m2!3d-3.3686582!4d135.4810384!16s%2Fg%2F11w8qg1nrp!19sChIJVRbgbACjH2gRMHUcD8o9D0U?authuser=0&hl=en&rclk=1,-3.3686582,135.4810384
Pantai okomo,Papua Tengah,5.0,sangat bagus,https://www.google.com/maps/place/Pantai+okomo/data=!4m7!3m6!1s0x68222900343b24c1:0xc12f52dbd356733d!8m2!3d-4.0322229!4d136.2617695!16s%2Fg%2F11y9s2hcg9!19sChIJwSQ7NAApImgRPXNW09tSL8E?authuser=0&hl=en&rclk=1,-4.0322229,136.2617695
Pantai Wijure,Papua Tengah,2.5,cukup bagus,https://www.google.com/maps/place/Pantai+Wijure/data=!4m7!3m6!1s0x2d4acb0adef237b7:0xc62b39273ba298dc!8m2!3d-3.3104758!4d134.9679476!16s%2Fg%2F11l796gq5h!19sChIJtzfy3grLSi0R3JiiOyc5K8Y?authuser=0&hl=en&rclk=1,-3.3104758,134.9679476
Pantai Boratel,Papua Tengah,4.7,sangat bagus,https://www.google.com/maps/place/Pantai+Boratel/data=!4m7!3m6!1s0x681fa93b1d26dc07:0xb379c3813cfbcc19!8m2!3d-3.2512576!4d135.5653631!16s%2Fg%2F11rstkvx41!19sChIJB9wmHTupH2gRGcz7PIHDebM?authuser=0&hl=en&rclk=1,-3.2512576,135.5653631
Pantai Tisya,Papua Tengah,4.7,sangat bagus,https://www.google.com/maps/place/Pantai+Tisya/data=!4m7!3m6!1s0x681efdc2263afce1:0xb317f1ca97e9e9a0!8m2!3d-3.1479497!4d135.7034164!16s%2Fg%2F11q2t2dcp6!19sChIJ4fw6JsL9HmgRoOnpl8rxF7M?authuser=0&hl=en&rclk=1,-3.1479497,135.7034164
Pantai Irio,Papua Tengah,3.5,bagus,https://www.google.com/maps/place/Pantai+Irio/data=!4m7!3m6!1s0x681fa1a2f3819367:0x9755b67951b7ac61!8m2!3d-3.3256717!4d135.5343683!16s%2Fg%2F11sbdc9n9b!19sChIJZ5OB86KhH2gRYay3UXm2VZc?authuser=0&hl=en&rclk=1,-3.3256717,135.5343683
Pantai Dallson,Papua Tengah,5.0,sangat bagus,https://www.google.com/maps/place/Pantai+Dallson/data=!4m7!3m6!1s0x681fa90021ac67dd:0xed9e420b2ac5245a!8m2!3d-3.2085654!4d135.5905614!16s%2Fg%2F11vxcrxfjl!19sChIJ3WesIQCpH2gRWiTFKgtCnu0?authuser=0&hl=en&rclk=1,-3.2085654,135.5905614
Pantai Timuka,Papua Tengah,5.0,sangat bagus,https://www.google.com/maps/place/Pantai+Timuka/data=!4m7!3m6!1s0x68247314ba5753db:0x2d23f3ead2eebb!8m2!3d-4.78465!4d136.5380231!16s%2Fg%2F11spdd78px!19sChIJ21NXuhRzJGgRu-7S6vMjLQA?authuser=0&hl=en&rclk=1,-4.78465,136.5380231
PANTAI JESBRI BORATEI,Papua Tengah,4.4,sangat bagus,https://www.google.com/maps/place/PANTAI+JESBRI+BORATEI/data=!4m7!3m6!1s0x681fa7e6a1fbfd83:0x9e097b77a7e66693!8m2!3d-3.2639375!4d135.5570625!16s%2Fg%2F11t4_x3px9!19sChIJg_37oeanH2gRk2bmp3d7CZ4?authuser=0&hl=en&rclk=1,-3.2639375,135.5570625
Pantai Happy Palin,Papua Tengah,4.0,bagus,https://www.google.com/maps/place/Pantai+Happy+Palin/data=!4m7!3m6!1s0x681fa7af3aad9b99:0x396e42b74f652615!8m2!3d-3.2870701!4d135.5618524!16s%2Fg%2F11nyxblykd!19sChIJmZutOq-nH2gRFSZlT7dCbjk?authuser=0&hl=en&rclk=1,-3.2870701,135.5618524
Pantai Devi,Papua Tengah,4.0,bagus,https://www.google.com/maps/place/Pantai+Devi/data=!4m7!3m6!1s0x681fa74246f41d1d:0xdafc2dfdb8e0670c!8m2!3d-3.3033371!4d135.555539!16s%2Fg%2F11s22kd4m8!19sChIJHR30RkKnH2gRDGfguP0t_No?authuser=0&hl=en&rclk=1,-3.3033371,135.555539
PANTAI MARIMOI,Papua Tengah,4.4,sangat bagus,https://www.google.com/maps/place/PANTAI+MARIMOI/data=!4m7!3m6!1s0x681efd4af74bb899:0x79e637ed69bcf0e1!8m2!3d-3.1477274!4d135.7033822!16s%2Fg%2F11np49drhb!19sChIJmbhL90r9HmgR4fC8ae035nk?authuser=0&hl=en&rclk=1,-3.1477274,135.7033822
Pantai Bitangur,Papua Tengah,5.0,sangat bagus,https://www.google.com/maps/place/Pantai+Bitangur/data=!4m7!3m6!1s0x681f9500183c03bd:0xaa2a6995796085b7!8m2!3d-3.3869408!4d135.3117927!16s%2Fg%2F11vpk_8f16!19sChIJvQM8GACVH2gRt4VgeZVpKqo?authuser=0&hl=en&rclk=1,-3.3869408,135.3117927
Pantai Wagi,Papua Tengah,4.4,sangat bagus,https://www.google.com/maps/place/Pantai+Wagi/data=!4m7!3m6!1s0x681fe7c77910e75f:0xd6e5c107b6f67601!8m2!3d-3.3808233!4d135.123618!16s%2Fg%2F11j6smjr5f!19sChIJX-cQecfnH2gRAXb2tgfB5dY?authuser=0&hl=en&rclk=1,-3.3808233,135.123618
Pantai ABG Kalibobo,Papua Tengah,3.0,cukup bagus,https://www.google.com/maps/place/Pantai+ABG+Kalibobo/data=!4m7!3m6!1s0x681fa30068d1a653:0xb3bd32eabd30d21d!8m2!3d-3.3697878!4d135.478553!16s%2Fg%2F11vpv5b67n!19sChIJU6bRaACjH2gRHdIwveoyvbM?authuser=0&hl=en&rclk=1,-3.3697878,135.478553
Pantai Naomi,Papua Tengah,4.2,sangat bagus,https://www.google.com/maps/place/Pantai+Naomi/data=!4m7!3m6!1s0x681fa7f51be031d1:0xc1ea582ad4d9d6a8!8m2!3d-3.3043875!4d135.5544531!16s%2Fg%2F11g0sqrych!19sChIJ0THgG_WnH2gRqNbZ1CpY6sE?authuser=0&hl=en&rclk=1,-3.3043875,135.5544531
Pantai Sima,Papua Tengah,4.2,sangat bagus,https://www.google.com/maps/place/Pantai+Sima/data=!4m7!3m6!1s0x681fe86ab94f8e29:0xa50308440d4195c6!8m2!3d-3.3719476!4d135.1672458!16s%2Fg%2F11c614ztxg!19sChIJKY5PuWroH2gRxpVBDUQIA6U?authuser=0&hl=en&rclk=1,-3.3719476,135.1672458
Pantai TPI,Papua Tengah,4.9,sangat bagus,https://www.google.com/maps/place/Pantai+TPI/data=!4m7!3m6!1s0x681fa7f5844c65a5:0x85e7297d8317ebe0!8m2!3d-3.3113722!4d135.5426551!16s%2Fg%2F11hyxqhtk8!19sChIJpWVMhPWnH2gR4OsXg30p54U?authuser=0&hl=en&rclk=1,-3.3113722,135.5426551
Pantai Worbak,Papua Tengah,4.4,sangat bagus,https://www.google.com/maps/place/Pantai+Worbak/data=!4m7!3m6!1s0x681f01f258269911:0x6480a65df1a95623!8m2!3d-3.1674341!4d135.6368041!16s%2Fg%2F11mvmh9f7v!19sChIJEZkmWPIBH2gRI1ap8V2mgGQ?authuser=0&hl=en&rclk=1,-3.1674341,135.6368041
Pantai BAHOM WAO MANDIRI,Papua Tengah,3.0,cukup bagus,https://www.google.com/maps/place/Pantai+BAHOM+WAO+MANDIRI/data=!4m7!3m6!1s0x681f9551aad01b99:0xa7c91e73a2483f5c!8m2!3d-3.3881102!4d135.3165593!16s%2Fg%2F11s76b5s_4!19sChIJmRvQqlGVH2gRXD9IonMeyac?authuser=0&hl=en&rclk=1,-3.3881102,135.3165593
Pantai Talud Nusi Baru,Papua Tengah,4.3,sangat bagus,https://www.google.com/maps/place/Pantai+Talud+Nusi+Baru/data=!4m7!3m6!1s0x681f01adf619c541:0x8412c13230db9037!8m2!3d-3.1676611!4d135.6511813!16s%2Fg%2F11j6sn1sl9!19sChIJQcUZ9q0BH2gRN5DbMDLBEoQ?authuser=0&hl=en&rclk=1,-3.1676611,135.6511813
Pantai Cemara (Karadiri),Papua Tengah,4.4,sangat bagus,https://www.google.com/maps/place/Pantai+Cemara+%28Karadiri%29/data=!4m7!3m6!1s0x681f97c23ec2a407:0xb15c3af2313bd648!8m2!3d-3.3794678!4d135.388528!16s%2Fg%2F11jmxwwpvd!19sChIJB6TCPsKXH2gRSNY7MfI6XLE?authuser=0&hl=en&rclk=1,-3.3794678,135.388528
Pantai Kalibobo,Papua Tengah,5.0,sangat bagus,https://www.google.com/maps/place/Pantai+Kalibobo/data=!4m7!3m6!1s0x681fa37898463127:0xca2f14090f8d9ef6!8m2!3d-3.364749!4d135.4859028!16s%2Fg%2F11rw70w08v!19sChIJJzFGmHijH2gR9p6NDwkUL8o?authuser=0&hl=en&rclk=1,-3.364749,135.4859028
Pantai Pasir Merah,Papua Tengah,3.7,bagus,https://www.google.com/maps/place/Pantai+Pasir+Merah/data=!4m7!3m6!1s0x681fdf5a670c497d:0xf89278493e33e044!8m2!3d-3.3359917!4d135.0710105!16s%2Fg%2F11q88txt9k!19sChIJfUkMZ1rfH2gRROAzPkl4kvg?authuser=0&hl=en&rclk=1,-3.3359917,135.0710105
Pantai Gersen (Pantai Borate),Papua Tengah,4.5,sangat bagus,https://www.google.com/maps/place/Pantai+Gersen+%28Pantai+Borate%29/data=!4m7!3m6!1s0x681fa62bf1f46953:0xc82f2fb63cfc162c!8m2!3d-3.2641183!4d135.55909!16s%2Fg%2F11g9q6_xl9!19sChIJU2n08SumH2gRLBb8PLYvL8g?authuser=0&hl=en&rclk=1,-3.2641183,135.55909
Pantai Tanjung kotouki,Papua Tengah,5.0,sangat bagus,https://www.google.com/maps/place/Pantai+Tanjung+kotouki/data=!4m7!3m6!1s0x681f0100788a7771:0x6cd0983c1664584e!8m2!3d-3.1640222!4d135.6427559!16s%2Fg%2F11vtbh0wzz!19sChIJcXeKeAABH2gRTlhkFjyY0Gw?authuser=0&hl=en&rclk=1,-3.1640222,135.6427559
Naikere BEACH,Papua Tengah,4.5,sangat bagus,https://www.google.com/maps/place/Naikere+BEACH/data=!4m7!3m6!1s0x681f99d51ea6ed01:0xc56e7837c351a474!8m2!3d-3.3764024!4d135.4504291!16s%2Fg%2F11hz10vcw1!19sChIJAe2mHtWZH2gRdKRRwzd4bsU?authuser=0&hl=en&rclk=1,-3.3764024,135.4504291
Pantai Nabire,Papua Tengah,4.3,sangat bagus,https://www.google.com/maps/place/Pantai+Nabire/data=!4m7!3m6!1s0x681fa324fe856549:0x7fa0779bf407a013!8m2!3d-3.3611683!4d135.4941189!16s%2Fg%2F11vf1ms4h2!19sChIJSWWF_iSjH2gRE6AH9Jt3oH8?authuser=0&hl=en&rclk=1,-3.3611683,135.4941189
Pantai wisata BAMOHA wanggar pantai,Papua Tengah,5.0,sangat bagus,https://www.google.com/maps/place/Pantai+wisata+BAMOHA+wanggar+pantai/data=!4m7!3m6!1s0x681f95ad179f9493:0xb4130cb26431fae6!8m2!3d-3.3892284!4d135.3214835!16s%2Fg%2F11tcbsvzbv!19sChIJk5SfF62VH2gR5voxZLIME7Q?authuser=0&hl=en&rclk=1,-3.3892284,135.3214835
Pasir Putih Wamena,Papua Pegunungan,4.5,sangat bagus,https://www.google.com/maps/place/Pasir+Putih+Wamena/data=!4m7!3m6!1s0x683e1384f35935b9:0xb7451fcd39daf555!8m2!3d-4.0413934!4d138.9530504!16s%2Fg%2F11qst9qyvs!19sChIJuTVZ84QTPmgRVfXaOc0fRbc?authuser=0&hl=en&rclk=1,-4.0413934,138.9530504
Pantai Amai,Papua Pegunungan,4.7,sangat bagus,https://www.google.com/maps/place/Pantai+Amai/data=!4m7!3m6!1s0x686ce1bbec2181d5:0x38cec4ad2e78f605!8m2!3d-2.4348424!4d140.3735734!16s%2Fg%2F11fszdlxnr!19sChIJ1YEh7LvhbGgRBfZ4Lq3Ezjg?authuser=0&hl=en&rclk=1,-2.4348424,140.3735734
Puncak Mandala,Papua Pegunungan,4.3,sangat bagus,https://www.google.com/maps/place/Puncak+Mandala/data=!4m7!3m6!1s0x6840be5ef04c8439:0x7f9833240c766c6b!8m2!3d-4.7083333!4d140.2891666!16s%2Fm%2F0b767pn!19sChIJOYRM8F6-QGgRa2x2DCQzmH8?authuser=0&hl=en&rclk=1,-4.7083333,140.2891666
The Lamp One Beach,Papua Pegunungan,4.3,sangat bagus,https://www.google.com/maps/place/The+Lamp+One+Beach/data=!4m7!3m6!1s0x69b5156fb5cafd57:0x95e2d63b0f7f8492!8m2!3d-8.5110648!4d140.3777131!16s%2Fg%2F11gbnknkkk!19sChIJV_3KtW8VtWkRkoR_DzvW4pU?authuser=0&hl=en&rclk=1,-8.5110648,140.3777131
Pantai Adoki,Papua Pegunungan,4.6,sangat bagus,https://www.google.com/maps/place/Pantai+Adoki/data=!4m7!3m6!1s0x6803939000000001:0x53e9991338f6134f!8m2!3d-1.1434772!4d135.9840307!16s%2Fg%2F11hbtfbp8y!19sChIJAQAAAJCTA2gRTxP2OBOZ6VM?authuser=0&hl=en&rclk=1,-1.1434772,135.9840307
Jayawijaya Mountains,Papua Pegunungan,4.5,sangat bagus,https://www.google.com/maps/place/Jayawijaya+Mountains/data=!4m7!3m6!1s0x683faa7003406a75:0x350c517cab46fb07!8m2!3d-4.35!4d139.416667!16zL20vMDducjV5!19sChIJdWpAA3CqP2gRB_tGq3xRDDU?authuser=0&hl=en&rclk=1,-4.35,139.416667
Pantai Sarawandori,Papua Pegunungan,4.5,sangat bagus,https://www.google.com/maps/place/Pantai+Sarawandori/data=!4m7!3m6!1s0x681ca838cd2c4389:0x19b525c726fb1bc3!8m2!3d-1.8726789!4d136.1916924!16s%2Fg%2F11c51vxx72!19sChIJiUMszTioHGgRwxv7JscltRk?authuser=0&hl=en&rclk=1,-1.8726789,136.1916924
Lorentz National Park,Papua Pegunungan,4.4,sangat bagus,https://www.google.com/maps/place/Lorentz+National+Park/data=!4m7!3m6!1s0x683ada72cad8bf5b:0xe5acb2b81cad387f!8m2!3d-4.6297633!4d137.9726829!16zL20vMDJ4MW14!19sChIJW7_YynLaOmgRfzitHLiyrOU?authuser=0&hl=en&rclk=1,-4.6297633,137.9726829
Pantai Bakaro,Papua Pegunungan,4.4,sangat bagus,https://www.google.com/maps/place/Pantai+Bakaro/data=!4m7!3m6!1s0x2d5475707efe1521:0x2a78078185e78e10!8m2!3d-0.8631213!4d134.1267559!16s%2Fg%2F11c6qm09g6!19sChIJIRX-fnB1VC0REI7nhYEHeCo?authuser=0&hl=en&rclk=1,-0.8631213,134.1267559
Pantai Tembok Berlin (PTB) Sorong,Papua Pegunungan,4.2,sangat bagus,https://www.google.com/maps/place/Pantai+Tembok+Berlin+%28PTB%29+Sorong/data=!4m7!3m6!1s0x2d5eab094caebf89:0x5ea7c8af20034304!8m2!3d-0.8723739!4d131.2456856!16s%2Fg%2F11c2p338cb!19sChIJib-uTAmrXi0RBEMDIK_Ip14?authuser=0&hl=en&rclk=1,-0.8723739,131.2456856
Little Lake Habema,Papua Pegunungan,4.5,sangat bagus,https://www.google.com/maps/place/Little+Lake+Habema/data=!4m7!3m6!1s0x683dd92fcb4c92e1:0xecaa917ad0c274d1!8m2!3d-4.1388286!4d138.7100761!16s%2Fg%2F11j8_wrctd!19sChIJ4ZJMyy_ZPWgR0XTC0HqRquw?authuser=0&hl=en&rclk=1,-4.1388286,138.7100761
Mount Yamin,Papua Pegunungan,4.7,sangat bagus,https://www.google.com/maps/place/Mount+Yamin/data=!4m7!3m6!1s0x6840a0291e4a7a13:0x90850a2b2c2701e7!8m2!3d-4.6619444!4d140.0522222!16s%2Fm%2F0k3gw_j!19sChIJE3pKHimgQGgR5wEnLCsKhZA?authuser=0&hl=en&rclk=1,-4.6619444,140.0522222
PANTAI EDOK,Papua Pegunungan,3.0,cukup bagus,https://www.google.com/maps/place/PANTAI+EDOK/data=!4m7!3m6!1s0x683be7cb66602d7b:0xaf4df2edf8a05bec!8m2!3d-5.0552508!4d138.5787728!16s%2Fg%2F11l6zttm5v!19sChIJey1gZsvnO2gR7Fug-O3yTa8?authuser=0&hl=en&rclk=1,-5.0552508,138.5787728
Angemuk,Papua Pegunungan,4.2,sangat bagus,https://www.google.com/maps/place/Angemuk/data=!4m7!3m6!1s0x6816720d1b14261d:0x9ae42f51218e668c!8m2!3d-3.525!4d138.5916666!16s%2Fg%2F11b_01q15r!19sChIJHSYUGw1yFmgRjGaOIVEv5Jo?authuser=0&hl=en&rclk=1,-3.525,138.5916666
Teluk Triton Kaimana,Papua Pegunungan,4.8,sangat bagus,https://www.google.com/maps/place/Teluk+Triton+Kaimana/data=!4m7!3m6!1s0x2d35eecda6b6cd1f:0x368cdd751211be7d!8m2!3d-3.8235359!4d133.9928543!16s%2Fg%2F11j8_w8_gg!19sChIJH822ps3uNS0Rfb4REnXdjDY?authuser=0&hl=en&rclk=1,-3.8235359,133.9928543
Maoke Mountains,Papua Pegunungan,4.8,sangat bagus,https://www.google.com/maps/place/Maoke+Mountains/data=!4m7!3m6!1s0x683d735f9ef66d79:0x27c70f6ce6d4540a!8m2!3d-4!4d138!16zL20vMDJnZ3hn!19sChIJeW32nl9zPWgRClTU5mwPxyc?authuser=0&hl=en&rclk=1,-4.4293373,138.7259101
Pantai Bosnik,Papua Pegunungan,4.6,sangat bagus,https://www.google.com/maps/place/Pantai+Bosnik/data=!4m7!3m6!1s0x68047791545c2159:0xf2a9982b6f7f5e57!8m2!3d-1.1708322!4d136.2232995!16s%2Fg%2F11mv0q0w3x!19sChIJWSFcVJF3BGgRV15_byuYqfI?authuser=0&hl=en&rclk=1,-1.1708322,136.2232995
Bukit Jokowi,Papua Pegunungan,4.4,sangat bagus,https://www.google.com/maps/place/Bukit+Jokowi/data=!4m7!3m6!1s0x686c5f521fe15d1f:0xe01ceb7efca2b87f!8m2!3d-2.5884097!4d140.6885197!16s%2Fg%2F11fylkf9rw!19sChIJH13hH1JfbGgRf7ii_H7rHOA?authuser=0&hl=en&rclk=1,-2.5884097,140.6885197
Pulau Um,Papua Pegunungan,4.7,sangat bagus,https://www.google.com/maps/place/Pulau+Um/data=!4m7!3m6!1s0x2d5943004d53d2b9:0x85235ea7d7c6841e!8m2!3d-0.73675!4d131.583621!16s%2Fg%2F11j92vdklg!19sChIJudJTTQBDWS0RHoTG16deI4U?authuser=0&hl=en&rclk=1,-0.73675,131.583621
Border Post RI Skouw & Papua New Guinea,Papua Pegunungan,4.6,sangat bagus,https://www.google.com/maps/place/Border+Post+RI+Skouw+%26+Papua+New+Guinea/data=!4m7!3m6!1s0x686c40bc69a59b5f:0x6659fc99f2f774de!8m2!3d-2.6083465!4d140.9998263!16s%2Fg%2F11g6s8yzx8!19sChIJX5ulabxAbGgR3nT38pn8WWY?authuser=0&hl=en&rclk=1,-2.6083465,140.9998263
Yotoro Hill's,Papua Pegunungan,4.4,sangat bagus,https://www.google.com/maps/place/Yotoro+Hill%27s/data=!4m7!3m6!1s0x686ced3015370649:0xd241cc92b951289!8m2!3d-2.5957415!4d140.4385781!16s%2Fg%2F11n0rfvpsc!19sChIJSQY3FTDtbGgRiRKVK8kcJA0?authuser=0&hl=en&rclk=1,-2.5957415,140.4385781
Bukit kolang,Papua Pegunungan,4.4,sangat bagus,https://www.google.com/maps/place/Bukit+kolang/data=!4m7!3m6!1s0x686cf1a6463163b3:0x1ca6d8c35a606e61!8m2!3d-2.5620863!4d140.5181458!16s%2Fg%2F11hzkt7gj1!19sChIJs2MxRqbxbGgRYW5gWsPYphw?authuser=0&hl=en&rclk=1,-2.5620863,140.5181458
"Pantai Tanjung Kasuari, Sorong, Papua Barat",Papua Pegunungan,4.3,sangat bagus,"https://www.google.com/maps/place/Pantai+Tanjung+Kasuari,+Sorong,+Papua+Barat/data=!4m7!3m6!1s0x2d595581fedb13df:0xaf710c750e4d97e7!8m2!3d-0.8202867!4d131.2430845!16s%2Fg%2F11h_hcztqn!19sChIJ3xPb_oFVWS0R55dNDnUMca8?authuser=0&hl=en&rclk=1",-0.8202867,131.2430845
Raja Tiga Adoki,Papua Pegunungan,4.8,sangat bagus,https://www.google.com/maps/place/Raja+Tiga+Adoki/data=!4m7!3m6!1s0x680393c77d81ebad:0xae9564f78f25adbe!8m2!3d-1.1432278!4d135.9839918!16s%2Fg%2F11j1399kc7!19sChIJreuBfceTA2gRvq0lj_dkla4?authuser=0&hl=en&rclk=1,-1.1432278,135.9839918
Danau Emfote,Papua Pegunungan,4.4,sangat bagus,https://www.google.com/maps/place/Danau+Emfote/data=!4m7!3m6!1s0x686c8d16ab4bbdb5:0x82f9bba1f39708a6!8m2!3d-2.6608739!4d140.5396897!16s%2Fg%2F11bw7v5sgz!19sChIJtb1LqxaNbGgRpgiX86G7-YI?authuser=0&hl=en&rclk=1,-2.6608739,140.5396897
Kali Spari,Papua Pegunungan,4.7,sangat bagus,https://www.google.com/maps/place/Kali+Spari/data=!4m7!3m6!1s0x686ce3f2b86435e1:0xe966fcb10b0dc828!8m2!3d-2.4323488!4d140.4622167!16s%2Fg%2F11f6kzbrrk!19sChIJ4TVkuPLjbGgRKMgNC7H8Zuk?authuser=0&hl=en&rclk=1,-2.4323488,140.4622167
Pulau Yarsun,Papua Pegunungan,5.0,sangat bagus,https://www.google.com/maps/place/Pulau+Yarsun/data=!4m7!3m6!1s0x6812f3316aa4a6a3:0xe16738d205e2193c!8m2!3d-2.1169444!4d139.4733333!16s%2Fg%2F11bzzz7dr3!19sChIJo6akajHzEmgRPBniBdI4Z-E?authuser=0&hl=en&rclk=1,-2.1169444,139.4733333
Pantai Hamadi,Papua Pegunungan,4.7,sangat bagus,https://www.google.com/maps/place/Pantai+Hamadi/data=!4m7!3m6!1s0x686c59c8401e6a51:0xb0096bbfc9752bf6!8m2!3d-2.5749645!4d140.706615!16s%2Fg%2F11ty4nyz7x!19sChIJUWoeQMhZbGgR9it1yb9rCbA?authuser=0&hl=en&rclk=1,-2.5749645,140.706615
Pantai Werur,Papua Barat Daya,4.9,sangat bagus,https://www.google.com/maps/place/Pantai+Werur/data=!4m7!3m6!1s0x2d584ba90dcc38c7:0x1532d5edeb6a0d99!8m2!3d-0.4155024!4d132.1903445!16s%2Fg%2F11cr_vs_x0!19sChIJxzjMDalLWC0RmQ1q6-3VMhU?authuser=0&hl=en&rclk=1,-0.4155024,132.1903445
Pantai Alinda,Papua Barat Daya,4.1,sangat bagus,https://www.google.com/maps/place/Pantai+Alinda/data=!4m7!3m6!1s0x2d5eada838a9ab87:0x15c87a8449b3c73b!8m2!3d-0.8188385!4d131.23944!16s%2Fg%2F11clyswg0g!19sChIJh6upOKitXi0RO8ezSYR6yBU?authuser=0&hl=en&rclk=1,-0.8188385,131.23944
"Pantai Tanjung Batu, Sorong",Papua Barat Daya,4.2,sangat bagus,"https://www.google.com/maps/place/Pantai+Tanjung+Batu,+Sorong/data=!4m7!3m6!1s0x2d5ead10f38c8421:0x3351ce4208db866!8m2!3d-0.8162534!4d131.2536098!16s%2Fg%2F11c2y7fmbt!19sChIJIYSM8xCtXi0RZriNIOQcNQM?authuser=0&hl=en&rclk=1",-0.8162534,131.2536098
Pantai Tiberias,Papua Barat Daya,4.5,sangat bagus,https://www.google.com/maps/place/Pantai+Tiberias/data=!4m7!3m6!1s0x2d5ead0786292e7d:0xf335bdce1740256e!8m2!3d-0.8190383!4d131.2408717!16s%2Fg%2F11g9g0b85q!19sChIJfS4phgetXi0RbiVAF869NfM?authuser=0&hl=en&rclk=1,-0.8190383,131.2408717
Pantai Saupapir,Papua Barat Daya,4.1,sangat bagus,https://www.google.com/maps/place/Pantai+Saupapir/data=!4m7!3m6!1s0x2d5eadb15b3f2023:0x539c061a7899a868!8m2!3d-0.8189262!4d131.2401926!16s%2Fg%2F11cmhwhjxn!19sChIJIyA_W7GtXi0RaKiZeBoGnFM?authuser=0&hl=en&rclk=1,-0.8189262,131.2401926
Pantai Sinar Numfor,Papua Barat Daya,4.6,sangat bagus,https://www.google.com/maps/place/Pantai+Sinar+Numfor/data=!4m7!3m6!1s0x2d5ead845c69e581:0xafef65b3b7ad09de!8m2!3d-0.8174734!4d131.2356829!16s%2Fg%2F11rcjstq7n!19sChIJgeVpXIStXi0R3gmtt7Nl768?authuser=0&hl=en&rclk=1,-0.8174734,131.2356829
Panorama Beach,Papua Barat Daya,4.2,sangat bagus,https://www.google.com/maps/place/Panorama+Beach/data=!4m7!3m6!1s0x2d5eada5fae718ef:0x27620e195f88ebdd!8m2!3d-0.8173567!4d131.2351679!16s%2Fg%2F11d_vcf41q!19sChIJ7xjn-qWtXi0R3euIXxkOYic?authuser=0&hl=en&rclk=1,-0.8173567,131.2351679
Pantai Tembok Berlin (PTB) Sorong,Papua Barat Daya,4.2,sangat bagus,https://www.google.com/maps/place/Pantai+Tembok+Berlin+%28PTB%29+Sorong/data=!4m7!3m6!1s0x2d5eab094caebf89:0x5ea7c8af20034304!8m2!3d-0.8723739!4d131.2456856!16s%2Fg%2F11c2p338cb!19sChIJib-uTAmrXi0RBEMDIK_Ip14?authuser=0&hl=en&rclk=1,-0.8723739,131.2456856
Pantai Batu Lobang Pasir Putih,Papua Barat Daya,4.5,sangat bagus,https://www.google.com/maps/place/Pantai+Batu+Lobang+Pasir+Putih/data=!4m7!3m6!1s0x2d594fa798248aa7:0x734573f271e0a821!8m2!3d-0.7660597!4d131.4131198!16s%2Fg%2F11cn17wxx3!19sChIJp4okmKdPWS0RIajgcfJzRXM?authuser=0&hl=en&rclk=1,-0.7660597,131.4131198
Pantai Kampung Sawatuk,Papua Barat Daya,4.9,sangat bagus,https://www.google.com/maps/place/Pantai+Kampung+Sawatuk/data=!4m7!3m6!1s0x2d5969d9570e25b9:0xdfc42c3a3387b4d8!8m2!3d-0.7526009!4d131.6059783!16s%2Fg%2F11gblfm0nz!19sChIJuSUOV9lpWS0R2LSHMzosxN8?authuser=0&hl=en&rclk=1,-0.7526009,131.6059783
Tampagaram Beach,Papua Barat Daya,4.1,sangat bagus,https://www.google.com/maps/place/Tampagaram+Beach/data=!4m7!3m6!1s0x2d5eac5fffa100d3:0x311665a2d48cc781!8m2!3d-0.8383529!4d131.2430383!16s%2Fg%2F11c38gpb2l!19sChIJ0wCh_1-sXi0RgceM1KJlFjE?authuser=0&hl=en&rclk=1,-0.8383529,131.2430383
"Pantai Saoka, Kota Sorong, Papua Barat",Papua Barat Daya,4.3,sangat bagus,"https://www.google.com/maps/place/Pantai+Saoka,+Kota+Sorong,+Papua+Barat/data=!4m7!3m6!1s0x2d5ead16e8a64799:0xcb1760357c6254e0!8m2!3d-0.8152075!4d131.2572794!16s%2Fg%2F11f3s7c2jx!19sChIJmUem6BatXi0R4FRifDVgF8s?authuser=0&hl=en&rclk=1",-0.8152075,131.2572794
"Pantai Tanjung Kasuari, Sorong, Papua Barat",Papua Barat Daya,4.3,sangat bagus,"https://www.google.com/maps/place/Pantai+Tanjung+Kasuari,+Sorong,+Papua+Barat/data=!4m7!3m6!1s0x2d595581fedb13df:0xaf710c750e4d97e7!8m2!3d-0.8202867!4d131.2430845!16s%2Fg%2F11h_hcztqn!19sChIJ3xPb_oFVWS0R55dNDnUMca8?authuser=0&hl=en&rclk=1",-0.8202867,131.2430845
Pantai Tanjung batu,Papua Barat Daya,4.5,sangat bagus,https://www.google.com/maps/place/Pantai+Tanjung+batu/data=!4m7!3m6!1s0x2d595500581d9e2f:0xf39565e45905b116!8m2!3d-0.888289!4d131.297476!16s%2Fg%2F11yw4pnw6q!19sChIJL54dWABVWS0RFrEFWeRllfM?authuser=0&hl=en&rclk=1,-0.888289,131.297476
Pantai Kampung Mibi Makbon,Papua Barat Daya,5.0,sangat bagus,https://www.google.com/maps/place/Pantai+Kampung+Mibi+Makbon/data=!4m7!3m6!1s0x2d594300591d3173:0xe4f32b059c7f0a7c!8m2!3d-0.7660711!4d131.558008!16s%2Fg%2F11s36wbxlk!19sChIJczEdWQBDWS0RfAp_nAUr8-Q?authuser=0&hl=en&rclk=1,-0.7660711,131.558008
Pantai Dofior,Papua Barat Daya,4.8,sangat bagus,https://www.google.com/maps/place/Pantai+Dofior/data=!4m7!3m6!1s0x2d5eab0df89f4a77:0xe9dab4d62cd15b49!8m2!3d-0.8713487!4d131.2506305!16s%2Fg%2F11h0vth_vq!19sChIJd0qf-A2rXi0RSVvRLNa02uk?authuser=0&hl=en&rclk=1,-0.8713487,131.2506305
Pantai Wisata Gauksuak Kampung Malaumkarta Distrik Makbon Kabupaten Sorong Provinsi Papua Barat Daya,Papua Barat Daya,1.0,biasa,https://www.google.com/maps/place/Pantai+Wisata+Gauksuak+Kampung+Malaumkarta+Distrik+Makbon+Kabupaten+Sorong+Provinsi+Papua+Barat+Daya/data=!4m7!3m6!1s0x2d5943003607b76f:0xae1ae5b8a6ba3e20!8m2!3d-0.7576792!4d131.569915!16s%2Fg%2F11ldq22_tx!19sChIJb7cHNgBDWS0RID66prjlGq4?authuser=0&hl=en&rclk=1,-0.7576792,131.569915
Pantai Malaworsai,Papua Barat Daya,5.0,sangat bagus,https://www.google.com/maps/place/Pantai+Malaworsai/data=!4m7!3m6!1s0x2d590b00774adc4b:0xa2d543646b99a3a7!8m2!3d-0.6437203!4d131.9175394!16s%2Fg%2F11m6v2pf3c!19sChIJS9xKdwALWS0Rp6OZa2RD1aI?authuser=0&hl=en&rclk=1,-0.6437203,131.9175394
PANTAI OMBAK DELLA,Papua Barat Daya,5.0,sangat bagus,https://www.google.com/maps/place/PANTAI+OMBAK+DELLA/data=!4m7!3m6!1s0x2d59730060044b7f:0x8594fa4416bdf8fa!8m2!3d-0.7154164!4d131.8153663!16s%2Fg%2F11vr2rk016!19sChIJf0sEYABzWS0R-vi9FkT6lIU?authuser=0&hl=en&rclk=1,-0.7154164,131.8153663
Pantai Tanjung Batu,Papua Barat Daya,4.9,sangat bagus,https://www.google.com/maps/place/Pantai+Tanjung+Batu/data=!4m7!3m6!1s0x2d5ead7e96e7b7cb:0x2a68bc8e49561d3b!8m2!3d-0.8162534!4d131.2536098!16s%2Fg%2F11rstjxvtf!19sChIJy7fnln6tXi0ROx1WSY68aCo?authuser=0&hl=en&rclk=1,-0.8162534,131.2536098
Pantai Asbaken,Papua Barat Daya,4.8,sangat bagus,https://www.google.com/maps/place/Pantai+Asbaken/data=!4m7!3m6!1s0x2d596fd440ad8385:0x3836c5dfb4a42129!8m2!3d-0.7414885!4d131.6822064!16s%2Fg%2F11txgwqtc1!19sChIJhYOtQNRvWS0RKSGktN_FNjg?authuser=0&hl=en&rclk=1,-0.7414885,131.6822064
Wisata Pasir Putih Yerusel,Papua Barat Daya,4.6,sangat bagus,https://www.google.com/maps/place/Wisata+Pasir+Putih+Yerusel/data=!4m7!3m6!1s0x2d5c0761d2d7e3a3:0xb4c89bc19e03d15a!8m2!3d-1.0267208!4d131.2286837!16s%2Fg%2F11sdnnfz9j!19sChIJo-PX0mEHXC0RWtEDnsGbyLQ?authuser=0&hl=en&rclk=1,-1.0267208,131.2286837
Pantai Sausapor,Papua Barat Daya,4.4,sangat bagus,https://www.google.com/maps/place/Pantai+Sausapor/data=!4m7!3m6!1s0x2d59b207a9f51bd5:0xb3c55e618eb1bda4!8m2!3d-0.4998706!4d132.0787229!16s%2Fg%2F11fzwr7yhp!19sChIJ1Rv1qQeyWS0RpL2xjmFexbM?authuser=0&hl=en&rclk=1,-0.4998706,132.0787229
Pantai kuburan tanjung kasuari,Papua Barat Daya,3.7,bagus,https://www.google.com/maps/place/Pantai+kuburan+tanjung+kasuari/data=!4m7!3m6!1s0x2d5ead000d2652d9:0x3604c7db7913a45f!8m2!3d-0.821165!4d131.2267374!16s%2Fg%2F11ytydlhrs!19sChIJ2VImDQCtXi0RX6QTedvHBDY?authuser=0&hl=en&rclk=1,-0.821165,131.2267374
Pantai Kaisarea,Papua Barat Daya,4.5,sangat bagus,https://www.google.com/maps/place/Pantai+Kaisarea/data=!4m7!3m6!1s0x2d5eab3b0ef3e81b:0x81de37aec401be74!8m2!3d-0.8290469!4d131.2278666!16s%2Fg%2F11y1ld686w!19sChIJG-jzDjurXi0RdL4BxK433oE?authuser=0&hl=en&rclk=1,-0.8290469,131.2278666
Pantai Kaladimala,Papua Barat Daya,4.3,sangat bagus,https://www.google.com/maps/place/Pantai+Kaladimala/data=!4m7!3m6!1s0x2d594faec388b293:0xa55c77a64688acde!8m2!3d-0.7668435!4d131.4160236!16s%2Fg%2F11rwwt8x0c!19sChIJk7KIw65PWS0R3qyIRqZ3XKU?authuser=0&hl=en&rclk=1,-0.7668435,131.4160236
Pantai Nazareth,Papua Barat Daya,4.1,sangat bagus,https://www.google.com/maps/place/Pantai+Nazareth/data=!4m7!3m6!1s0x2d5ead14ad63a969:0xeb32207ba2bf003d!8m2!3d-0.8202968!4d131.2423207!16s%2Fg%2F11tn_3vn54!19sChIJaaljrRStXi0RPQC_onsgMus?authuser=0&hl=en&rclk=1,-0.8202968,131.2423207
Batu Kapal Beach,Papua Barat Daya,3.4,bagus,https://www.google.com/maps/place/Batu+Kapal+Beach/data=!4m7!3m6!1s0x2d59b31b7a570647:0x56e7bb919bfb2151!8m2!3d-0.4657672!4d132.1231769!16s%2Fg%2F11b6zqcs5g!19sChIJRwZXehuzWS0RUSH7m5G751Y?authuser=0&hl=en&rclk=1,-0.4657672,132.1231769
pantai cinta alam,Papua Barat Daya,3.6,bagus,https://www.google.com/maps/place/pantai+cinta+alam/data=!4m7!3m6!1s0x2d5ead006b7f7f33:0x7c8cb8aadf3bc0a7!8m2!3d-0.8214547!4d131.2458371!16s%2Fg%2F11xlzt319l!19sChIJM39_awCtXi0Rp8A736q4jHw?authuser=0&hl=en&rclk=1,-0.8214547,131.2458371
Pantai Do Insarwai,Papua Barat Daya,5.0,sangat bagus,https://www.google.com/maps/place/Pantai+Do+Insarwai/data=!4m7!3m6!1s0x2d5eadedb98f35eb:0xb0d76af0baf607b1!8m2!3d-0.8183631!4d131.2384654!16s%2Fg%2F11l5xhljq9!19sChIJ6zWPue2tXi0RsQf2uvBq17A?authuser=0&hl=en&rclk=1,-0.8183631,131.2384654
Malaumkarta Beach,Papua Barat Daya,4.5,sangat bagus,https://www.google.com/maps/place/Malaumkarta+Beach/data=!4m7!3m6!1s0x2d59426aec2492a5:0x57125f4a411af787!8m2!3d-0.7484983!4d131.5825863!16s%2Fg%2F11c6m9xm9d!19sChIJpZIk7GpCWS0Rh_caQUpfElc?authuser=0&hl=en&rclk=1,-0.7484983,131.5825863
Irma Emas Beach,Papua Barat Daya,5.0,sangat bagus,https://www.google.com/maps/place/Irma+Emas+Beach/data=!4m7!3m6!1s0x2d5ead037dc3cd4b:0xd25737d18a9ecced!8m2!3d-0.8171532!4d131.233564!16s%2Fg%2F11kjjwst81!19sChIJS83DfQOtXi0R7cyeitE3V9I?authuser=0&hl=en&rclk=1,-0.8171532,131.233564
PESISIR PANTAI MALAUMKARTA,Papua Barat Daya,5.0,sangat bagus,https://www.google.com/maps/place/PESISIR+PANTAI+MALAUMKARTA/data=!4m7!3m6!1s0x2d59697cb6b47419:0x8abb8738ee2c459e!8m2!3d-0.7540548!4d131.6018799!16s%2Fg%2F11y1mtvz49!19sChIJGXS0tnxpWS0RnkUs7jiHu4o?authuser=0&hl=en&rclk=1,-0.7540548,131.6018799
Pantai Warmandi,Papua Barat Daya,5.0,sangat bagus,https://www.google.com/maps/place/Pantai+Warmandi/data=!4m7!3m6!1s0x2d5784385dc355ad:0xf3c4fd6768195be2!8m2!3d-0.3673776!4d132.6476038!16s%2Fg%2F11c2pwjd94!19sChIJrVXDXTiEVy0R4lsZaGf9xPM?authuser=0&hl=en&rclk=1,-0.3673776,132.6476038
Pantai ujung sapokren,Papua Barat Daya,5.0,sangat bagus,https://www.google.com/maps/place/Pantai+ujung+sapokren/data=!4m7!3m6!1s0x2d5f03002b90aa1b:0x9eb601557829058!8m2!3d-0.4382392!4d130.7265903!16s%2Fg%2F11wvw9n858!19sChIJG6qQKwADXy0RWJCCVxVg6wk?authuser=0&hl=en&rclk=1,-0.4382392,130.7265903
Pantai indah,Papua Barat Daya,4.0,bagus,https://www.google.com/maps/place/Pantai+indah/data=!4m7!3m6!1s0x2d5ead007fa15475:0x7604e3e6823a5129!8m2!3d-0.8287026!4d131.2282934!16s%2Fg%2F11vz4d6wg3!19sChIJdVShfwCtXi0RKVE6gubjBHY?authuser=0&hl=en&rclk=1,-0.8287026,131.2282934
Pantai Yensner,Papua Barat Daya,4.3,sangat bagus,https://www.google.com/maps/place/Pantai+Yensner/data=!4m7!3m6!1s0x2d5f3b0ae55a4e53:0x853ec1373bbd62b8!8m2!3d-0.3334785!4d131.0597116!16s%2Fg%2F11pcdp8q90!19sChIJU05a5Qo7Xy0RuGK9OzfBPoU?authuser=0&hl=en&rclk=1,-0.3334785,131.0597116
Kampung/Batu Lubang Pantai,Papua Barat Daya,3.0,cukup bagus,https://www.google.com/maps/place/Kampung%2FBatu+Lubang+Pantai/data=!4m7!3m6!1s0x2d594f006e06bdf7:0x68b3c76a2298d535!8m2!3d-0.7677734!4d131.4147734!16s%2Fg%2F11z7p91wkw!19sChIJ970GbgBPWS0RNdWYImrHs2g?authuser=0&hl=en&rclk=1,-0.7677734,131.4147734
Pantai Saleo,Papua Barat Daya,4.3,sangat bagus,https://www.google.com/maps/place/Pantai+Saleo/data=!4m7!3m6!1s0x2d5f028b3102a66d:0x640c8d81be4c6a36!8m2!3d-0.4415858!4d130.7597615!16s%2Fg%2F11b7sw8qft!19sChIJbaYCMYsCXy0RNmpMvoGNDGQ?authuser=0&hl=en&rclk=1,-0.4415858,130.7597615
Pulau Matan Sorong Papua Barat,Papua Barat Daya,4.6,sangat bagus,https://www.google.com/maps/place/Pulau+Matan+Sorong+Papua+Barat/data=!4m7!3m6!1s0x2d5c03128929337b:0x6bd52f321f33010d!8m2!3d-0.9553029!4d131.1486422!16s%2Fg%2F11gb3r4kfm!19sChIJezMpiRIDXC0RDQEzHzIv1Ws?authuser=0&hl=en&rclk=1,-0.9553029,131.1486422
Pantai Sawatuk,Papua Barat Daya,4.0,bagus,https://www.google.com/maps/place/Pantai+Sawatuk/data=!4m7!3m6!1s0x2d594373ac99c0fd:0x5d0d96f04334866a!8m2!3d-0.7690651!4d131.5384168!16s%2Fg%2F11gfh1swst!19sChIJ_cCZrHNDWS0RaoY0Q_CWDV0?authuser=0&hl=en&rclk=1,-0.7690651,131.5384168
Pantai Emban,Papua Barat Daya,5.0,sangat bagus,https://www.google.com/maps/place/Pantai+Emban/data=!4m7!3m6!1s0x2d58b5006c0c5319:0xe1265f962ca8e29d!8m2!3d-0.2121417!4d131.3055767!16s%2Fg%2F11y5zs188v!19sChIJGVMMbAC1WC0RneKoLJZfJuE?authuser=0&hl=en&rclk=1,-0.2121417,131.3055767
Pantai Cinta,Papua Barat Daya,5.0,sangat bagus,https://www.google.com/maps/place/Pantai+Cinta/data=!4m7!3m6!1s0x2d5eadd4b3ff76d7:0x5622903d3455df62!8m2!3d-0.819431!4d131.229103!16s%2Fg%2F11k0qwd9pg!19sChIJ13b_s9StXi0RYt9VND2QIlY?authuser=0&hl=en&rclk=1,-0.819431,131.229103
Pulau Um,Papua Barat Daya,4.7,sangat bagus,https://www.google.com/maps/place/Pulau+Um/data=!4m7!3m6!1s0x2d5943004d53d2b9:0x85235ea7d7c6841e!8m2!3d-0.73675!4d131.583621!16s%2Fg%2F11j92vdklg!19sChIJudJTTQBDWS0RHoTG16deI4U?authuser=0&hl=en&rclk=1,-0.73675,131.583621
Sorong Lepas Pantai Papua Barat,Papua Barat Daya,5.0,sangat bagus,https://www.google.com/maps/place/Sorong+Lepas+Pantai+Papua+Barat/data=!4m7!3m6!1s0x2d5eabea113fd13d:0x52d123d16796ef41!8m2!3d-0.8761629!4d131.255828!16s%2Fg%2F11k_r4fgh6!19sChIJPdE_EeqrXi0RQe-WZ9Ej0VI?authuser=0&hl=en&rclk=1,-0.8761629,131.255828
Tanjung Klabsik,Papua Barat Daya,4.0,bagus,https://www.google.com/maps/place/Tanjung+Klabsik/data=!4m7!3m6!1s0x2d5ead8d7faf1cd7:0x3d29d3170c66c7fb!8m2!3d-0.8160161!4d131.2577545!16s%2Fg%2F11s2zjmmq4!19sChIJ1xyvf42tXi0R-8dmDBfTKT0?authuser=0&hl=en&rclk=1,-0.8160161,131.2577545
Mamatua Homestay,Papua Barat Daya,4.6,sangat bagus,https://www.google.com/maps/place/Mamatua+Homestay/data=!4m7!3m6!1s0x2d5f028b2ee5e15b:0x9746507f31568576!8m2!3d-0.441564!4d130.7593498!16s%2Fg%2F11dyb8wlxq!19sChIJW-HlLosCXy0RdoVWMX9QRpc?authuser=0&hl=en&rclk=1,-0.441564,130.7593498
Pantai Lawar,Nusa Tenggara Barat,4.7,sangat bagus,https://www.google.com/maps/place/Pantai+Lawar/data=!4m7!3m6!1s0x2dccf3bf97795831:0x61cfc1d046296013!8m2!3d-8.9639463!4d116.7273381!16s%2Fg%2F11c5b1lq6b!19sChIJMVh5l7_zzC0RE2ApRtDBz2E?authuser=0&hl=en&rclk=1,-8.9639463,116.7273381
Pantai Seger Kuta Lombok,Nusa Tenggara Barat,4.5,sangat bagus,https://www.google.com/maps/place/Pantai+Seger+Kuta+Lombok/data=!4m7!3m6!1s0x2dcd07688be32eb3:0x4a2b5a1298bb615b!8m2!3d-8.907198!4d116.2970394!16s%2Fg%2F11cjh_bn9b!19sChIJsy7ji2gHzS0RW2G7mBJaK0o?authuser=0&hl=en&rclk=1,-8.907198,116.2970394
"Pantai Batu Payung, Kertasari Taliwang",Nusa Tenggara Barat,4.4,sangat bagus,"https://www.google.com/maps/place/Pantai+Batu+Payung,+Kertasari+Taliwang/data=!4m7!3m6!1s0x2dcc5d12f27f3f0b:0x12905d4560a7ea24!8m2!3d-8.7265517!4d116.7710004!16s%2Fg%2F11c5_pzmwv!19sChIJCz9_8hJdzC0RJOqnYEVdkBI?authuser=0&hl=en&rclk=1",-8.7265517,116.7710004
Pantai Kertasari,Nusa Tenggara Barat,4.5,sangat bagus,https://www.google.com/maps/place/Pantai+Kertasari/data=!4m7!3m6!1s0x2dcc42b4b5161221:0xc6b2233a6413bbd5!8m2!3d-8.6953273!4d116.7776254!16s%2Fg%2F11cjj1nzpm!19sChIJIRIWtbRCzC0R1bsTZDojssY?authuser=0&hl=en&rclk=1,-8.6953273,116.7776254
wisata pantai,Nusa Tenggara Barat,4.0,bagus,https://www.google.com/maps/place/wisata+pantai/data=!4m7!3m6!1s0x2dcc4f4f72d7fdaf:0xfc31ddcc939b9acb!8m2!3d-8.7052506!4d116.5689342!16s%2Fg%2F11q8vr6nzq!19sChIJr_3Xck9PzC0Ry5qbk8zdMfw?authuser=0&hl=en&rclk=1,-8.7052506,116.5689342
Pantai Labuhanpade,Nusa Tenggara Barat,4.4,sangat bagus,https://www.google.com/maps/place/Pantai+Labuhanpade/data=!4m7!3m6!1s0x2dcc08de52992cd9:0xf93c7fdf8de4b603!8m2!3d-8.3933!4d117.0990638!16s%2Fg%2F11f24wz1yg!19sChIJ2SyZUt4IzC0RA7bkjd9_PPk?authuser=0&hl=en&rclk=1,-8.3933,117.0990638
Pantai Batu Gong,Nusa Tenggara Barat,4.3,sangat bagus,https://www.google.com/maps/place/Pantai+Batu+Gong/data=!4m7!3m6!1s0x2dcbf263c68f2d6d:0x449c3974268be1f9!8m2!3d-8.4519789!4d117.3451759!16s%2Fg%2F11cp5s0blv!19sChIJbS2PxmPyyy0R-eGLJnQ5nEQ?authuser=0&hl=en&rclk=1,-8.4519789,117.3451759
Pantai Pasir Putih,Nusa Tenggara Barat,4.7,sangat bagus,https://www.google.com/maps/place/Pantai+Pasir+Putih/data=!4m7!3m6!1s0x2dcc15b3aa44a13b:0x1fcb310163be5a7a!8m2!3d-8.5196033!4d116.8204627!16s%2Fg%2F11sjltgxq6!19sChIJO6FEqrMVzC0Relq-YwExyx8?authuser=0&hl=en&rclk=1,-8.5196033,116.8204627
Pantai Saliper Ate,Nusa Tenggara Barat,3.9,bagus,https://www.google.com/maps/place/Pantai+Saliper+Ate/data=!4m7!3m6!1s0x2dcbed3d758a950d:0x6ce4a2eabc599c33!8m2!3d-8.4724585!4d117.3939673!16s%2Fg%2F11b7rtp_55!19sChIJDZWKdT3tyy0RM5xZvOqi5Gw?authuser=0&hl=en&rclk=1,-8.4724585,117.3939673
Pantai Pasir Putih BBIP Labuhan Lalar,Nusa Tenggara Barat,4.6,sangat bagus,https://www.google.com/maps/place/Pantai+Pasir+Putih+BBIP+Labuhan+Lalar/data=!4m7!3m6!1s0x2dcc61c117b9ca29:0xa20ce681f08e429!8m2!3d-8.7997184!4d116.811299!16s%2Fg%2F11p_0_jv1q!19sChIJKcq5F8FhzC0RKeQIH2jOIAo?authuser=0&hl=en&rclk=1,-8.7997184,116.811299
Pantai Pasir Putih Lunyuk,Nusa Tenggara Barat,4.4,sangat bagus,https://www.google.com/maps/place/Pantai+Pasir+Putih+Lunyuk/data=!4m7!3m6!1s0x2dcc9dd798979401:0xc7373ddc5fef8d2e!8m2!3d-9.0683928!4d117.1368201!16s%2Fg%2F11h9xndvrk!19sChIJAZSXmNedzC0RLo3vX9w9N8c?authuser=0&hl=en&rclk=1,-9.0683928,117.1368201
Pantai Leppu,Nusa Tenggara Barat,4.2,sangat bagus,https://www.google.com/maps/place/Pantai+Leppu/data=!4m7!3m6!1s0x2dcb0488f076f335:0xc660b7fbfa90461e!8m2!3d-8.8989528!4d117.8172349!16s%2Fg%2F11g6w62l5j!19sChIJNfN28IgEyy0RHkaQ-vu3YMY?authuser=0&hl=en&rclk=1,-8.8989528,117.8172349
Pantai Rantung,Nusa Tenggara Barat,5.0,sangat bagus,https://www.google.com/maps/place/Pantai+Rantung/data=!4m7!3m6!1s0x2dccf39ac505cb5f:0xf79da06f84068fe6!8m2!3d-8.9791091!4d116.7368575!16s%2Fg%2F11t4b4nsb_!19sChIJX8sFxZrzzC0R5o8GhG-gnfc?authuser=0&hl=en&rclk=1,-8.9791091,116.7368575
Pantai Labuan Barat,Nusa Tenggara Barat,4.3,sangat bagus,https://www.google.com/maps/place/Pantai+Labuan+Barat/data=!4m7!3m6!1s0x2dcbd9e79bd5a69b:0xcc4664f3bccd1d16!8m2!3d-8.1524591!4d117.7333546!16s%2Fg%2F11hds3gkln!19sChIJm6bVm-fZyy0RFh3NvPNkRsw?authuser=0&hl=en&rclk=1,-8.1524591,117.7333546
Pantai Sandro Pole,Nusa Tenggara Barat,4.6,sangat bagus,https://www.google.com/maps/place/Pantai+Sandro+Pole/data=!4m7!3m6!1s0x2dcbee98f59aaf25:0xb58ee2756dcfa67b!8m2!3d-8.4017473!4d117.430449!16s%2Fg%2F11c605jnt0!19sChIJJa-a9Zjuyy0Re6bPbXXijrU?authuser=0&hl=en&rclk=1,-8.4017473,117.430449
Balad Beach,Nusa Tenggara Barat,4.4,sangat bagus,https://www.google.com/maps/place/Balad+Beach/data=!4m7!3m6!1s0x2dcc5df0e7624bd3:0xff47e06f041c304b!8m2!3d-8.7653961!4d116.7936899!16s%2Fg%2F11gg6zc03f!19sChIJ00ti5_BdzC0RSzAcBG_gR_8?authuser=0&hl=en&rclk=1,-8.7653961,116.7936899
Pantai Tropika Sekongkang Sumbawa Barat,Nusa Tenggara Barat,4.6,sangat bagus,https://www.google.com/maps/place/Pantai+Tropika+Sekongkang+Sumbawa+Barat/data=!4m7!3m6!1s0x2dccf25b57d52f6f:0xa183d87fb0dad550!8m2!3d-8.9964034!4d116.7384136!16s%2Fg%2F11c1_c1_66!19sChIJby_VV1vyzC0RUNXasH_Yg6E?authuser=0&hl=en&rclk=1,-8.9964034,116.7384136
Pantai Benete,Nusa Tenggara Barat,4.3,sangat bagus,https://www.google.com/maps/place/Pantai+Benete/data=!4m7!3m6!1s0x2dccf507213c7d7b:0x1422b48e4305a6f9!8m2!3d-8.8938514!4d116.7523497!16s%2Fg%2F11clkvsw9h!19sChIJe308IQf1zC0R-aYFQ460IhQ?authuser=0&hl=en&rclk=1,-8.8938514,116.7523497
Ekas Beach,Nusa Tenggara Barat,4.3,sangat bagus,https://www.google.com/maps/place/Ekas+Beach/data=!4m7!3m6!1s0x2dcc544e6956debb:0x77d8c51bca7a48c9!8m2!3d-8.8736656!4d116.4550889!16s%2Fg%2F11b7fb5j89!19sChIJu95WaU5UzC0RyUh6yhvF2Hc?authuser=0&hl=en&rclk=1,-8.8736656,116.4550889
Pantai Tanjung Karang,Nusa Tenggara Barat,4.0,bagus,https://www.google.com/maps/place/Pantai+Tanjung+Karang/data=!4m7!3m6!1s0x2dcdbf91ac685213:0x1ca71d5b0007d885!8m2!3d-8.6011498!4d116.0736546!16s%2Fg%2F11g6mlxrgg!19sChIJE1JorJG_zS0RhdgHAFsdpxw?authuser=0&hl=en&rclk=1,-8.6011498,116.0736546
Pantai kerandangan 3,Nusa Tenggara Barat,4.5,sangat bagus,https://www.google.com/maps/place/Pantai+kerandangan+3/data=!4m7!3m6!1s0x2dcde9dbc2d1e635:0x55e79ead731ef57!8m2!3d-8.4849899!4d116.0347111!16s%2Fg%2F11dfgstsjv!19sChIJNebRwtvpzS0RV-8x1-p5XgU?authuser=0&hl=en&rclk=1,-8.4849899,116.0347111
"Pantai Pink Lambu, Bima NTB",Nusa Tenggara Barat,4.8,sangat bagus,"https://www.google.com/maps/place/Pantai+Pink+Lambu,+Bima+NTB/data=!4m7!3m6!1s0x2db5a4439b836943:0xc2c05d7ff0dee0f2!8m2!3d-8.5615053!4d119.1672102!16s%2Fg%2F11g8vpv856!19sChIJQ2mDm0OktS0R8uDe8H9dwMI?authuser=0&hl=en&rclk=1",-8.5615053,119.1672102
Pantai Lawata Bima,Nusa Tenggara Barat,4.3,sangat bagus,https://www.google.com/maps/place/Pantai+Lawata+Bima/data=!4m7!3m6!1s0x2db58986f5c85239:0xf7e175d08d54ac1b!8m2!3d-8.4716507!4d118.7110724!16s%2Fg%2F11bzwp_gyn!19sChIJOVLI9YaJtS0RG6xUjdB14fc?authuser=0&hl=en&rclk=1,-8.4716507,118.7110724
Pantai Tropical,Nusa Tenggara Barat,4.8,sangat bagus,https://www.google.com/maps/place/Pantai+Tropical/data=!4m7!3m6!1s0x2dccf33ba0fd0fbd:0xc6eeba17fb313cca!8m2!3d-8.9964282!4d116.7382074!16s%2Fg%2F11trv_q1ys!19sChIJvQ_9oDvzzC0Ryjwx-xe67sY?authuser=0&hl=en&rclk=1,-8.9964282,116.7382074
Mandalika Beach,Nusa Tenggara Barat,4.5,sangat bagus,https://www.google.com/maps/place/Mandalika+Beach/data=!4m7!3m6!1s0x2dcd07662278a851:0x7e00497a65127dc6!8m2!3d-8.9014948!4d116.2945999!16s%2Fg%2F11ckvwq4rx!19sChIJUah4ImYHzS0Rxn0SZXpJAH4?authuser=0&hl=en&rclk=1,-8.9014948,116.2945999
Pantai Lancing,Nusa Tenggara Barat,4.5,sangat bagus,https://www.google.com/maps/place/Pantai+Lancing/data=!4m7!3m6!1s0x2dcda7f553ab7adf:0xdbc38a2e94bbc90e!8m2!3d-8.9006882!4d116.2070408!16s%2Fg%2F11g65bn1zz!19sChIJ33qrU_WnzS0RDsm7lC6Kw9s?authuser=0&hl=en&rclk=1,-8.9006882,116.2070408
Telawas Beach,Nusa Tenggara Barat,4.5,sangat bagus,https://www.google.com/maps/place/Telawas+Beach/data=!4m7!3m6!1s0x2dcda767fc570681:0x19264fd90b945f25!8m2!3d-8.8953967!4d116.1620639!16s%2Fg%2F11cssykgqj!19sChIJgQZX_GenzS0RJV-UC9lPJhk?authuser=0&hl=en&rclk=1,-8.8953967,116.1620639
Pantai Jelenga,Nusa Tenggara Barat,4.6,sangat bagus,https://www.google.com/maps/place/Pantai+Jelenga/data=!4m7!3m6!1s0x2dcc5f899718eb81:0x109d6a1dc5edca3e!8m2!3d-8.8569148!4d116.7661202!16s%2Fg%2F11crxwdnks!19sChIJgesYl4lfzC0RPsrtxR1qnRA?authuser=0&hl=en&rclk=1,-8.8569148,116.7661202
Pantai Moro,Nusa Tenggara Barat,4.6,sangat bagus,https://www.google.com/maps/place/Pantai+Moro/data=!4m7!3m6!1s0x2dcc42ebf7a4d95b:0xa690b5250efbb286!8m2!3d-8.673248!4d116.7681855!16s%2Fg%2F11hbpxjgr8!19sChIJW9mk9-tCzC0RhrL7DiW1kKY?authuser=0&hl=en&rclk=1,-8.673248,116.7681855
Pantai Kerandangan I,Nusa Tenggara Barat,4.3,sangat bagus,https://www.google.com/maps/place/Pantai+Kerandangan+I/data=!4m7!3m6!1s0x2dcde9de5f7e4997:0x6a8e2e3dc4f27b80!8m2!3d-8.489101!4d116.0367676!16s%2Fg%2F11cjhyqs97!19sChIJl0l-X97pzS0RgHvyxD0ujmo?authuser=0&hl=en&rclk=1,-8.489101,116.0367676
Pantai Kalaki,Nusa Tenggara Barat,4.0,bagus,https://www.google.com/maps/place/Pantai+Kalaki/data=!4m7!3m6!1s0x2db5882fa85661c1:0xd9e1549b685d3a91!8m2!3d-8.5175147!4d118.6820663!16s%2Fg%2F11bzy5kwpx!19sChIJwWFWqC-ItS0RkTpdaJtU4dk?authuser=0&hl=en&rclk=1,-8.5175147,118.6820663
Pantai Glampar,Nusa Tenggara Barat,4.6,sangat bagus,https://www.google.com/maps/place/Pantai+Glampar/data=!4m7!3m6!1s0x2dcc43522226bb2d:0xf82a2b39dda026ce!8m2!3d-8.6892049!4d116.7756739!16s%2Fg%2F11fd5v5xmj!19sChIJLbsmIlJDzC0Rziag3TkrKvg?authuser=0&hl=en&rclk=1,-8.6892049,116.7756739
Pantai Goa Landak,Nusa Tenggara Barat,4.4,sangat bagus,https://www.google.com/maps/place/Pantai+Goa+Landak/data=!4m7!3m6!1s0x2dcd97d1214101bd:0x269aef55226ec2ce!8m2!3d-8.719929!4d116.0326557!16s%2Fg%2F11c2pb3z87!19sChIJvQFBIdGXzS0RzsJuIlXvmiY?authuser=0&hl=en&rclk=1,-8.719929,116.0326557
Lakey Beach,Nusa Tenggara Barat,4.6,sangat bagus,https://www.google.com/maps/place/Lakey+Beach/data=!4m7!3m6!1s0x2dca8bef4bfe4475:0xcd32d7add877c52d!8m2!3d-8.79595!4d118.380145!16s%2Fg%2F11hd6z26k5!19sChIJdUT-S--Lyi0RLcV32K3XMs0?authuser=0&hl=en&rclk=1,-8.79595,118.380145
pantai kuang wai,Nusa Tenggara Barat,4.0,bagus,https://www.google.com/maps/place/pantai+kuang+wai/data=!4m7!3m6!1s0x2dcc51a5c6351f79:0x279c6c621e6e4ad5!8m2!3d-8.7487786!4d116.5470588!16s%2Fg%2F11fzwh045l!19sChIJeR81xqVRzC0R1UpuHmJsnCc?authuser=0&hl=en&rclk=1,-8.7487786,116.5470588
Pantai Sekongkang,Nusa Tenggara Barat,4.9,sangat bagus,https://www.google.com/maps/place/Pantai+Sekongkang/data=!4m7!3m6!1s0x2dccf35c35d2d667:0x92794b898a5c78e7!8m2!3d-8.977613!4d116.7368666!16s%2Fg%2F11t4b511ht!19sChIJZ9bSNVzzzC0R53hciolLeZI?authuser=0&hl=en&rclk=1,-8.977613,116.7368666
Pantai Gading Mapak,Nusa Tenggara Barat,4.2,sangat bagus,https://www.google.com/maps/place/Pantai+Gading+Mapak/data=!4m7!3m6!1s0x2dcdbfba993aa9fb:0xbd3211a86308da8c!8m2!3d-8.6186578!4d116.0751409!16s%2Fg%2F11hcnbsxlj!19sChIJ-6k6mbq_zS0RjNoIY6gRMr0?authuser=0&hl=en&rclk=1,-8.6186578,116.0751409
Pantai Tanjung Bloam,Nusa Tenggara Barat,4.3,sangat bagus,https://www.google.com/maps/place/Pantai+Tanjung+Bloam/data=!4m7!3m6!1s0x2dccf8798e3d9395:0xc4b1c85f1903be4a!8m2!3d-8.8792522!4d116.5701922!16s%2Fg%2F11c53gjq3j!19sChIJlZM9jnn4zC0RSr4DGV_IscQ?authuser=0&hl=en&rclk=1,-8.8792522,116.5701922
Pantai malimbu,Nusa Tenggara Barat,4.5,sangat bagus,https://www.google.com/maps/place/Pantai+malimbu/data=!4m7!3m6!1s0x2dcde9f3383323ab:0x8c61ba4ccdb72fae!8m2!3d-8.441847!4d116.0381002!16s%2Fg%2F11fjmf1d41!19sChIJqyMzOPPpzS0Rri-3zUy6YYw?authuser=0&hl=en&rclk=1,-8.441847,116.0381002
Pantai Sejuk,Nusa Tenggara Barat,4.5,sangat bagus,https://www.google.com/maps/place/Pantai+Sejuk/data=!4m7!3m6!1s0x2dcddc44d1bd00ff:0xdfe98858774c42cc!8m2!3d-8.3758102!4d116.1040551!16s%2Fg%2F11bxbbff0h!19sChIJ_wC90UTczS0RzEJMd1iI6d8?authuser=0&hl=en&rclk=1,-8.3758102,116.1040551
Pantai Ketapang Tampes,Nusa Tenggara Barat,4.2,sangat bagus,https://www.google.com/maps/place/Pantai+Ketapang+Tampes/data=!4m7!3m6!1s0x2dce7891572ee157:0x33efcbc06d6b87b7!8m2!3d-8.238144!4d116.2948688!16s%2Fg%2F11byyq9b0q!19sChIJV-EuV5F4zi0Rt4drbcDL7zM?authuser=0&hl=en&rclk=1,-8.238144,116.2948688
Pantai Perawan Kertasari,Nusa Tenggara Barat,4.6,sangat bagus,https://www.google.com/maps/place/Pantai+Perawan+Kertasari/data=!4m7!3m6!1s0x2dcc5d888c025247:0x3902c056b2848236!8m2!3d-8.7385526!4d116.7684305!16s%2Fg%2F11jcdq4byb!19sChIJR1ICjIhdzC0RNoKEslbAAjk?authuser=0&hl=en&rclk=1,-8.7385526,116.7684305
Pantai Pasir Putih Mbuju Kilo,Nusa Tenggara Barat,4.5,sangat bagus,https://www.google.com/maps/place/Pantai+Pasir+Putih+Mbuju+Kilo/data=!4m7!3m6!1s0x2dca15d0210ca585:0xc88200c2cba914c1!8m2!3d-8.3516481!4d118.3366766!16s%2Fg%2F11fzr9jg88!19sChIJhaUMIdAVyi0RwRSpy8IAgsg?authuser=0&hl=en&rclk=1,-8.3516481,118.3366766
Rambang Beach,Nusa Tenggara Barat,4.1,sangat bagus,https://www.google.com/maps/place/Rambang+Beach/data=!4m7!3m6!1s0x2dcc51cedbe44df5:0xe32c4ee99be8ded!8m2!3d-8.7295864!4d116.5519745!16s%2Fg%2F11c565fk42!19sChIJ9U3k285RzC0R7Y2-me7EMg4?authuser=0&hl=en&rclk=1,-8.7295864,116.5519745
Pantai Viral Kali Ancar,Nusa Tenggara Barat,4.3,sangat bagus,https://www.google.com/maps/place/Pantai+Viral+Kali+Ancar/data=!4m7!3m6!1s0x2dcdc1d0e52fa51d:0x887221b8f8d233d2!8m2!3d-8.5879375!4d116.0723125!16s%2Fg%2F11v0z0hc9k!19sChIJHaUv5dDBzS0R0jPS-Lghcog?authuser=0&hl=en&rclk=1,-8.5879375,116.0723125
Pantai Oetune,Nusa Tenggara Timur,4.6,sangat bagus,https://www.google.com/maps/place/Pantai+Oetune/data=!4m7!3m6!1s0x2c561b37daf7c2b3:0x8599d743775e45ec!8m2!3d-10.1690246!4d124.3971128!16s%2Fg%2F11cn182z4j!19sChIJs8L32jcbViwR7EVed0PXmYU?authuser=0&hl=en&rclk=1,-10.1690246,124.3971128
Liman Beach,Nusa Tenggara Timur,4.8,sangat bagus,https://www.google.com/maps/place/Liman+Beach/data=!4m7!3m6!1s0x2c56a4d476d7b87b:0x2467d9fd393b773c!8m2!3d-10.2931156!4d123.3076102!16s%2Fg%2F11cmqzdgnf!19sChIJe7jXdtSkViwRPHc7Of3ZZyQ?authuser=0&hl=en&rclk=1,-10.2931156,123.3076102
Pantai Maropokot,Nusa Tenggara Timur,4.5,sangat bagus,https://www.google.com/maps/place/Pantai+Maropokot/data=!4m7!3m6!1s0x2db28bb6e4acb557:0x3f9854cfa44723fa!8m2!3d-8.5263216!4d121.3277135!16s%2Fg%2F11c6q386wf!19sChIJV7Ws5LaLsi0R-iNHpM9UmD8?authuser=0&hl=en&rclk=1,-8.5263216,121.3277135
Nemberala Beach,Nusa Tenggara Timur,4.7,sangat bagus,https://www.google.com/maps/place/Nemberala+Beach/data=!4m7!3m6!1s0x2c50d958ff439ebb:0xfd64cfbb565d9f6c!8m2!3d-10.889968!4d122.8226098!16s%2Fg%2F11dxkz54pf!19sChIJu55D_1jZUCwRbJ9dVrvPZP0?authuser=0&hl=en&rclk=1,-10.889968,122.8226098
Pantai Marosi,Nusa Tenggara Timur,4.6,sangat bagus,https://www.google.com/maps/place/Pantai+Marosi/data=!4m7!3m6!1s0x2c4afb52b3c26383:0xb6ae3800272803d!8m2!3d-9.7621423!4d119.3144131!16s%2Fg%2F11cmd3195d!19sChIJg2PCs1L7SiwRPYByAoDjags?authuser=0&hl=en&rclk=1,-9.7621423,119.3144131
Bitha Beach,Nusa Tenggara Timur,4.1,sangat bagus,https://www.google.com/maps/place/Bitha+Beach/data=!4m7!3m6!1s0x2dad58d8e01029f5:0xee049e60dd5caae6!8m2!3d-8.8480549!4d121.6711402!16s%2Fg%2F11cmzf7l5g!19sChIJ9SkQ4NhYrS0R5qpc3WCeBO4?authuser=0&hl=en&rclk=1,-8.8480549,121.6711402
Pantai Waecicu,Nusa Tenggara Timur,3.9,bagus,https://www.google.com/maps/place/Pantai+Waecicu/data=!4m7!3m6!1s0x2db4660e51f28abf:0xe2110b389b0554ca!8m2!3d-8.4639763!4d119.8721983!16s%2Fg%2F11f4r1_h_2!19sChIJv4ryUQ5mtC0RylQFmzgLEeI?authuser=0&hl=en&rclk=1,-8.4639763,119.8721983
Pantai Mali,Nusa Tenggara Timur,4.4,sangat bagus,https://www.google.com/maps/place/Pantai+Mali/data=!4m7!3m6!1s0x2d0080d3c09ff77d:0x84e1ed0e0deae8!8m2!3d-8.146273!4d124.5929777!16s%2Fg%2F11dfjylwqs!19sChIJffefwNOAAC0R6OoNDu3hhAA?authuser=0&hl=en&rclk=1,-8.146273,124.5929777
Pantai Otan,Nusa Tenggara Timur,4.7,sangat bagus,https://www.google.com/maps/place/Pantai+Otan/data=!4m7!3m6!1s0x2c56a105ca49d5fd:0xf03aeadf7f4424cf!8m2!3d-10.1708905!4d123.3866864!16s%2Fg%2F11dym6f04t!19sChIJ_dVJygWhViwRzyREf9_qOvA?authuser=0&hl=en&rclk=1,-10.1708905,123.3866864
Pantai Tarimbang,Nusa Tenggara Timur,4.7,sangat bagus,https://www.google.com/maps/place/Pantai+Tarimbang/data=!4m7!3m6!1s0x2c4b9b197a75258b:0x7e882d8dc051e9b1!8m2!3d-9.9728579!4d119.9458569!16s%2Fg%2F11cn0mj8qj!19sChIJiyV1ehmbSywRselRwI0tiH4?authuser=0&hl=en&rclk=1,-9.9728579,119.9458569
Pantai Batu Pintu,Nusa Tenggara Timur,4.7,sangat bagus,https://www.google.com/maps/place/Pantai+Batu+Pintu/data=!4m7!3m6!1s0x2c50da65e360f83d:0x5557a448a18cf2eb!8m2!3d-10.9151787!4d122.8821099!16s%2Fg%2F11fx82pmbb!19sChIJPfhg42XaUCwR6_KMoUikV1U?authuser=0&hl=en&rclk=1,-10.9151787,122.8821099
"Tanjung Batu Putih, Rium, Amarasi Timur",Nusa Tenggara Timur,4.7,sangat bagus,"https://www.google.com/maps/place/Tanjung+Batu+Putih,+Rium,+Amarasi+Timur/data=!4m7!3m6!1s0x2c566d48a21b6173:0x2de2bb253c5cdb12!8m2!3d-10.2174046!4d124.0824853!16s%2Fg%2F11f78bh1bm!19sChIJc2EbokhtViwREttcPCW74i0?authuser=0&hl=en&rclk=1",-10.2174046,124.0824853
Pantai Ena Gera,Nusa Tenggara Timur,4.3,sangat bagus,https://www.google.com/maps/place/Pantai+Ena+Gera/data=!4m7!3m6!1s0x2db2c6c4c878219d:0x4b756313e0d14dca!8m2!3d-8.8914197!4d121.2046869!16s%2Fg%2F11bxdxml21!19sChIJnSF4yMTGsi0Ryk3R4BNjdUs?authuser=0&hl=en&rclk=1,-8.8914197,121.2046869
Pantai Nunbaun,Nusa Tenggara Timur,4.5,sangat bagus,https://www.google.com/maps/place/Pantai+Nunbaun/data=!4m7!3m6!1s0x2c569c64bdb25ad9:0xa4aa0923e4cb737e!8m2!3d-10.1707859!4d123.5662784!16s%2Fg%2F11ggtgch70!19sChIJ2VqyvWScViwRfnPL5CMJqqQ?authuser=0&hl=en&rclk=1,-10.1707859,123.5662784
Cepi Watu Beach,Nusa Tenggara Timur,4.1,sangat bagus,https://www.google.com/maps/place/Cepi+Watu+Beach/data=!4m7!3m6!1s0x2db3145263cd2395:0xcfc99092e1b7e350!8m2!3d-8.8155262!4d120.5844428!16s%2Fg%2F11c2kcrr4x!19sChIJlSPNY1IUsy0RUOO34ZKQyc8?authuser=0&hl=en&rclk=1,-8.8155262,120.5844428
Liang Bala Beach,Nusa Tenggara Timur,4.4,sangat bagus,https://www.google.com/maps/place/Liang+Bala+Beach/data=!4m7!3m6!1s0x2db315e75677e285:0x354356eaec1940a3!8m2!3d-8.8350473!4d120.6138768!16s%2Fg%2F11f5dgscjg!19sChIJheJ3VucVsy0Ro0AZ7OpWQzU?authuser=0&hl=en&rclk=1,-8.8350473,120.6138768
Pantai Batu Biru (Blue Stone Beach),Nusa Tenggara Timur,4.1,sangat bagus,https://www.google.com/maps/place/Pantai+Batu+Biru+%28Blue+Stone+Beach%29/data=!4m7!3m6!1s0x2db2a259ef5b10bd:0x47c8c9d9858579fb!8m2!3d-8.8007326!4d121.493543!16s%2Fg%2F11cjj7m6jb!19sChIJvRBb71misi0R-3mFhdnJyEc?authuser=0&hl=en&rclk=1,-8.8007326,121.493543
Nanganesa Beach,Nusa Tenggara Timur,4.5,sangat bagus,https://www.google.com/maps/place/Nanganesa+Beach/data=!4m7!3m6!1s0x2dad593ea040ff2b:0xe1e7e692864501f3!8m2!3d-8.8485436!4d121.6911434!16s%2Fg%2F11byp84hhk!19sChIJK_9AoD5ZrS0R8wFFhpLm5-E?authuser=0&hl=en&rclk=1,-8.8485436,121.6911434
Pantai NangaLala Ende,Nusa Tenggara Timur,4.4,sangat bagus,https://www.google.com/maps/place/Pantai+NangaLala+Ende/data=!4m7!3m6!1s0x2db2a1a2713ebb5f:0x8926c5ef029ef6e!8m2!3d-8.8001932!4d121.5602472!16s%2Fg%2F11gdk_1r75!19sChIJX7s-caKhsi0Rbu8p8F5skgg?authuser=0&hl=en&rclk=1,-8.8001932,121.5602472
Pantai Nusa,Nusa Tenggara Timur,4.2,sangat bagus,https://www.google.com/maps/place/Pantai+Nusa/data=!4m7!3m6!1s0x2c4c4b98ba74200f:0x2b768a99325d8839!8m2!3d-10.0179735!4d120.8400922!16s%2Fg%2F11k428mgxv!19sChIJDyB0uphLTCwROYhdMpmKdis?authuser=0&hl=en&rclk=1,-10.0179735,120.8400922
Pantai Pasir Putih Mingar,Nusa Tenggara Timur,4.7,sangat bagus,https://www.google.com/maps/place/Pantai+Pasir+Putih+Mingar/data=!4m7!3m6!1s0x2dab68a489be2ebf:0xc1988f06aee8fbfd!8m2!3d-8.54385!4d123.2673177!16s%2Fg%2F11f3d66vhx!19sChIJvy6-iaRoqy0R_fvorgaPmME?authuser=0&hl=en&rclk=1,-8.54385,123.2673177
Pantai Pasir Putih,Nusa Tenggara Timur,4.1,sangat bagus,https://www.google.com/maps/place/Pantai+Pasir+Putih/data=!4m7!3m6!1s0x2dab70c4e4963c87:0x5de55f46f156056b!8m2!3d-8.3892766!4d123.2904715!16s%2Fg%2F11csrr2166!19sChIJhzyW5MRwqy0RawVW8UZf5V0?authuser=0&hl=en&rclk=1,-8.3892766,123.2904715
Pantai Watotena,Nusa Tenggara Timur,4.6,sangat bagus,https://www.google.com/maps/place/Pantai+Watotena/data=!4m7!3m6!1s0x2dab793aaaaaaaab:0xcc8c2a1b344aa74!8m2!3d-8.393778!4d123.2274249!16s%2Fg%2F11b6_r1jz0!19sChIJq6qqqjp5qy0RdKpEs6HCyAw?authuser=0&hl=en&rclk=1,-8.393778,123.2274249
Pantai Wini,Nusa Tenggara Timur,4.7,sangat bagus,https://www.google.com/maps/place/Pantai+Wini/data=!4m7!3m6!1s0x2c556272bbdea7cf:0x24a95848e27c1455!8m2!3d-9.1803022!4d124.4984585!16s%2Fg%2F11fzzy0_nz!19sChIJz6feu3JiVSwRVRR84khYqSQ?authuser=0&hl=en&rclk=1,-9.1803022,124.4984585
Pantai Ratenggaro,Nusa Tenggara Timur,3.7,bagus,https://www.google.com/maps/place/Pantai+Ratenggaro/data=!4m7!3m6!1s0x2c4abfd50a4c2e61:0xd4337d2a599d5ba8!8m2!3d-9.6298283!4d119.0027695!16s%2Fg%2F11c53ghbx5!19sChIJYS5MCtW_SiwRqFudWSp9M9Q?authuser=0&hl=en&rclk=1,-9.6298283,119.0027695
Pantai Watu Bella,Nusa Tenggara Timur,4.7,sangat bagus,https://www.google.com/maps/place/Pantai+Watu+Bella/data=!4m7!3m6!1s0x2c4afb561eee363f:0xc794440599f3be88!8m2!3d-9.7669273!4d119.3248024!16s%2Fg%2F11c5sr2wrv!19sChIJPzbuHlb7SiwRiL7zmQVElMc?authuser=0&hl=en&rclk=1,-9.7669273,119.3248024
Nihiwatu Beach,Nusa Tenggara Timur,4.1,sangat bagus,https://www.google.com/maps/place/Nihiwatu+Beach/data=!4m7!3m6!1s0x2c4afcdc01f97a73:0x54c747e3fc22ac63!8m2!3d-9.7720795!4d119.3682249!16s%2Fg%2F11c3kqfwky!19sChIJc3r5Adz8SiwRY6wi_ONHx1Q?authuser=0&hl=en&rclk=1,-9.7720795,119.3682249
Kajuwulu Beach,Nusa Tenggara Timur,4.5,sangat bagus,https://www.google.com/maps/place/Kajuwulu+Beach/data=!4m7!3m6!1s0x2dad0c320cd73d6b:0x9d11e75ace47265a!8m2!3d-8.5243053!4d122.0713724!16s%2Fg%2F11cn6lwzf8!19sChIJaz3XDDIMrS0RWiZHzlrnEZ0?authuser=0&hl=en&rclk=1,-8.5243053,122.0713724
Pantai Warna Kota Kupang NTT,Nusa Tenggara Timur,4.4,sangat bagus,https://www.google.com/maps/place/Pantai+Warna+Kota+Kupang+NTT/data=!4m7!3m6!1s0x2c569b9874a0ed6d:0x9f9d8347194960a2!8m2!3d-10.1424452!4d123.653825!16s%2Fg%2F11g4jhcj__!19sChIJbe2gdJibViwRomBJGUeDnZ8?authuser=0&hl=en&rclk=1,-10.1424452,123.653825
pantai oeseli,Nusa Tenggara Timur,4.7,sangat bagus,https://www.google.com/maps/place/pantai+oeseli/data=!4m7!3m6!1s0x2c50d0836d0c294b:0x326e937f1d2fc5cd!8m2!3d-10.9137081!4d122.9030536!16s%2Fg%2F11c0qgqt4f!19sChIJSykMbYPQUCwRzcUvHX-TbjI?authuser=0&hl=en&rclk=1,-10.9137081,122.9030536
Pantai Reklamasi,Nusa Tenggara Timur,4.2,sangat bagus,https://www.google.com/maps/place/Pantai+Reklamasi/data=!4m7!3m6!1s0x2d007f83c1741ebf:0x2cca1e96e4bb1155!8m2!3d-8.2187854!4d124.5151685!16s%2Fg%2F11b7_1qf56!19sChIJvx50wYN_AC0RVRG75JYeyiw?authuser=0&hl=en&rclk=1,-8.2187854,124.5151685
Pantai Batu Putih,Nusa Tenggara Timur,4.7,sangat bagus,https://www.google.com/maps/place/Pantai+Batu+Putih/data=!4m7!3m6!1s0x2daa7f605223bb35:0x1ba1c88015eaf9db!8m2!3d-8.1321053!4d124.5063441!16s%2Fg%2F11dftdjyh1!19sChIJNbsjUmB_qi0R2_nqFYDIoRs?authuser=0&hl=en&rclk=1,-8.1321053,124.5063441
"DESA OEBALI, KUPANG, NTT",Nusa Tenggara Timur,4.5,sangat bagus,"https://www.google.com/maps/place/DESA+OEBALI,+KUPANG,+NTT/data=!4m7!3m6!1s0x2c56917eedac255f:0xde17b4c8483c9dba!8m2!3d-10.3312064!4d123.568755!16s%2Fg%2F11cn6k5433!19sChIJXyWs7X6RViwRup08SMi0F94?authuser=0&hl=en&rclk=1",-10.3312064,123.568755
Pantai Watuparunu,Nusa Tenggara Timur,4.6,sangat bagus,https://www.google.com/maps/place/Pantai+Watuparunu/data=!4m7!3m6!1s0x2c4c17c53ef337ef:0x5248eccde2c46201!8m2!3d-10.2520065!4d120.5149522!16s%2Fg%2F11bztb8dk2!19sChIJ7zfzPsUXTCwRAWLE4s3sSFI?authuser=0&hl=en&rclk=1,-10.2520065,120.5149522
pantai teres,Nusa Tenggara Timur,4.4,sangat bagus,https://www.google.com/maps/place/pantai+teres/data=!4m7!3m6!1s0x2c5665d9472429d1:0x90a77c7346ea838d!8m2!3d-10.2982647!4d123.9138116!16s%2Fg%2F11c5qspf07!19sChIJ0SkkR9llViwRjYPqRnN8p5A?authuser=0&hl=en&rclk=1,-10.2982647,123.9138116
Pantai SAKURA KALABAHI,Nusa Tenggara Timur,4.3,sangat bagus,https://www.google.com/maps/place/Pantai+SAKURA+KALABAHI/data=!4m7!3m6!1s0x2d007f098842264d:0xc4986713de6c153b!8m2!3d-8.2217159!4d124.5363319!16s%2Fg%2F11f00df1lw!19sChIJTSZCiAl_AC0ROxVs3hNnmMQ?authuser=0&hl=en&rclk=1,-8.2217159,124.5363319
Pantai Paradiso,Nusa Tenggara Timur,4.4,sangat bagus,https://www.google.com/maps/place/Pantai+Paradiso/data=!4m7!3m6!1s0x2c5683294eaf4d3b:0xf446c6083f36fe0!8m2!3d-10.1409587!4d123.6266006!16s%2Fg%2F11fy92rnjx!19sChIJO02vTimDViwR4G_zg2BsRA8?authuser=0&hl=en&rclk=1,-10.1409587,123.6266006
Uinian Beach,Nusa Tenggara Timur,4.7,sangat bagus,https://www.google.com/maps/place/Uinian+Beach/data=!4m7!3m6!1s0x2c56a5d092c029b1:0x5a300a677f5f8741!8m2!3d-10.2407273!4d123.3206685!16s%2Fg%2F11hzjtml2g!19sChIJsSnAktClViwRQYdff2cKMFo?authuser=0&hl=en&rclk=1,-10.2407273,123.3206685
Pantai Tub'afu,Nusa Tenggara Timur,4.6,sangat bagus,https://www.google.com/maps/place/Pantai+Tub%27afu/data=!4m7!3m6!1s0x2c568d8e146941a7:0x904fd7ead4c90bee!8m2!3d-10.3524141!4d123.6765456!16s%2Fg%2F11fl7bvmvd!19sChIJp0FpFI6NViwR7gvJ1OrXT5A?authuser=0&hl=en&rclk=1,-10.3524141,123.6765456
Wisata Pantai Oetuke,Nusa Tenggara Timur,4.8,sangat bagus,https://www.google.com/maps/place/Wisata+Pantai+Oetuke/data=!4m7!3m6!1s0x2cf8abf687f57ddb:0xb588cc24f1480f3a!8m2!3d-10.0057767!4d124.5543043!16s%2Fg%2F11sp7xlnzf!19sChIJ2331h_ar-CwROg9I8STMiLU?authuser=0&hl=en&rclk=1,-10.0057767,124.5543043
Pantai Manikin,Nusa Tenggara Timur,4.3,sangat bagus,https://www.google.com/maps/place/Pantai+Manikin/data=!4m7!3m6!1s0x2c56824e05ab1d79:0xc5f42aa6880a6a9f!8m2!3d-10.1252066!4d123.6740469!16s%2Fg%2F11g65btgc0!19sChIJeR2rBU6CViwRn2oKiKYq9MU?authuser=0&hl=en&rclk=1,-10.1252066,123.6740469
Pantai Oesosole,Nusa Tenggara Timur,4.7,sangat bagus,https://www.google.com/maps/place/Pantai+Oesosole/data=!4m7!3m6!1s0x2c56dde757cd24fd:0x8edfd46fb85de5f8!8m2!3d-10.6593407!4d123.4159788!16s%2Fg%2F11cnbyrzzj!19sChIJ_STNV-fdViwR-OVduG_U344?authuser=0&hl=en&rclk=1,-10.6593407,123.4159788
Pantai Tirung,Nusa Tenggara Timur,4.8,sangat bagus,https://www.google.com/maps/place/Pantai+Tirung/data=!4m7!3m6!1s0x2c4ae515b8b2b4ad:0xd121c46b7a511a62!8m2!3d-9.7456626!4d119.2593042!16s%2Fg%2F11c601bfb6!19sChIJrbSyuBXlSiwRYhpRemvEIdE?authuser=0&hl=en&rclk=1,-9.7456626,119.2593042
Pantai Bota,Nusa Tenggara Timur,4.4,sangat bagus,https://www.google.com/maps/place/Pantai+Bota/data=!4m7!3m6!1s0x2daa872070ab0045:0x2c62f56eefa6a934!8m2!3d-8.2330344!4d124.3997048!16s%2Fg%2F11f2xykdyw!19sChIJRQCrcCCHqi0RNKmm7271Yiw?authuser=0&hl=en&rclk=1,-8.2330344,124.3997048
Pantai Mondulambi,Nusa Tenggara Timur,4.7,sangat bagus,https://www.google.com/maps/place/Pantai+Mondulambi/data=!4m7!3m6!1s0x2c4ba06e9c792c05:0x2a9eef578ec0e4e!8m2!3d-9.8917781!4d119.7598201!16s%2Fg%2F11cn8r_dhv!19sChIJBSx5nG6gSywRTg7sePXuqQI?authuser=0&hl=en&rclk=1,-9.8917781,119.7598201
Lifulada Beach,Nusa Tenggara Timur,4.6,sangat bagus,https://www.google.com/maps/place/Lifulada+Beach/data=!4m7!3m6!1s0x2c50dbc266c3af77:0x1544731e8a25c975!8m2!3d-10.9279554!4d122.8341651!16s%2Fg%2F11gjv0clt1!19sChIJd6_DZsLbUCwRdcklih5zRBU?authuser=0&hl=en&rclk=1,-10.9279554,122.8341651
Pantai Tablolong,Nusa Tenggara Timur,4.4,sangat bagus,https://www.google.com/maps/place/Pantai+Tablolong/data=!4m7!3m6!1s0x2c5696410240957b:0x6eda20964f49fc94!8m2!3d-10.3260419!4d123.4636806!16s%2Fg%2F11g725nchh!19sChIJe5VAAkGWViwRlPxJT5Yg2m4?authuser=0&hl=en&rclk=1,-10.3260419,123.4636806
Pantai Bukit Liman,Nusa Tenggara Timur,4.8,sangat bagus,https://www.google.com/maps/place/Pantai+Bukit+Liman/data=!4m7!3m6!1s0x2c56bb21c853008f:0x18d57c2b07e9d9fe!8m2!3d-10.3008891!4d123.3050692!16s%2Fg%2F11bvvx__4c!19sChIJjwBTyCG7ViwR_tnpByt81Rg?authuser=0&hl=en&rclk=1,-10.3008891,123.3050692
Pantai Oesapa,Nusa Tenggara Timur,4.4,sangat bagus,https://www.google.com/maps/place/Pantai+Oesapa/data=!4m7!3m6!1s0x2c5683f2d7270915:0xaa8b9420a524f76c!8m2!3d-10.1398327!4d123.6554228!16s%2Fg%2F11s2lxj61_!19sChIJFQkn1_KDViwRbPckpSCUi6o?authuser=0&hl=en&rclk=1,-10.1398327,123.6554228
Kuta Beach,Bali,4.5,sangat bagus,https://www.google.com/maps/place/Kuta+Beach/data=!4m7!3m6!1s0x2dd246bc2ab70d43:0x82feaae12f4ab48e!8m2!3d-8.7184926!4d115.1686322!16s%2Fg%2F11c1p6r11n!19sChIJQw23KrxG0i0RjrRKL-Gq_oI?authuser=0&hl=en&rclk=1,-8.7184926,115.1686322
Pantai Batu Bolong,Bali,4.5,sangat bagus,https://www.google.com/maps/place/Pantai+Batu+Bolong/data=!4m7!3m6!1s0x2dd2478621f5b693:0xa157bd1e893b4293!8m2!3d-8.6594824!4d115.1301361!16s%2Fg%2F1hc2cr7jt!19sChIJk7b1IYZH0i0Rk0I7iR69V6E?authuser=0&hl=en&rclk=1,-8.6594824,115.1301361
Legian Beach,Bali,4.5,sangat bagus,https://www.google.com/maps/place/Legian+Beach/data=!4m7!3m6!1s0x2dd246e7987b2117:0xeca4ea2fc43d3caf!8m2!3d-8.7039476!4d115.1647362!16s%2Fg%2F11c53240s9!19sChIJFyF7mOdG0i0Rrzw9xC_qpOw?authuser=0&hl=en&rclk=1,-8.7039476,115.1647362
Seminyak Beach,Bali,4.5,sangat bagus,https://www.google.com/maps/place/Seminyak+Beach/data=!4m7!3m6!1s0x2dd2471c804bfd05:0xdcc2b5ae63dc9082!8m2!3d-8.6920123!4d115.1578837!16s%2Fg%2F11cr_qt0g1!19sChIJBf1LgBxH0i0RgpDcY661wtw?authuser=0&hl=en&rclk=1,-8.6920123,115.1578837
Suluban Beach,Bali,4.6,sangat bagus,https://www.google.com/maps/place/Suluban+Beach/data=!4m7!3m6!1s0x2dd24ffeaa305bf9:0x6b7922fbf1aea067!8m2!3d-8.8160171!4d115.0882875!16s%2Fg%2F11cr_vvn_h!19sChIJ-Vswqv5P0i0RZ6Cu8fsieWs?authuser=0&hl=en&rclk=1,-8.8160171,115.0882875
Pantai Batu Belig,Bali,4.5,sangat bagus,https://www.google.com/maps/place/Pantai+Batu+Belig/data=!4m7!3m6!1s0x2dd24774c0a631b1:0x9d16e84a9b99cabd!8m2!3d-8.6742449!4d115.1459553!16s%2Fg%2F11byfljfj1!19sChIJsTGmwHRH0i0RvcqZm0roFp0?authuser=0&hl=en&rclk=1,-8.6742449,115.1459553
Melasti Beach Ungasan,Bali,4.8,sangat bagus,https://www.google.com/maps/place/Melasti+Beach+Ungasan/data=!4m7!3m6!1s0x2dd25b937f74a77f:0xd7fc41e66544fbab!8m2!3d-8.8477419!4d115.1606704!16s%2Fg%2F11kxmz2m5x!19sChIJf6d0f5Nb0i0Rq_tEZeZB_Nc?authuser=0&hl=en&rclk=1,-8.8477419,115.1606704
Petitenget Beach,Bali,4.5,sangat bagus,https://www.google.com/maps/place/Petitenget+Beach/data=!4m7!3m6!1s0x2dd2470fba33f4eb:0x77f7f6be668440c7!8m2!3d-8.6823579!4d115.150964!16s%2Fg%2F11cjj07gjc!19sChIJ6_Qzug9H0i0Rx0CEZr7293c?authuser=0&hl=en&rclk=1,-8.6823579,115.150964
Pandawa Beach,Bali,4.6,sangat bagus,https://www.google.com/maps/place/Pandawa+Beach/data=!4m7!3m6!1s0x2dd25b04f214986d:0x7277dbadb45a6499!8m2!3d-8.8444517!4d115.1858421!16s%2Fg%2F12q4w015p!19sChIJbZgU8gRb0i0RmWRatK3bd3I?authuser=0&hl=en&rclk=1,-8.8444517,115.1858421
Green Bowl Beach,Bali,4.5,sangat bagus,https://www.google.com/maps/place/Green+Bowl+Beach/data=!4m7!3m6!1s0x2dd25b73d7aa2a3f:0x715aafb7e76c4e!8m2!3d-8.8486708!4d115.1710301!16s%2Fg%2F1ydpn2ql6!19sChIJPyqq13Nb0i0RTmznt69acQA?authuser=0&hl=en&rclk=1,-8.8486708,115.1710301
Canggu Beach,Bali,4.3,sangat bagus,https://www.google.com/maps/place/Canggu+Beach/data=!4m7!3m6!1s0x2dd2478626b7677d:0x5a838e3317a93564!8m2!3d-8.6609933!4d115.1321265!16s%2Fg%2F11b7q0b219!19sChIJfWe3JoZH0i0RZDWpFzOOg1o?authuser=0&hl=en&rclk=1,-8.6609933,115.1321265
Mertasari Beach,Bali,4.4,sangat bagus,https://www.google.com/maps/place/Mertasari+Beach/data=!4m7!3m6!1s0x2dd24196daee874b:0x7baf80e112bad8ca!8m2!3d-8.7125026!4d115.2517831!16s%2Fg%2F1q62g5t4r!19sChIJS4fu2pZB0i0Ryti6EuGAr3s?authuser=0&hl=en&rclk=1,-8.7125026,115.2517831
Pantai Berawa,Bali,4.5,sangat bagus,https://www.google.com/maps/place/Pantai+Berawa/data=!4m7!3m6!1s0x2dd247837b56907d:0xbc8add454efe2eb8!8m2!3d-8.6637779!4d115.1359348!16s%2Fg%2F11b6gkrm1c!19sChIJfZBWe4NH0i0RuC7-TkXdirw?authuser=0&hl=en&rclk=1,-8.6637779,115.1359348
Pantai Segara,Bali,4.3,sangat bagus,https://www.google.com/maps/place/Pantai+Segara/data=!4m7!3m6!1s0x2dd246a337160fa7:0xd559a9f0e62efa1b!8m2!3d-8.7243214!4d115.1692808!16s%2Fg%2F11b708m0b0!19sChIJpw8WN6NG0i0RG_ou5vCpWdU?authuser=0&hl=en&rclk=1,-8.7243214,115.1692808
Karang Beach,Bali,4.6,sangat bagus,https://www.google.com/maps/place/Karang+Beach/data=!4m7!3m6!1s0x2dd214573b2294d5:0x33316987ae56a9ce!8m2!3d-8.6936599!4d115.2666781!16s%2Fg%2F11f5dft94s!19sChIJ1ZQiO1cU0i0RzqlWrodpMTM?authuser=0&hl=en&rclk=1,-8.6936599,115.2666781
Lebih Beach,Bali,4.3,sangat bagus,https://www.google.com/maps/place/Lebih+Beach/data=!4m7!3m6!1s0x2dd2146a984be6c9:0xabf388c60108c661!8m2!3d-8.581006!4d115.355501!16s%2Fg%2F1pzsyx0xl!19sChIJyeZLmGoU0i0RYcYIAcaI86s?authuser=0&hl=en&rclk=1,-8.581006,115.355501
Pantai Double - Six,Bali,4.7,sangat bagus,https://www.google.com/maps/place/Pantai+Double+-+Six/data=!4m7!3m6!1s0x2dd2479816ac658f:0xc8f11ad843a0f6a4!8m2!3d-8.6975406!4d115.1621384!16s%2Fg%2F11n_xx1p1_!19sChIJj2WsFphH0i0RpPagQ9ga8cg?authuser=0&hl=en&rclk=1,-8.6975406,115.1621384
Pantai Semawang,Bali,4.4,sangat bagus,https://www.google.com/maps/place/Pantai+Semawang/data=!4m7!3m6!1s0x2dd241c02bf1d9c7:0x8ee3c09346d05b45!8m2!3d-8.7071293!4d115.2627048!16s%2Fg%2F11cm3tx5fw!19sChIJx9nxK8BB0i0RRVvQRpPA444?authuser=0&hl=en&rclk=1,-8.7071293,115.2627048
Sindhu,Bali,4.5,sangat bagus,https://www.google.com/maps/place/Sindhu/data=!4m7!3m6!1s0x2dd240345de542e5:0xd6ac47050830f7e!8m2!3d-8.6843724!4d115.2645885!16s%2Fg%2F11c0pyzj0m!19sChIJ5ULlXTRA0i0Rfg-DUHDEag0?authuser=0&hl=en&rclk=1,-8.6843724,115.2645885
Nusa Dua Beach,Bali,4.5,sangat bagus,https://www.google.com/maps/place/Nusa+Dua+Beach/data=!4m7!3m6!1s0x2dd25cd23a71313d:0x87533f6b571d7de7!8m2!3d-8.8165144!4d115.2257982!16s%2Fg%2F11b77b3lb9!19sChIJPTFxOtJc0i0R530dV2s_U4c?authuser=0&hl=en&rclk=1,-8.8165144,115.2257982
Pantai Pererenan,Bali,4.5,sangat bagus,https://www.google.com/maps/place/Pantai+Pererenan/data=!4m7!3m6!1s0x2dd23874706b2f37:0x170182ab69e7e84!8m2!3d-8.6520823!4d115.121551!16s%2Fg%2F11ddyswfgl!19sChIJNy9rcHQ40i0RhH6etioYcAE?authuser=0&hl=en&rclk=1,-8.6520823,115.121551
Pantai Legian Bali,Bali,4.6,sangat bagus,https://www.google.com/maps/place/Pantai+Legian+Bali/data=!4m7!3m6!1s0x2dd246c1f5547797:0x5449b186be53f213!8m2!3d-8.7091325!4d115.1666683!16s%2Fm%2F0k7hnnl!19sChIJl3dU9cFG0i0RE_JTvoaxSVQ?authuser=0&hl=en&rclk=1,-8.7091325,115.1666683
Bias Tugel Beach,Bali,4.5,sangat bagus,https://www.google.com/maps/place/Bias+Tugel+Beach/data=!4m7!3m6!1s0x2dd20e657fe1b24b:0x39bfc47b60755279!8m2!3d-8.536223!4d115.5088618!16s%2Fg%2F11b6bgb_g5!19sChIJS7Lhf2UO0i0ReVJ1YHvEvzk?authuser=0&hl=en&rclk=1,-8.536223,115.5088618
Pantai Muaya,Bali,4.5,sangat bagus,https://www.google.com/maps/place/Pantai+Muaya/data=!4m7!3m6!1s0x2dd244f3a8d5c77b:0xd290ef616cd8337d!8m2!3d-8.782424!4d115.1618833!16s%2Fg%2F11cn331jbk!19sChIJe8fVqPNE0i0RfTPYbGHvkNI?authuser=0&hl=en&rclk=1,-8.782424,115.1618833
Pura Geger Beach,Bali,4.7,sangat bagus,https://www.google.com/maps/place/Pura+Geger+Beach/data=!4m7!3m6!1s0x2dd25ccfdf2bbe1f:0x27ad3d7e47072359!8m2!3d-8.819863!4d115.223829!16s%2Fg%2F11cm_pt96n!19sChIJH74r389c0i0RWSMHR349rSc?authuser=0&hl=en&rclk=1,-8.819863,115.223829
Double Six Beach,Bali,4.5,sangat bagus,https://www.google.com/maps/place/Double+Six+Beach/data=!4m7!3m6!1s0x2dd246e108062c6d:0x7737566399a0df2c!8m2!3d-8.6975074!4d115.1610332!16s%2Fg%2F11bv30lzl2!19sChIJbSwGCOFG0i0RLN-gmWNWN3c?authuser=0&hl=en&rclk=1,-8.6975074,115.1610332
Pasir Putih,Bali,4.6,sangat bagus,https://www.google.com/maps/place/Pasir+Putih/data=!4m7!3m6!1s0x2dd208fefa5f9947:0xa1ab243c9c68d710!8m2!3d-8.4981978!4d115.6118754!16s%2Fg%2F11c3tzt9w4!19sChIJR5lf-v4I0i0RENdonDwkq6E?authuser=0&hl=en&rclk=1,-8.4981978,115.6118754
Thomas Beach,Bali,4.2,sangat bagus,https://www.google.com/maps/place/Thomas+Beach/data=!4m7!3m6!1s0x2dd2455651a863d5:0xace756491f60ad7d!8m2!3d-8.8134521!4d115.0962459!16s%2Fg%2F11g8yhk_t5!19sChIJ1WOoUVZF0i0Rfa1gH0lW56w?authuser=0&hl=en&rclk=1,-8.8134521,115.0962459
Pantai Pasut,Bali,4.5,sangat bagus,https://www.google.com/maps/place/Pantai+Pasut/data=!4m7!3m6!1s0x2dd23122e42d049b:0xb8644744b2f08ac3!8m2!3d-8.563438!4d115.0367423!16s%2Fg%2F11cmsv_ydb!19sChIJmwQt5CIx0i0Rw4rwskRHZLg?authuser=0&hl=en&rclk=1,-8.563438,115.0367423
Pantai Mengening,Bali,4.7,sangat bagus,https://www.google.com/maps/place/Pantai+Mengening/data=!4m7!3m6!1s0x2dd23821f5031d75:0xc34126863786026b!8m2!3d-8.6395322!4d115.1007188!16s%2Fg%2F11bv30m61d!19sChIJdR0D9SE40i0RawKGN4YmQcM?authuser=0&hl=en&rclk=1,-8.6395322,115.1007188
Pantai Kelan,Bali,4.5,sangat bagus,https://www.google.com/maps/place/Pantai+Kelan/data=!4m7!3m6!1s0x2dd2446ab65f442f:0xe4a98359ab0e3b85!8m2!3d-8.7551201!4d115.166502!16s%2Fg%2F11b6cw3x7z!19sChIJL0RftmpE0i0RhTsOq1mDqeQ?authuser=0&hl=en&rclk=1,-8.7551201,115.166502
Pantai Nyanyi,Bali,4.4,sangat bagus,https://www.google.com/maps/place/Pantai+Nyanyi/data=!4m7!3m6!1s0x2dd2382115f7f5f9:0x929870a0c1008d3a!8m2!3d-8.6336624!4d115.0978348!16s%2Fg%2F11bv30gntw!19sChIJ-fX3FSE40i0ROo0AwaBwmJI?authuser=0&hl=en&rclk=1,-8.6336624,115.0978348
Pantai Segara Ayu,Bali,4.5,sangat bagus,https://www.google.com/maps/place/Pantai+Segara+Ayu/data=!4m7!3m6!1s0x2dd2403423ab0659:0xaf4e05330cf34456!8m2!3d-8.6824631!4d115.2643001!16s%2Fg%2F11cjj09j0w!19sChIJWQarIzRA0i0RVkTzDDMFTq8?authuser=0&hl=en&rclk=1,-8.6824631,115.2643001
Nyang Nyang Beach,Bali,4.5,sangat bagus,https://www.google.com/maps/place/Nyang+Nyang+Beach/data=!4m7!3m6!1s0x2dd25aa78911975b:0xc4c366fba0c88757!8m2!3d-8.8391636!4d115.0934172!16s%2Fg%2F11b69fxw5t!19sChIJW5cRiada0i0RV4fIoPtmw8Q?authuser=0&hl=en&rclk=1,-8.8391636,115.0934172
Blue Point Beach,Bali,4.6,sangat bagus,https://www.google.com/maps/place/Blue+Point+Beach/data=!4m7!3m6!1s0x2dd24ff95bd4acd1:0x80d9a039783f2deb!8m2!3d-8.8151747!4d115.0885118!16s%2Fg%2F11bwfx49rf!19sChIJ0azUW_lP0i0R6y0_eDmg2YA?authuser=0&hl=en&rclk=1,-8.8151747,115.0885118
Pantai Nusadua,Bali,4.6,sangat bagus,https://www.google.com/maps/place/Pantai+Nusadua/data=!4m7!3m6!1s0x2dd243059b5a957d:0xb06c7140099201ef!8m2!3d-8.7780556!4d115.2252778!16s%2Fg%2F11c1p5jlg8!19sChIJfZVamwVD0i0R7wGSCUBxbLA?authuser=0&hl=en&rclk=1,-8.7780556,115.2252778
Pantai Tj. Benoa,Bali,4.3,sangat bagus,https://www.google.com/maps/place/Pantai+Tj.+Benoa/data=!4m7!3m6!1s0x2dd243baf160f227:0x43adf7ca69dd4cdc!8m2!3d-8.7605624!4d115.2233375!16s%2Fg%2F1q5bkq4pj!19sChIJJ_Jg8bpD0i0R3Ezdacr3rUM?authuser=0&hl=en&rclk=1,-8.7605624,115.2233375
Pantai Nunggalan,Bali,4.6,sangat bagus,https://www.google.com/maps/place/Pantai+Nunggalan/data=!4m7!3m6!1s0x2dd25a914ff1dc61:0xcc343fbccba7e24a!8m2!3d-8.8454398!4d115.1110316!16s%2Fg%2F11bccgrsys!19sChIJYdzxT5Fa0i0RSuKny7w_NMw?authuser=0&hl=en&rclk=1,-8.8454398,115.1110316
Pantai Kayu Putih,Bali,4.3,sangat bagus,https://www.google.com/maps/place/Pantai+Kayu+Putih/data=!4m7!3m6!1s0x2dd24775e701a31b:0xc6b32c03843cee15!8m2!3d-8.6707513!4d115.1427902!16s%2Fg%2F11cjk45ms8!19sChIJG6MB53VH0i0RFe48hAMss8Y?authuser=0&hl=en&rclk=1,-8.6707513,115.1427902
Jerman Beach,Bali,4.3,sangat bagus,https://www.google.com/maps/place/Jerman+Beach/data=!4m7!3m6!1s0x2dd244206469dc8b:0x2bb10dfb9b18e426!8m2!3d-8.7355582!4d115.1626973!16s%2Fg%2F11f5d95v57!19sChIJi9xpZCBE0i0RJuQYm_sNsSs?authuser=0&hl=en&rclk=1,-8.7355582,115.1626973
Sunrise Beach,Bali,4.6,sangat bagus,https://www.google.com/maps/place/Sunrise+Beach/data=!4m7!3m6!1s0x2dd24130040b91fb:0xc14d9277f1634539!8m2!3d-8.6707861!4d115.2616849!16s%2Fg%2F11rsqyt7fk!19sChIJ-5ELBDBB0i0ROUVj8XeSTcE?authuser=0&hl=en&rclk=1,-8.6707861,115.2616849
Pantai Biaung,Bali,4.7,sangat bagus,https://www.google.com/maps/place/Pantai+Biaung/data=!4m7!3m6!1s0x2dd2419ecb58a1dd:0x6b4144cc9c1da36f!8m2!3d-8.6528433!4d115.2702633!16s%2Fg%2F11snqg6krr!19sChIJ3aFYy55B0i0Rb6MdnMxEQWs?authuser=0&hl=en&rclk=1,-8.6528433,115.2702633
"Virgin Beach, Karangasem, Bali",Bali,4.6,sangat bagus,"https://www.google.com/maps/place/Virgin+Beach,+Karangasem,+Bali/data=!4m7!3m6!1s0x2dd2087bd100001d:0xa3128aa9273f7d3e!8m2!3d-8.5014083!4d115.6105404!16s%2Fg%2F11dxl069km!19sChIJHQAA0XsI0i0RPn0_J6mKEqM?authuser=0&hl=en&rclk=1",-8.5014083,115.6105404
Sanur Beach,Bali,4.6,sangat bagus,https://www.google.com/maps/place/Sanur+Beach/data=!4m7!3m6!1s0x2dd241d8e18b1c93:0xebaefe300cdb6d43!8m2!3d-8.673641!4d115.2634709!16s%2Fg%2F11fjyz_qp5!19sChIJkxyL4dhB0i0RQ23bDDD-rus?authuser=0&hl=en&rclk=1,-8.673641,115.2634709
Pantai Purnama,Bali,4.3,sangat bagus,https://www.google.com/maps/place/Pantai+Purnama/data=!4m7!3m6!1s0x2dd215148c93693d:0x385d0c1b1fbff51b!8m2!3d-8.6192976!4d115.3099717!16s%2Fg%2F11bvt2s09y!19sChIJPWmTjBQV0i0RG_W_HxsMXTg?authuser=0&hl=en&rclk=1,-8.6192976,115.3099717
Pantai Kelating,Bali,4.4,sangat bagus,https://www.google.com/maps/place/Pantai+Kelating/data=!4m7!3m6!1s0x2dd2372cd328b009:0xbdc6df53e5522a70!8m2!3d-8.5791106!4d115.0559311!16s%2Fg%2F1pzrbn125!19sChIJCbAo0yw30i0RcCpS5VPfxr0?authuser=0&hl=en&rclk=1,-8.5791106,115.0559311
Pantai Jerman,Bali,4.6,sangat bagus,https://www.google.com/maps/place/Pantai+Jerman/data=!4m7!3m6!1s0x2dd2454f738fef01:0x4fc9033b10126d16!8m2!3d-8.7347231!4d115.1633863!16s%2Fg%2F11vc0s8myc!19sChIJAe-Pc09F0i0RFm0SEDsDyU8?authuser=0&hl=en&rclk=1,-8.7347231,115.1633863
